date,INTC
5/14/19,45.17
5/13/19,44.76
5/10/19,46.2
5/9/19,46.62
5/8/19,49.24
5/7/19,50.48
5/6/19,51.22
5/3/19,51.75
5/2/19,50.55
5/1/19,50.76
4/30/19,51.04
4/29/19,51.11
4/26/19,52.43
4/25/19,57.61
4/24/19,58.72
4/23/19,58.78
4/22/19,58.82
4/18/19,58.49
4/17/19,58.56
4/16/19,56.71
4/15/19,56.28
4/12/19,56.42
4/11/19,55.8
4/10/19,55.75
4/9/19,55.32
4/8/19,55.68
4/5/19,55.6
4/4/19,55.92
4/3/19,55.48
4/2/19,54.36
4/1/19,54.51
3/29/19,53.7
3/28/19,53.11
3/27/19,53.16
3/26/19,53.44
3/25/19,52.78
3/22/19,53.26
3/21/19,54.64
3/20/19,53.82
3/19/19,54.17
3/18/19,54.1
3/15/19,54.33
3/14/19,53.44
3/13/19,54.37
3/12/19,53.57
3/11/19,53.35
3/8/19,52.48
3/7/19,52.6
3/6/19,52.95
3/5/19,53.68
3/4/19,53.94
3/1/19,53.3
2/28/19,52.96
2/27/19,53.24
2/26/19,53.23
2/25/19,53.1
2/22/19,52.49
2/21/19,51.41
2/20/19,51.39
2/19/19,51.4
2/15/19,51.66
2/14/19,50.81
2/13/19,50.47
2/12/19,50.01
2/11/19,48.77
2/8/19,48.84
2/7/19,49.23
2/6/19,49.9
2/5/19,50.01
2/4/19,49.22
2/1/19,48.73
1/31/19,47.12
1/30/19,47.54
1/29/19,46.54
1/28/19,46.71
1/25/19,47.04
1/24/19,49.76
1/23/19,47.94
1/22/19,48.27
1/18/19,49.19
1/17/19,48.47
1/16/19,48.13
1/15/19,48.6
1/14/19,48.35
1/11/19,48.93
1/10/19,48.56
1/9/19,48.01
1/8/19,47.74
1/7/19,47.44
1/4/19,47.22
1/3/19,44.49
1/2/19,47.08
12/31/18,46.93
12/28/18,46.75
12/27/18,46.36
12/26/18,46.19
12/24/18,43.59
12/21/18,44.84
12/20/18,45.54
12/19/18,45.57
12/18/18,47.74
12/17/18,47.08
12/14/18,47.86
12/13/18,48.29
12/12/18,47.83
12/11/18,47.38
12/10/18,47.21
12/7/18,46.24
12/6/18,48.37
12/4/18,47.75
12/3/18,50.13
11/30/18,49.31
11/29/18,47.7
11/28/18,48.86
11/27/18,48.07
11/26/18,47.45
11/23/18,46.54
11/21/18,47.03
11/20/18,47.39
11/19/18,48
11/16/18,48.83
11/15/18,48.11
11/14/18,47.09
11/13/18,47.39
11/12/18,46.65
11/9/18,48.11
11/8/18,48.99
11/7/18,48.72
11/6/18,47.25
11/5/18,47.97
11/2/18,47.11
11/1/18,48.22
10/31/18,46.88
10/30/18,47.76
10/29/18,45.4
10/26/18,45.69
10/25/18,44.31
10/24/18,42.42
10/23/18,44.5
10/22/18,45.01
10/19/18,44
10/18/18,44.97
10/17/18,45.89
10/16/18,45.94
10/15/18,44.53
10/12/18,44.88
10/11/18,44.23
10/10/18,44.8
10/9/18,46.55
10/8/18,47.03
10/5/18,47.03
10/4/18,48.13
10/3/18,48.76
10/2/18,48.1
10/1/18,46.45
9/28/18,47.29
9/27/18,45.88
9/26/18,45.7
9/25/18,45.91
9/24/18,46.91
9/21/18,46.66
9/20/18,47.2
9/19/18,46.15
9/18/18,46.1
9/17/18,45.42
9/14/18,45.54
9/13/18,45.57
9/12/18,44.93
9/11/18,44.93
9/10/18,46.3
9/7/18,46.45
9/6/18,47.26
9/5/18,47.72
9/4/18,47.96
8/31/18,48.43
8/30/18,48.24
8/29/18,48.75
8/28/18,48.57
8/27/18,48.35
8/24/18,47.66
8/23/18,46.98
8/22/18,47.05
8/21/18,47.62
8/20/18,46.5
8/17/18,47.1
8/16/18,47.17
8/15/18,47.46
8/14/18,48.12
8/13/18,48.45
8/10/18,48.85
8/9/18,50.14
8/8/18,49.96
8/7/18,49.7
8/6/18,49.3
8/3/18,49.63
8/2/18,49.48
8/1/18,48.81
7/31/18,48.1
7/30/18,47.69
7/27/18,47.68
7/26/18,52.16
7/25/18,52.43
7/24/18,52.18
7/23/18,52.31
7/20/18,51.91
7/19/18,51.98
7/18/18,51.72
7/17/18,51.75
7/16/18,52.01
7/13/18,52.22
7/12/18,52.35
7/11/18,51.2
7/10/18,52.16
7/9/18,51.86
7/6/18,51.37
7/5/18,50.75
7/3/18,49.47
7/2/18,50.2
6/29/18,49.71
6/28/18,49.25
6/27/18,48.76
6/26/18,49.67
6/25/18,50.71
6/22/18,52.5
6/21/18,52.19
6/20/18,53.46
6/19/18,52.93
6/18/18,53.22
6/15/18,55.11
6/14/18,55.54
6/13/18,55.03
6/12/18,54.82
6/11/18,54.52
6/8/18,55.05
6/7/18,55.88
6/6/18,57.03
6/5/18,56.53
6/4/18,56.83
6/1/18,57.08
5/31/18,55.2
5/30/18,55.68
5/29/18,55.32
5/25/18,55.44
5/24/18,54.75
5/23/18,55.21
5/22/18,54.45
5/21/18,54.32
5/18/18,53.5
5/17/18,54.81
5/16/18,54.64
5/15/18,53.92
5/14/18,54.9
5/11/18,54.67
5/10/18,54.98
5/9/18,54.34
5/8/18,53.63
5/7/18,53.33
5/4/18,52.78
5/3/18,52.28
5/2/18,52.31
5/1/18,53.33
4/30/18,51.62
4/27/18,52.73
4/26/18,53.05
4/25/18,51.38
4/24/18,51.45
4/23/18,51.1
4/20/18,51.53
4/19/18,52.22
4/18/18,53.61
4/17/18,53.54
4/16/18,52.4
4/13/18,51.86
4/12/18,52.72
4/11/18,51.1
4/10/18,51.27
4/9/18,49.55
4/6/18,48.79
4/5/18,50.38
4/4/18,49.99
4/3/18,49.75
4/2/18,48.92
3/29/18,52.08
3/28/18,49.6
3/27/18,51.19
3/26/18,52.48
3/23/18,49.36
3/22/18,50.83
3/21/18,51.56
3/20/18,51.55
3/19/18,50.83
3/16/18,51.17
3/15/18,50.88
3/14/18,51.86
3/13/18,51.78
3/12/18,51.52
3/9/18,52.19
3/8/18,50.74
3/7/18,51.32
3/6/18,50.71
3/5/18,49.75
3/2/18,48.98
3/1/18,47.84
2/28/18,49.29
2/27/18,49.91
2/26/18,49.11
2/23/18,47.73
2/22/18,45.8
2/21/18,45.94
2/20/18,46.32
2/16/18,45.56
2/15/18,45.92
2/14/18,45.38
2/13/18,44.46
2/12/18,44.83
2/9/18,43.95
2/8/18,42.75
2/7/18,45.2
2/6/18,44.91
2/5/18,44.52
2/2/18,46.15
2/1/18,47.65
1/31/18,48.14
1/30/18,48.79
1/29/18,49.98
1/26/18,50.08
1/25/18,45.3
1/24/18,45.51
1/23/18,46.06
1/22/18,45.75
1/19/18,44.82
1/18/18,44.48
1/17/18,44.39
1/16/18,43.14
1/12/18,43.24
1/11/18,43.41
1/10/18,42.5
1/9/18,43.62
1/8/18,44.74
1/5/18,44.74
1/4/18,44.43
1/3/18,45.26
1/2/18,46.85
12/29/17,46.16
12/28/17,46.22
12/27/17,46.11
12/26/17,46.08
12/22/17,46.7
12/21/17,46.76
12/20/17,47.56
12/19/17,47.04
12/18/17,46.26
12/15/17,44.56
12/14/17,43.26
12/13/17,43.34
12/12/17,43.33
12/11/17,43.66
12/8/17,43.35
12/7/17,43.08
12/6/17,43.45
12/5/17,43.44
12/4/17,44.49
12/1/17,44.68
11/30/17,44.84
11/29/17,43.95
11/28/17,44.73
11/27/17,44.49
11/24/17,44.75
11/22/17,44.65
11/21/17,44.94
11/20/17,44.62
11/17/17,44.63
11/16/17,45.65
11/15/17,45.46
11/14/17,45.86
11/13/17,45.75
11/10/17,45.58
11/9/17,46.3
11/8/17,46.7
11/7/17,46.78
11/6/17,46.7
11/3/17,46.34
11/2/17,47.1
11/1/17,46.71
10/31/17,45.49
10/30/17,44.37
10/27/17,44.4
10/26/17,41.35
10/25/17,40.78
10/24/17,40.95
10/23/17,40.83
10/20/17,40.43
10/19/17,40.09
10/18/17,40.25
10/17/17,39.79
10/16/17,39.76
10/13/17,39.67
10/12/17,39.19
10/11/17,39.3
10/10/17,39.65
10/9/17,39.86
10/6/17,39.63
10/5/17,39.53
10/4/17,39.34
10/3/17,39.38
10/2/17,39.04
9/29/17,38.08
9/28/17,37.83
9/27/17,37.54
9/26/17,37.47
9/25/17,37.16
9/22/17,37.18
9/21/17,37.2
9/20/17,37.07
9/19/17,37.23
9/18/17,37
9/15/17,37
9/14/17,36.48
9/13/17,36.33
9/12/17,36.09
9/11/17,35.77
9/8/17,35.19
9/7/17,35.54
9/6/17,35.76
9/5/17,35.02
9/1/17,35.09
8/31/17,35.07
8/30/17,34.89
8/29/17,34.73
8/28/17,34.65
8/25/17,34.67
8/24/17,34.71
8/23/17,34.66
8/22/17,34.65
8/21/17,34.92
8/18/17,35.01
8/17/17,35.17
8/16/17,35.81
8/15/17,36
8/14/17,36.34
8/11/17,35.87
8/10/17,36.14
8/9/17,36.59
8/8/17,36.41
8/7/17,36.43
8/4/17,36.3
8/3/17,36.49
8/2/17,36.64
8/1/17,36.35
7/31/17,35.47
7/28/17,35.31
7/27/17,34.97
7/26/17,34.75
7/25/17,34.67
7/24/17,34.5
7/21/17,34.73
7/20/17,34.75
7/19/17,34.56
7/18/17,34.53
7/17/17,34.47
7/14/17,34.68
7/13/17,34.24
7/12/17,34.25
7/11/17,33.92
7/10/17,33.65
7/7/17,33.88
7/6/17,33.63
7/5/17,34.34
7/3/17,33.46
6/30/17,33.74
6/29/17,33.54
6/28/17,34.2
6/27/17,33.65
6/26/17,34.07
6/23/17,34.19
6/22/17,34.36
6/21/17,34.58
6/20/17,34.86
6/19/17,35.51
6/16/17,35.21
6/15/17,35.31
6/14/17,35.53
6/13/17,35.88
6/12/17,35.73
6/9/17,35.71
6/8/17,36.48
6/7/17,36.26
6/6/17,36.13
6/5/17,36.34
6/2/17,36.32
6/1/17,36.12
5/31/17,36.11
5/30/17,36.18
5/26/17,36.26
5/25/17,36.26
5/24/17,36.12
5/23/17,35.86
5/22/17,35.77
5/19/17,35.4
5/18/17,35.22
5/17/17,35.04
5/16/17,35.82
5/15/17,35.63
5/12/17,35.53
5/11/17,35.69
5/10/17,36.01
5/9/17,36.37
5/8/17,36.54
5/5/17,36.82
5/4/17,36.85
5/3/17,36.98
5/2/17,36.97
5/1/17,36.31
4/28/17,36.15
4/27/17,37.43
4/26/17,36.93
4/25/17,36.87
4/24/17,36.75
4/21/17,36.32
4/20/17,36.18
4/19/17,35.91
4/18/17,35.765
4/17/17,35.48
4/13/17,35.25
4/12/17,35.63
4/11/17,35.74
4/10/17,35.8
4/7/17,36.03
4/6/17,36.03
4/5/17,36.22
4/4/17,36.28
4/3/17,36.16
3/31/17,36.07
3/30/17,35.75
3/29/17,35.57
3/28/17,35.6
3/27/17,35.39
3/24/17,35.16
3/23/17,35.27
3/22/17,35.37
3/21/17,35.04
3/20/17,35.43
3/17/17,35.27
3/16/17,35.14
3/15/17,35.1
3/14/17,35.18
3/13/17,35.16
3/10/17,35.91
3/9/17,35.82
3/8/17,35.62
3/7/17,35.8
3/6/17,35.57
3/3/17,35.9
3/2/17,35.91
3/1/17,35.93
2/28/17,36.2
2/27/17,36.51
2/24/17,36.53
2/23/17,36.18
2/22/17,36.07
2/21/17,36.52
2/17/17,36.48
2/16/17,36.41
2/15/17,36.05
2/14/17,35.93
2/13/17,35.8
2/10/17,35.34
2/9/17,35.46
2/8/17,36.38
2/7/17,36.35
2/6/17,36.27
2/3/17,36.52
2/2/17,36.68
2/1/17,36.52
1/31/17,36.82
1/30/17,37.42
1/27/17,37.98
1/26/17,37.56
1/25/17,37.8
1/24/17,37.62
1/23/17,36.77
1/20/17,36.94
1/19/17,36.57
1/18/17,36.76
1/17/17,36.8
1/13/17,36.79
1/12/17,36.71
1/11/17,36.95
1/10/17,36.54
1/9/17,36.61
1/6/17,36.48
1/5/17,36.35
1/4/17,36.41
1/3/17,36.6
12/30/16,36.27
12/29/16,36.66
12/28/16,36.63
12/27/16,37.07
12/23/16,36.97
12/22/16,36.93
12/21/16,36.98
12/20/16,37.21
12/19/16,36.89
12/16/16,36.31
12/15/16,36.79
12/14/16,36.55
12/13/16,36.8
12/12/16,35.97
12/9/16,35.76
12/8/16,35.7
12/7/16,35.5
12/6/16,34.72
12/5/16,34.39
12/2/16,34.16
12/1/16,33.76
11/30/16,34.7
11/29/16,35.31
11/28/16,35.51
11/25/16,35.44
11/23/16,35.2
11/22/16,35.48
11/21/16,34.98
11/18/16,34.95
11/17/16,35.02
11/16/16,34.84
11/15/16,34.91
11/14/16,34.48
11/11/16,34.61
11/10/16,34.5
11/9/16,34.75
11/8/16,34.74
11/7/16,34.69
11/4/16,33.61
11/3/16,33.93
11/2/16,34.6
11/1/16,34.52
10/31/16,34.87
10/28/16,34.74
10/27/16,34.81
10/26/16,34.92
10/25/16,35.1
10/24/16,35.26
10/21/16,35.15
10/20/16,35.43
10/19/16,35.51
10/18/16,37.75
10/17/16,37.29
10/14/16,37.45
10/13/16,36.97
10/12/16,37.13
10/11/16,37.27
10/10/16,38.02
10/7/16,38.1
10/6/16,38.07
10/5/16,37.99
10/4/16,37.54
10/3/16,37.66
9/30/16,37.75
9/29/16,37.32
9/28/16,37.44
9/27/16,37.18
9/26/16,36.65
9/23/16,37.19
9/22/16,37.55
9/21/16,37.45
9/20/16,37.14
9/19/16,37.16
9/16/16,37.67
9/15/16,36.56
9/14/16,35.62
9/13/16,35.61
9/12/16,36.08
9/9/16,35.44
9/8/16,36.44
9/7/16,36.46
9/6/16,36.57
9/2/16,36.08
9/1/16,36.02
8/31/16,35.89
8/30/16,35.7
8/29/16,35.55
8/26/16,35.26
8/25/16,35.09
8/24/16,35.15
8/23/16,35.4
8/22/16,35.36
8/19/16,35.24
8/18/16,34.97
8/17/16,35.02
8/16/16,35.21
8/15/16,34.91
8/12/16,34.57
8/11/16,34.68
8/10/16,34.53
8/9/16,34.92
8/8/16,35.04
8/5/16,34.98
8/4/16,34.58
8/3/16,34.25
8/2/16,34.56
8/1/16,34.85
7/29/16,34.86
7/28/16,34.77
7/27/16,34.83
7/26/16,35.09
7/25/16,34.69
7/22/16,34.66
7/21/16,34.27
7/20/16,35.69
7/19/16,35.15
7/18/16,35.05
7/15/16,35.07
7/14/16,35.2
7/13/16,35.01
7/12/16,34.94
7/11/16,34.38
7/8/16,34
7/7/16,33.2
7/6/16,32.97
7/5/16,32.68
7/1/16,32.75
6/30/16,32.8
6/29/16,31.93
6/28/16,31.19
6/27/16,30.72
6/24/16,31.55
6/23/16,32.99
6/22/16,32.29
6/21/16,32.32
6/20/16,32.17
6/17/16,31.76
6/16/16,31.69
6/15/16,31.61
6/14/16,32.14
6/13/16,32.17
6/10/16,32.04
6/9/16,31.94
6/8/16,31.89
6/7/16,31.88
6/6/16,31.68
6/3/16,31.62
6/2/16,31.76
6/1/16,31.66
5/31/16,31.59
5/27/16,31.57
5/26/16,31.49
5/25/16,31.39
5/24/16,31.06
5/23/16,30.23
5/20/16,30.15
5/19/16,29.63
5/18/16,29.99
5/17/16,29.98
5/16/16,30.39
5/13/16,29.91
5/12/16,29.76
5/11/16,30.06
5/10/16,30.14
5/9/16,29.8
5/6/16,30.04
5/5/16,29.9
5/4/16,29.85
5/3/16,30.36
5/2/16,30.61
4/29/16,30.28
4/28/16,31.11
4/27/16,31.75
4/26/16,31.4
4/25/16,31.39
4/22/16,31.64
4/21/16,31.97
4/20/16,32
4/19/16,31.6
4/18/16,31.65
4/15/16,31.46
4/14/16,31.8
4/13/16,32.13
4/12/16,31.86
4/11/16,31.67
4/8/16,31.63
4/7/16,31.55
4/6/16,32.08
4/5/16,31.9
4/4/16,32
4/1/16,32.45
3/31/16,32.35
3/30/16,32.71
3/29/16,32.38
3/28/16,31.9
3/24/16,31.88
3/23/16,32
3/22/16,32.32
3/21/16,32.34
3/18/16,32.68
3/17/16,31.98
3/16/16,31.69
3/15/16,31.65
3/14/16,31.43
3/11/16,31.76
3/10/16,31.25
3/9/16,30.865
3/8/16,30.56
3/7/16,30.94
3/4/16,30.63
3/3/16,30.58
3/2/16,30.54
3/1/16,30.37
2/29/16,29.59
2/26/16,29.8
2/25/16,29.62
2/24/16,29.19
2/23/16,28.8
2/22/16,29.35
2/19/16,28.71
2/18/16,29.42
2/17/16,29.47
2/16/16,28.78
2/12/16,28.64
2/11/16,28.22
2/10/16,28.23
2/9/16,28.81
2/8/16,28.82
2/5/16,29.04
2/4/16,29.77
2/3/16,29.34
2/2/16,29.8
2/1/16,30.82
1/29/16,31.02
1/28/16,29.97
1/27/16,29.81
1/26/16,29.94
1/25/16,29.6
1/22/16,29.925
1/21/16,29.66
1/20/16,29.59
1/19/16,29.8
1/15/16,29.76
1/14/16,32.74
1/13/16,31.91
1/12/16,32.68
1/11/16,32.06
1/8/16,31.51
1/7/16,31.84
1/6/16,33.08
1/5/16,33.83
1/4/16,33.99
12/31/15,34.45
12/30/15,34.99
12/29/15,35.44
12/28/15,34.93
12/24/15,34.98
12/23/15,35
12/22/15,34.73
12/21/15,34.24
12/18/15,33.865
12/17/15,34.91
12/16/15,35.3
12/15/15,35.18
12/14/15,34.47
12/11/15,34.27
12/10/15,34.77
12/9/15,34.81
12/8/15,34.75
12/7/15,34.985
12/4/15,34.935
12/3/15,34.04
12/2/15,34.83
12/1/15,35.09
11/30/15,34.77
11/27/15,34.46
11/25/15,34.45
11/24/15,34.36
11/23/15,34.48
11/20/15,34.66
11/19/15,34.3
11/18/15,33.16
11/17/15,32.64
11/16/15,32.1
11/13/15,32.11
11/12/15,32.4
11/11/15,32.86
11/10/15,33.21
11/9/15,33.35
11/6/15,33.84
11/5/15,34
11/4/15,34.15
11/3/15,34.31
11/2/15,34.11
10/30/15,33.86
10/29/15,34.03
10/28/15,34.71
10/27/15,34.47
10/26/15,34.59
10/23/15,34.9
10/22/15,34.4
10/21/15,33.37
10/20/15,33.44
10/19/15,33.59
10/16/15,33.04
10/15/15,32.75
10/14/15,32.8
10/13/15,32.04
10/12/15,32.21
10/9/15,32.14
10/8/15,32.52
10/7/15,32.315
10/6/15,31.74
10/5/15,31.21
10/2/15,30.51
10/1/15,30
9/30/15,30.14
9/29/15,29.24
9/28/15,28.76
9/25/15,28.81
9/24/15,28.48
9/23/15,28.74
9/22/15,28.67
9/21/15,29.16
9/18/15,29.02
9/17/15,29.71
9/16/15,29.77
9/15/15,29.73
9/14/15,29.39
9/11/15,29.47
9/10/15,29.27
9/9/15,29.24
9/8/15,29.5
9/4/15,28.52
9/3/15,29.08
9/2/15,28.6
9/1/15,27.82
8/31/15,28.54
8/28/15,28.42
8/27/15,27.72
8/26/15,27.3
8/25/15,25.87
8/24/15,26.25
8/21/15,26.56
8/20/15,27.53
8/19/15,28.36
8/18/15,28.91
8/17/15,29.08
8/14/15,29.02
8/13/15,28.87
8/12/15,29.46
8/11/15,28.97
8/10/15,29.64
8/7/15,28.88
8/6/15,29.01
8/5/15,29.12
8/4/15,29.13
8/3/15,29.05
7/31/15,28.95
7/30/15,28.91
7/29/15,29.01
7/28/15,28.96
7/27/15,28.35
7/24/15,28.06
7/23/15,28.595
7/22/15,28.605
7/21/15,28.72
7/20/15,29.1
7/17/15,29.47
7/16/15,29.9
7/15/15,29.69
7/14/15,29.65
7/13/15,29.73
7/10/15,29.17
7/9/15,28.93
7/8/15,29.5
7/7/15,29.9
7/6/15,30.04
7/2/15,30.555
7/1/15,30.18
6/30/15,30.415
6/29/15,30.39
6/26/15,31.02
6/25/15,31.99
6/24/15,31.91
6/23/15,32.085
6/22/15,32.26
6/19/15,32.07
6/18/15,32.38
6/17/15,31.95
6/16/15,31.635
6/15/15,31.39
6/12/15,31.32
6/11/15,31.85
6/10/15,31.82
6/9/15,31.25
6/8/15,31.3
6/5/15,31.84
6/4/15,32.31
6/3/15,32.73
6/2/15,33.27
6/1/15,33.905
5/29/15,34.46
5/28/15,34.01
5/27/15,33.71
5/26/15,33.105
5/22/15,33.45
5/21/15,33.55
5/20/15,33.37
5/19/15,33.15
5/18/15,33.41
5/15/15,32.99
5/14/15,32.97
5/13/15,32.64
5/12/15,32.25
5/11/15,32.69
5/8/15,32.8
5/7/15,32.245
5/6/15,32.22
5/5/15,32.64
5/4/15,33.43
5/1/15,33.42
4/30/15,32.55
4/29/15,32.885
4/28/15,33.02
4/27/15,32.5
4/24/15,32.08
4/23/15,32.35
4/22/15,32.7
4/21/15,32.43
4/20/15,32.73
4/17/15,32.47
4/16/15,32.87
4/15/15,32.83
4/14/15,31.49
4/13/15,31.73
4/10/15,31.93
4/9/15,31.24
4/8/15,31.31
4/7/15,31.26
4/6/15,31.04
4/2/15,30.81
4/1/15,30.81
3/31/15,31.27
3/30/15,31.46
3/27/15,32
3/26/15,30.08
3/25/15,29.89
3/24/15,30.79
3/23/15,31.2
3/20/15,31.31
3/19/15,30.74
3/18/15,30.89
3/17/15,30.59
3/16/15,30.83
3/13/15,30.93
3/12/15,30.8
3/11/15,32.33
3/10/15,31.7
3/9/15,32.72
3/6/15,33.19
3/5/15,33.73
3/4/15,34.12
3/3/15,34.095
3/2/15,34.06
2/27/15,33.25
2/26/15,33.65
2/25/15,33.945
2/24/15,34.41
2/23/15,33.76
2/20/15,34.41
2/19/15,34.21
2/18/15,34.265
2/17/15,34.735
2/13/15,34.36
2/12/15,34.125
2/11/15,33.55
2/10/15,33.7
2/9/15,32.93
2/6/15,33.295
2/5/15,33.94
2/4/15,33.6
2/3/15,33.7
2/2/15,33.65
1/30/15,33.04
1/29/15,34.21
1/28/15,33.775
1/27/15,34.185
1/26/15,35.805
1/23/15,36.445
1/22/15,36.91
1/21/15,36.48
1/20/15,36.09
1/16/15,36.45
1/15/15,36.19
1/14/15,36.35
1/13/15,36.5
1/12/15,36.6
1/9/15,36.76
1/8/15,36.69
1/7/15,36.02
1/6/15,35.28
1/5/15,35.95
1/2/15,36.36
12/31/14,36.29
12/30/14,36.76
12/29/14,37.18
12/26/14,37.55
12/24/14,37.44
12/23/14,37.43
12/22/14,37.21
12/19/14,36.37
12/18/14,37.02
12/17/14,36.24
12/16/14,35.56
12/15/14,35.92
12/12/14,36.225
12/11/14,36.7
12/10/14,36.42
12/9/14,36.89
12/8/14,37.2
12/5/14,37.67
12/4/14,37.46
12/3/14,37.43
12/2/14,37.6
12/1/14,37.17
11/28/14,37.25
11/26/14,36.9
11/25/14,36.32
11/24/14,36.25
11/21/14,35.59
11/20/14,35.95
11/19/14,34.35
11/18/14,34.71
11/17/14,34.24
11/14/14,33.95
11/13/14,33.68
11/12/14,33.38
11/11/14,33.31
11/10/14,33.26
11/7/14,33.58
11/6/14,33.82
11/5/14,33.76
11/4/14,34.54
11/3/14,34.31
10/31/14,34.01
10/30/14,32.58
10/29/14,33.92
10/28/14,33.74
10/27/14,33.2
10/24/14,33.18
10/23/14,32.69
10/22/14,32.27
10/21/14,32.61
10/20/14,31.58
10/17/14,31.38
10/16/14,30.85
10/15/14,31.275
10/14/14,32.14
10/13/14,31.47
10/10/14,31.91
10/9/14,33.62
10/8/14,34.27
10/7/14,33.47
10/6/14,34.11
10/3/14,34.03
10/2/14,33.52
10/1/14,33.99
9/30/14,34.82
9/29/14,34.9
9/26/14,34.26
9/25/14,34.14
9/24/14,34.75
9/23/14,34.42
9/22/14,34.71
9/19/14,34.82
9/18/14,35.17
9/17/14,34.98
9/16/14,34.93
9/15/14,34.54
9/12/14,34.62
9/11/14,35.02
9/10/14,35.02
9/9/14,34.91
9/8/14,35.33
9/5/14,35
9/4/14,34.905
9/3/14,34.57
9/2/14,34.57
8/29/14,34.92
8/28/14,34.65
8/27/14,34.79
8/26/14,34.8
8/25/14,34.81
8/22/14,34.94
8/21/14,35.15
8/20/14,34.5
8/19/14,34.34
8/18/14,34.41
8/15/14,34.17
8/14/14,33.94
8/13/14,34.1
8/12/14,33.13
8/11/14,33.02
8/8/14,32.6
8/7/14,32.68
8/6/14,32.845
8/5/14,32.82
8/4/14,34.05
8/1/14,33.745
7/31/14,33.89
7/30/14,34.35
7/29/14,34.19
7/28/14,34.23
7/25/14,34.25
7/24/14,34.25
7/23/14,34.5
7/22/14,34.7901
7/21/14,34.06
7/18/14,33.7
7/17/14,33.7
7/16/14,34.65
7/15/14,31.71
7/14/14,31.49
7/11/14,31.25
7/10/14,31.26
7/9/14,30.89
7/8/14,30.79
7/7/14,31.03
7/3/14,31.14
7/2/14,30.98
7/1/14,30.98
6/30/14,30.9
6/27/14,30.93
6/26/14,30.78
6/25/14,30.88
6/24/14,30.5
6/23/14,30.23
6/20/14,30.2
6/19/14,30.09
6/18/14,29.93
6/17/14,29.95
6/16/14,30.01
6/13/14,29.87
6/12/14,27.96
6/11/14,27.93
6/10/14,28.24
6/9/14,27.91
6/6/14,28.17
6/5/14,27.66
6/4/14,27.6
6/3/14,27.66
6/2/14,27.26
5/30/14,27.32
5/29/14,26.96
5/28/14,26.88
5/27/14,26.71
5/23/14,26.289
5/22/14,26.15
5/21/14,26.2
5/20/14,26.04
5/19/14,26.04
5/16/14,25.82
5/15/14,26.01
5/14/14,26.33
5/13/14,26.45
5/12/14,26.37
5/9/14,26.3
5/8/14,26.34
5/7/14,26.37
5/6/14,26.2
5/5/14,26.17
5/2/14,26.41
5/1/14,26.45
4/30/14,26.69
4/29/14,26.48
4/28/14,26.33
4/25/14,26.26
4/24/14,26.75
4/23/14,26.75
4/22/14,26.84
4/21/14,26.95
4/17/14,27.04
4/16/14,26.93
4/15/14,26.77
4/14/14,26.56
4/11/14,26.1799
4/10/14,26.425
4/9/14,26.98
4/8/14,26.91
4/7/14,26.485
4/4/14,26.16
4/3/14,26.41
4/2/14,25.89
4/1/14,25.99
3/31/14,25.814
3/28/14,25.62
3/27/14,25.31
3/26/14,25.3772
3/25/14,25.46
3/24/14,25.12
3/21/14,25.17
3/20/14,25.425
3/19/14,25.02
3/18/14,24.82
3/17/14,24.7
3/14/14,24.5
3/13/14,24.57
3/12/14,24.76
3/11/14,24.73
3/10/14,24.84
3/7/14,24.64
3/6/14,24.63
3/5/14,24.5
3/4/14,24.61
3/3/14,24.5
2/28/14,24.76
2/27/14,24.76
2/26/14,24.8
2/25/14,24.62
2/24/14,24.63
2/21/14,24.42
2/20/14,24.74
2/19/14,24.5
2/18/14,24.76
2/14/14,24.755
2/13/14,24.7
2/12/14,24.55
2/11/14,24.47
2/10/14,24.29
2/7/14,24.205
2/6/14,23.99
2/5/14,23.52
2/4/14,23.82
2/3/14,23.95
1/31/14,24.54
1/30/14,24.74
1/29/14,24.68
1/28/14,24.9
1/27/14,24.72
1/24/14,24.81
1/23/14,25.13
1/22/14,25.31
1/21/14,25.59
1/17/14,25.85
1/16/14,26.54
1/15/14,26.67
1/14/14,26.51
1/13/14,25.5
1/10/14,25.53
1/9/14,25.31
1/8/14,25.43
1/7/14,25.585
1/6/14,25.46
1/3/14,25.78
1/2/14,25.79
12/31/13,25.955
12/30/13,25.85
12/27/13,25.6
12/26/13,25.7
12/24/13,25.43
12/23/13,25.32
12/20/13,25.055
12/19/13,25.14
12/18/13,25.15
12/17/13,24.655
12/16/13,24.45
12/13/13,24.29
12/12/13,24.47
12/11/13,24.42
12/10/13,24.82
12/9/13,24.93
12/6/13,24.82
12/5/13,24.26
12/4/13,23.74
12/3/13,23.55
12/2/13,23.7
11/29/13,23.84
11/27/13,23.9
11/26/13,23.65
11/25/13,23.75
11/22/13,23.87
11/21/13,25.23
11/20/13,24.56
11/19/13,24.7
11/18/13,24.6
11/15/13,24.52
11/14/13,24.385
11/13/13,24.6
11/12/13,24.43
11/11/13,24.169
11/8/13,24.09
11/7/13,24.059
11/6/13,24.245
11/5/13,24.03
11/4/13,24.255
11/1/13,24.325
10/31/13,24.47
10/30/13,24.495
10/29/13,24.523
10/28/13,24.36
10/25/13,24.235
10/24/13,23.78
10/23/13,23.735
10/22/13,24.071
10/21/13,24.135
10/18/13,23.875
10/17/13,23.92
10/16/13,23.695
10/15/13,23.39
10/14/13,23.45
10/11/13,23.255
10/10/13,23.1
10/9/13,22.59
10/8/13,22.48
10/7/13,22.83
10/4/13,22.81
10/3/13,22.6
10/2/13,22.885
10/1/13,22.83
9/30/13,22.921
9/27/13,22.98
9/26/13,23.41
9/25/13,23.7
9/24/13,23.705
9/23/13,23.62
9/20/13,23.769
9/19/13,23.915
9/18/13,23.9
9/17/13,23.74
9/16/13,23.39
9/13/13,23.44
9/12/13,22.63
9/11/13,22.81
9/10/13,22.985
9/9/13,22.91
9/6/13,22.67
9/5/13,22.6
9/4/13,22.635
9/3/13,22.067
8/30/13,21.98
8/29/13,22.06
8/28/13,22.285
8/27/13,22.191
8/26/13,22.275
8/23/13,22.44
8/22/13,22.26
8/21/13,22.17
8/20/13,22.523
8/19/13,22.28
8/16/13,21.915
8/15/13,22.03
8/14/13,22.57
8/13/13,22.52
8/12/13,22.64
8/9/13,22.51
8/8/13,22.45
8/7/13,22.7
8/6/13,22.8
8/5/13,22.924
8/2/13,23.22
8/1/13,23.2
7/31/13,23.335
7/30/13,23.38
7/29/13,23.24
7/26/13,23.26
7/25/13,23.06
7/24/13,22.93
7/23/13,22.75
7/22/13,22.77
7/19/13,23.04
7/18/13,23.244
7/17/13,24.15
7/16/13,24.25
7/15/13,23.94
7/12/13,23.9
7/11/13,23.99
7/10/13,23.25
7/9/13,23.135
7/8/13,23.185
7/5/13,24.06
7/3/13,23.762
7/2/13,23.72
7/1/13,23.886
6/28/13,24.23
6/27/13,24.05
6/26/13,24.005
6/25/13,23.88
6/24/13,23.58
6/21/13,24.195
6/20/13,24.185
6/19/13,25
6/18/13,25.465
6/17/13,25.1
6/14/13,24.92
6/13/13,24.99
6/12/13,24.46
6/11/13,24.71
6/10/13,25.01
6/7/13,24.59
6/6/13,24.65
6/5/13,24.7
6/4/13,25.36
6/3/13,25.24
5/31/13,24.28
5/30/13,24.21
5/29/13,24.27
5/28/13,24.08
5/24/13,23.923
5/23/13,24.05
5/22/13,24.07
5/21/13,24.15
5/20/13,24.08
5/17/13,24.04
5/16/13,23.94
5/15/13,24.2
5/14/13,23.84
5/13/13,24.08
5/10/13,24.5
5/9/13,24.36
5/8/13,24.25
5/7/13,24.15
5/6/13,23.91
5/3/13,23.96
5/2/13,24.11
5/1/13,23.99
4/30/13,23.95
4/29/13,23.76
4/26/13,23.4
4/25/13,23.38
4/24/13,23.66
4/23/13,23.375
4/22/13,22.88
4/19/13,22.44
4/18/13,22.24
4/17/13,21.93
4/16/13,21.915
4/15/13,21.38
4/12/13,21.675
4/11/13,21.825
4/10/13,22.26
4/9/13,21.75
4/8/13,21.09
4/5/13,20.94
4/4/13,21.135
4/3/13,21.05
4/2/13,21.455
4/1/13,21.43
3/28/13,21.835
3/27/13,21.83
3/26/13,21.765
3/25/13,21.15
3/22/13,21.33
3/21/13,21.04
3/20/13,21.18
3/19/13,21.14
3/18/13,21.26
3/15/13,21.375
3/14/13,21.65
3/13/13,21.655
3/12/13,21.64
3/11/13,21.69
3/8/13,21.58
3/7/13,21.89
3/6/13,21.75
3/5/13,21.51
3/4/13,21.27
3/1/13,21.03
2/28/13,20.88
2/27/13,20.93
2/26/13,20.58
2/25/13,20.23
2/22/13,20.42
2/21/13,20.25
2/20/13,20.73
2/19/13,21.085
2/15/13,21.115
2/14/13,21.23
2/13/13,21.25
2/12/13,21.19
2/11/13,21.03
2/8/13,21
2/7/13,20.81
2/6/13,20.99
2/5/13,21.1784
2/4/13,21.16
2/1/13,21.355
1/31/13,21.04
1/30/13,21.37
1/29/13,21.28
1/28/13,21.05
1/25/13,20.96
1/24/13,20.95
1/23/13,21.11
1/22/13,21.17
1/18/13,21.25
1/17/13,22.68
1/16/13,22.11
1/15/13,21.88
1/14/13,21.999
1/11/13,22
1/10/13,21.8
1/9/13,21.45
1/8/13,21.09
1/7/13,21.25
1/4/13,21.16
1/3/13,21.32
1/2/13,21.38
12/31/12,20.62
12/28/12,20.23
12/27/12,20.51
12/26/12,20.65
12/24/12,20.64
12/21/12,20.765
12/20/12,21.0293
12/19/12,21.1
12/18/12,20.96
12/17/12,20.57
12/14/12,20.5267
12/13/12,20.49
12/12/12,20.67
12/11/12,20.65
12/10/12,20.08
12/7/12,20.155
12/6/12,20.16
12/5/12,19.85
12/4/12,19.9694
12/3/12,19.54
11/30/12,19.565
11/29/12,19.53
11/28/12,20.09
11/27/12,19.93
11/26/12,19.885
11/23/12,19.72
11/21/12,19.36
11/20/12,19.5132
11/19/12,20.25
11/16/12,20.19
11/15/12,20.03
11/14/12,19.96
11/13/12,20.28
11/12/12,20.765
11/9/12,20.8
11/8/12,20.83
11/7/12,20.91
11/6/12,21.73
11/5/12,21.8391
11/2/12,22.06
11/1/12,22.26
10/31/12,21.63
10/26/12,21.95
10/25/12,21.69
10/24/12,21.46
10/23/12,21.59
10/22/12,21.46
10/19/12,21.265
10/18/12,21.67
10/17/12,21.79
10/16/12,22.35
10/15/12,21.73
10/12/12,21.4803
10/11/12,21.68
10/10/12,21.76
10/9/12,21.9
10/8/12,22.51
10/5/12,22.68
10/4/12,22.465
10/3/12,22.55
10/2/12,22.84
10/1/12,22.755
9/28/12,22.655
9/27/12,23.085
9/26/12,22.645
9/25/12,22.535
9/24/12,22.795
9/21/12,23.125
9/20/12,23.1788
9/19/12,23.15
9/18/12,23.37
9/17/12,23.31
9/14/12,23.37
9/13/12,23.355
9/12/12,23.19
9/11/12,23.34
9/10/12,23.26
9/7/12,24.19
9/6/12,25.095
9/5/12,24.39
9/4/12,24.415
8/31/12,24.83
8/30/12,24.27
8/29/12,24.668
8/28/12,25
8/27/12,24.84
8/24/12,24.91
8/23/12,25.04
8/22/12,25.73
8/21/12,26.11
8/20/12,26.23
8/17/12,26.33
8/16/12,26.59
8/15/12,26.27
8/14/12,26.48
8/13/12,26.69
8/10/12,26.88
8/9/12,26.7
8/8/12,26.6
8/7/12,26.5
8/6/12,26.31
8/3/12,26.23
8/2/12,25.91
8/1/12,25.93
7/31/12,25.7
7/30/12,25.76
7/27/12,26.02
7/26/12,25.5
7/25/12,25.13
7/24/12,25.005
7/23/12,25.26
7/20/12,25.52
7/19/12,26.06
7/18/12,26.21
7/17/12,25.38
7/16/12,25.13
7/13/12,25.25
7/12/12,24.74
7/11/12,25.39
7/10/12,25.56
7/9/12,26.17
7/6/12,26.155
7/5/12,26.55
7/3/12,26.86
7/2/12,26.665
6/29/12,26.65
6/28/12,25.83
6/27/12,26.22
6/26/12,26.005
6/25/12,26.05
6/22/12,26.935
6/21/12,26.71
6/20/12,27.64
6/19/12,27.51
6/18/12,27.42
6/15/12,27.34
6/14/12,26.98
6/13/12,26.54
6/12/12,26.52
6/11/12,25.985
6/8/12,26.41
6/7/12,25.94
6/6/12,26.07
6/5/12,25.43
6/4/12,25.04
6/1/12,25.14
5/31/12,25.84
5/30/12,26.13
5/29/12,26.09
5/25/12,25.74
5/24/12,25.65
5/23/12,25.44
5/22/12,26.03
5/21/12,26.15
5/18/12,26.07
5/17/12,26.19
5/16/12,26.495
5/15/12,26.88
5/14/12,27.015
5/11/12,27.63
5/10/12,27.24
5/9/12,27.19
5/8/12,27.37
5/7/12,27.76
5/4/12,27.9
5/3/12,28.56
5/2/12,29.18
5/1/12,28.95
4/30/12,28.395
4/27/12,28.38
4/26/12,28.22
4/25/12,27.86
4/24/12,27.31
4/23/12,27.45
4/20/12,27.6
4/19/12,27.69
4/18/12,27.95
4/17/12,28.47
4/16/12,28.405
4/13/12,28.09
4/12/12,28.48
4/11/12,27.85
4/10/12,27.45
4/9/12,27.76
4/5/12,28.07
4/4/12,27.93
4/3/12,28.11
4/2/12,28.38
3/30/12,28.115
3/29/12,28.16
3/28/12,27.8
3/27/12,28.19
3/26/12,28.19
3/23/12,27.875
3/22/12,27.895
3/21/12,27.775
3/20/12,27.75
3/19/12,27.74
3/16/12,27.73
3/15/12,27.75
3/14/12,27.46
3/13/12,27.49
3/12/12,26.985
3/9/12,27.07
3/8/12,26.84
3/7/12,26.91
3/6/12,26.605
3/5/12,26.54
3/2/12,26.915
3/1/12,26.86
2/29/12,26.88
2/28/12,27.24
2/27/12,26.89
2/24/12,26.7
2/23/12,26.66
2/22/12,26.73
2/21/12,27.16
2/17/12,27.37
2/16/12,26.825
2/15/12,26.58
2/14/12,26.78
2/13/12,26.7
2/10/12,26.695
2/9/12,26.86
2/8/12,26.85
2/7/12,26.64
2/6/12,26.72
2/3/12,26.74
2/2/12,26.49
2/1/12,26.55
1/31/12,26.42
1/30/12,26.74
1/27/12,26.73
1/26/12,26.75
1/25/12,26.9
1/24/12,26.895
1/23/12,26.71
1/20/12,26.38
1/19/12,25.63
1/18/12,25.39
1/17/12,25.04
1/13/12,25.14
1/12/12,25.75
1/11/12,25.8
1/10/12,25.59
1/9/12,25.465
1/6/12,25.25
1/5/12,25.4
1/4/12,25.11
1/3/12,24.54
12/30/11,24.25
12/29/11,24.55
12/28/11,24.225
12/27/11,24.56
12/23/11,24.4
12/22/11,24.02
12/21/11,23.68
12/20/11,23.84
12/19/11,23.095
12/16/11,23.23
12/15/11,23.31
12/14/11,23.31
12/13/11,23.56
12/12/11,24
12/9/11,25.01
12/8/11,24.71
12/7/11,25.66
12/6/11,25.35
12/5/11,25.01
12/2/11,24.64
12/1/11,24.92
11/30/11,24.91
11/29/11,23.58
11/28/11,23.46
11/25/11,22.73
11/23/11,22.7
11/22/11,23.24
11/21/11,23.57
11/18/11,24.29
11/17/11,24.34
11/16/11,24.94
11/15/11,25.34
11/14/11,24.63
11/11/11,24.85
11/10/11,24.06
11/9/11,23.84
11/8/11,24.75
11/7/11,24.28
11/4/11,23.74
11/3/11,24.2
11/2/11,23.85
11/1/11,23.9
10/31/11,24.54
10/28/11,24.98
10/27/11,25.13
10/26/11,24.7
10/25/11,24.63
10/24/11,24.59
10/21/11,24.03
10/20/11,23.61
10/19/11,24.24
10/18/11,23.4
10/17/11,23.28
10/14/11,23.5
10/13/11,23.39
10/12/11,23.12
10/11/11,22.99
10/10/11,22.88
10/7/11,22.29
10/6/11,22.03
10/5/11,21.85
10/4/11,21.22
10/3/11,20.62
9/30/11,21.335
9/29/11,22.21
9/28/11,22.31
9/27/11,22.54
9/26/11,22.24
9/23/11,22.16
9/22/11,21.615
9/21/11,21.94
9/20/11,22.2
9/19/11,21.93
9/16/11,21.97
9/15/11,21.54
9/14/11,21.115
9/13/11,20.76
9/12/11,20.28
9/9/11,19.7
9/8/11,19.895
9/7/11,20.08
9/6/11,19.54
9/2/11,19.64
9/1/11,19.99
8/31/11,20.13
8/30/11,20.24
8/29/11,20.295
8/26/11,19.77
8/25/11,19.42
8/24/11,19.8
8/23/11,19.71
8/22/11,19.38
8/19/11,19.19
8/18/11,19.77
8/17/11,20.67
8/16/11,20.79
8/15/11,20.89
8/12/11,20.65
8/11/11,20.76
8/10/11,19.93
8/9/11,20.6
8/8/11,20.11
8/5/11,20.79
8/4/11,20.85
8/3/11,21.81
8/2/11,21.72
8/1/11,22.24
7/29/11,22.33
7/28/11,22.55
7/27/11,22.53
7/26/11,22.895
7/25/11,23.03
7/22/11,23.13
7/21/11,22.81
7/20/11,22.99
7/19/11,23.06
7/18/11,22.28
7/15/11,22.37
7/14/11,22.27
7/13/11,22.48
7/12/11,22.45
7/11/11,22.85
7/8/11,23.09
7/7/11,23.23
7/6/11,22.75
7/5/11,22.44
7/1/11,22.53
6/30/11,22.16
6/29/11,21.39
6/28/11,21.49
6/27/11,21.34
6/24/11,21.2
6/23/11,21.71
6/22/11,21.395
6/21/11,21.65
6/20/11,21.325
6/17/11,21.19
6/16/11,21.42
6/15/11,21.42
6/14/11,21.82
6/13/11,21.385
6/10/11,21.38
6/9/11,21.76
6/8/11,21.82
6/7/11,22.06
6/6/11,21.829
6/3/11,21.73
6/2/11,22.085
6/1/11,22
5/31/11,22.51
5/27/11,22.21
5/26/11,22.5
5/25/11,22.68
5/24/11,22.61
5/23/11,22.86
5/20/11,23.22
5/19/11,23.54
5/18/11,23.88
5/17/11,23.55
5/16/11,23.64
5/13/11,23.41
5/12/11,23.705
5/11/11,23.41
5/10/11,23.03
5/9/11,22.76
5/6/11,23.25
5/5/11,23.61
5/4/11,23.5
5/3/11,23.23
5/2/11,22.91
4/29/11,23.15
4/28/11,22.8
4/27/11,22.63
4/26/11,22.48
4/25/11,21.94
4/21/11,21.46
4/20/11,21.41
4/19/11,19.86
4/18/11,19.62
4/15/11,19.75
4/14/11,19.58
4/13/11,19.78
4/12/11,19.76
4/11/11,20.12
4/8/11,20.02
4/7/11,20.03
4/6/11,19.95
4/5/11,19.71
4/4/11,19.49
4/1/11,19.72
3/31/11,20.18
3/30/11,20.46
3/29/11,20.28
3/28/11,20.34
3/25/11,20.37
3/24/11,20.38
3/23/11,20.29
3/22/11,20.145
3/21/11,20.19
3/18/11,19.93
3/17/11,19.9
3/16/11,19.8075
3/15/11,20.18
3/14/11,20.84
3/11/11,20.87
3/10/11,20.79
3/9/11,21.2
3/8/11,21.13
3/7/11,21.21
3/4/11,21.56
3/3/11,21.79
3/2/11,21.49
3/1/11,21.39
2/28/11,21.47
2/25/11,21.86
2/24/11,21.285
2/23/11,21.15
2/22/11,21.81
2/18/11,22.14
2/17/11,21.97
2/16/11,21.75
2/15/11,21.45
2/14/11,21.57
2/11/11,21.76
2/10/11,21.8
2/9/11,21.46
2/8/11,21.635
2/7/11,21.69
2/4/11,21.68
2/3/11,21.57
2/2/11,21.56
2/1/11,21.48
1/31/11,21.46
1/28/11,21.46
1/27/11,21.75
1/26/11,21.75
1/25/11,21.55
1/24/11,21.24
1/21/11,20.82
1/20/11,20.95
1/19/11,21.01
1/18/11,21.0825
1/14/11,21.08
1/13/11,21.29
1/12/11,21.3025
1/11/11,21.05
1/10/11,20.69
1/7/11,20.66
1/6/11,20.77
1/5/11,20.94
1/4/11,21.15
1/3/11,20.85
12/31/10,21.03
12/30/10,21.02
12/29/10,20.94
12/28/10,20.88
12/27/10,20.84
12/23/10,20.84
12/22/10,20.89
12/21/10,21.1
12/20/10,21.23
12/17/10,21.46
12/16/10,21.3
12/15/10,21.28
12/14/10,21.47
12/13/10,21.5
12/10/10,21.91
12/9/10,21.81
12/8/10,21.82
12/7/10,21.58
12/6/10,21.7
12/3/10,21.69
12/2/10,21.7
12/1/10,21.48
11/30/10,21.1575
11/29/10,21.33
11/26/10,21.34
11/24/10,21.3875
11/23/10,21.0875
11/22/10,21.25
11/19/10,21.135
11/18/10,21.015
11/17/10,21.08
11/16/10,21.07
11/15/10,21.295
11/12/10,21.53
11/11/10,21.21
11/10/10,21.04
11/9/10,21.16
11/8/10,21.23
11/5/10,21.24
11/4/10,20.97
11/3/10,20.48
11/2/10,20.34
11/1/10,20.57
10/29/10,20.05
10/28/10,20.47
10/27/10,20.19
10/26/10,20.04
10/25/10,19.87
10/22/10,19.835
10/21/10,19.76
10/20/10,19.64
10/19/10,19.21
10/18/10,19.19
10/15/10,19.32
10/14/10,19.32
10/13/10,19.24
10/12/10,19.77
10/11/10,19.56
10/8/10,19.52
10/7/10,19.4
10/6/10,19.31
10/5/10,19.15
10/4/10,18.87
10/1/10,19.32
9/30/10,19.2
9/29/10,19.24
9/28/10,19.505
9/27/10,19.235
9/24/10,19.4225
9/23/10,18.98
9/22/10,19.01
9/21/10,19.14
9/20/10,18.9301
9/17/10,18.81
9/16/10,18.97
9/15/10,18.72
9/14/10,18.74
9/13/10,18.5575
9/10/10,17.97
9/9/10,18
9/8/10,17.9
9/7/10,18.12
9/3/10,18.43
9/2/10,18.28
9/1/10,18.14
8/31/10,17.665
8/30/10,17.96
8/27/10,18.37
8/26/10,18.18
8/25/10,18.48
8/24/10,18.405
8/23/10,18.7
8/20/10,18.91
8/19/10,18.9
8/18/10,19.59
8/17/10,19.53
8/16/10,19.47
8/13/10,19.15
8/12/10,19.45
8/11/10,19.425
8/10/10,19.82
8/9/10,20.65
8/6/10,20.65
8/5/10,20.67
8/4/10,20.73
8/3/10,20.87
8/2/10,21.15
7/30/10,20.6
7/29/10,21.03
7/28/10,21.33
7/27/10,21.58
7/26/10,21.71
7/23/10,21.69
7/22/10,21.78
7/21/10,21.26
7/20/10,21.65
7/19/10,21.59
7/16/10,21.02
7/15/10,21.51
7/14/10,21.36
7/13/10,21.01
7/12/10,20.57
7/9/10,20.24
7/8/10,20.1
7/7/10,20.1425
7/6/10,19.481
7/2/10,19.2
7/1/10,19.25
6/30/10,19.45
6/29/10,19.79
6/28/10,20.36
6/25/10,20.0325
6/24/10,20.32
6/23/10,20.81
6/22/10,20.98
6/21/10,21.19
6/18/10,21.4
6/17/10,21.52
6/16/10,21.489
6/15/10,21.48
6/14/10,20.89
6/11/10,20.64
6/10/10,20.55
6/9/10,19.93
6/8/10,20.18
6/7/10,20.3075
6/4/10,20.945
6/3/10,21.9
6/2/10,21.81
6/1/10,21.18
5/28/10,21.42
5/27/10,21.76
5/26/10,20.7
5/25/10,20.85
5/24/10,20.67
5/21/10,20.9075
5/20/10,20.79
5/19/10,21.6
5/18/10,21.43
5/17/10,22.02
5/14/10,21.89
5/13/10,22.5
5/12/10,23.09
5/11/10,22.28
5/10/10,22.55
5/7/10,21.31
5/6/10,21.51
5/5/10,22.1725
5/4/10,22.56
5/3/10,23.26
4/30/10,22.84
4/29/10,23.49
4/28/10,23.26
4/27/10,23.35
4/26/10,23.82
4/23/10,24.04
4/22/10,23.99
4/21/10,23.8
4/20/10,24.12
4/19/10,24
4/16/10,23.92
4/15/10,24.221
4/14/10,23.52
4/13/10,22.7699
4/12/10,22.539
4/9/10,22.55
4/8/10,22.31
4/7/10,22.45
4/6/10,22.4
4/5/10,22.59
4/1/10,22.39
3/31/10,22.29
3/30/10,22.34
3/29/10,22.33
3/26/10,22.24
3/25/10,22.35
3/24/10,22.43
3/23/10,22.6725
3/22/10,22.24
3/19/10,21.9925
3/18/10,22.2
3/17/10,22.2425
3/16/10,22.01
3/15/10,21.17
3/12/10,21.27
3/11/10,21.25
3/10/10,21.19
3/9/10,20.94
3/8/10,20.77
3/5/10,20.79
3/4/10,20.53
3/3/10,20.52
3/2/10,20.6975
3/1/10,20.87
2/26/10,20.53
2/25/10,20.63
2/24/10,20.7
2/23/10,20.388
2/22/10,20.87
2/19/10,20.82
2/18/10,20.84
2/17/10,20.66
2/16/10,20.72
2/12/10,20.43
2/11/10,20.06
2/10/10,19.69
2/9/10,19.65
2/8/10,19.35
2/5/10,19.47
2/4/10,19.02
2/3/10,19.68
2/2/10,19.91
2/1/10,19.61
1/29/10,19.4
1/28/10,19.92
1/27/10,20.24
1/26/10,20
1/25/10,20.32
1/22/10,19.91
1/21/10,20.84
1/20/10,21.08
1/19/10,21.05
1/15/10,20.8
1/14/10,21.48
1/13/10,20.96
1/12/10,20.608
1/11/10,20.95
1/8/10,20.83
1/7/10,20.6
1/6/10,20.8
1/5/10,20.87
1/4/10,20.88
12/31/09,20.4
12/30/09,20.59
12/29/09,20.402
12/28/09,20.3
12/24/09,20.33
12/23/09,20.1
12/22/09,20.04
12/21/09,20.09
12/18/09,19.63
12/17/09,19.07
12/16/09,19.38
12/15/09,19.8
12/14/09,19.98
12/11/09,19.9
12/10/09,20.15
12/9/09,20.01
12/8/09,19.99
12/7/09,20.37
12/4/09,20.46
12/3/09,19.87
12/2/09,19.72
12/1/09,19.66
11/30/09,19.2
11/27/09,19.11
11/25/09,19.34
11/24/09,19.39
11/23/09,19.4
11/20/09,19.24
11/19/09,19.3
11/18/09,20.12
11/17/09,20.32
11/16/09,20.23
11/13/09,19.82
11/12/09,19.68
11/11/09,19.84
11/10/09,19.5
11/9/09,19.46
11/6/09,18.93
11/5/09,18.89
11/4/09,18.59
11/3/09,18.5
11/2/09,19.01
10/30/09,19.11
10/29/09,19.22
10/28/09,19.03
10/27/09,19.74
10/26/09,19.83
10/23/09,19.78
10/22/09,20.12
10/21/09,19.859
10/20/09,20.18
10/19/09,20.41
10/16/09,20.18
10/15/09,20.67
10/14/09,20.831
10/13/09,20.49
10/12/09,20.4
10/9/09,20.17
10/8/09,19.88
10/7/09,19.75
10/6/09,19.63
10/5/09,19.1
10/2/09,18.97
10/1/09,18.9
9/30/09,19.57
9/29/09,19.48
9/28/09,19.74
9/25/09,19.37
9/24/09,19.54
9/23/09,19.88
9/22/09,19.53
9/21/09,19.54
9/18/09,19.56
9/17/09,19.41
9/16/09,19.65
9/15/09,19.55
9/14/09,19.36
9/11/09,19.51
9/10/09,19.76
9/9/09,19.93
9/8/09,19.8
9/4/09,19.64
9/3/09,19.42
9/2/09,19.47
9/1/09,19.72
8/31/09,20.32
8/28/09,20.25
8/27/09,19.47
8/26/09,19.43
8/25/09,19.1
8/24/09,18.76
8/21/09,18.8901
8/20/09,18.71
8/19/09,18.8
8/18/09,18.772
8/17/09,18.45
8/14/09,18.77
8/13/09,19.05
8/12/09,18.81
8/11/09,18.64
8/10/09,18.76
8/7/09,18.5
8/6/09,18.7
8/5/09,18.86
8/4/09,19.32
8/3/09,19.37
7/31/09,19.25
7/30/09,19.33
7/29/09,19.4
7/28/09,19.37
7/27/09,19.47
7/24/09,19.36
7/23/09,19.48
7/22/09,19.14
7/21/09,18.9
7/20/09,18.9
7/17/09,18.79
7/16/09,18.5
7/15/09,18.05
7/14/09,16.83
7/13/09,16.49
7/10/09,16.04
7/9/09,16.02
7/8/09,15.94
7/7/09,16.25
7/6/09,16.54
7/2/09,16.72
7/1/09,17.04
6/30/09,16.55
6/29/09,16.38
6/26/09,16.29
6/25/09,16.31
6/24/09,16.1
6/23/09,15.81
6/22/09,15.68
6/19/09,16.01
6/18/09,15.87
6/17/09,16.14
6/16/09,15.86
6/15/09,15.98
6/12/09,16.31
6/11/09,16.35
6/10/09,16.46
6/9/09,16.42
6/8/09,15.92
6/5/09,15.92
6/4/09,16.13
6/3/09,15.94
6/2/09,16.19
6/1/09,16.5
5/29/09,15.72
5/28/09,15.72
5/27/09,15.46
5/26/09,15.48
5/22/09,15.05
5/21/09,15.18
5/20/09,15.58
5/19/09,15.65
5/18/09,15.52
5/15/09,15.19
5/14/09,15.54