date,NVDA
5/14/19,162.04
5/13/19,158.45
5/10/19,168.82
5/9/19,170.19
5/8/19,173.92
5/7/19,173.11
5/6/19,179.85
5/3/19,183.01
5/2/19,183.19
5/1/19,180.47
4/30/19,181
4/29/19,179.33
4/26/19,178.09
4/25/19,186.91
4/24/19,191.17
4/23/19,190.67
4/22/19,188.47
4/18/19,186.3
4/17/19,187.29
4/16/19,188.21
4/15/19,184.7
4/12/19,190.01
4/11/19,191.54
4/10/19,192.1
4/9/19,189.26
4/8/19,191.79
4/5/19,190.95
4/4/19,188.26
4/3/19,188.62
4/2/19,183
4/1/19,182.28
3/29/19,179.56
3/28/19,177.25
3/27/19,176.5
3/26/19,176.87
3/25/19,173.78
3/22/19,177.5
3/21/19,183.94
3/20/19,174.4
3/19/19,175.71
3/18/19,168.95
3/15/19,169.81
3/14/19,165.56
3/13/19,168.62
3/12/19,162.52
3/11/19,161.14
3/8/19,150.64
3/7/19,149.26
3/6/19,152.05
3/5/19,156.52
3/4/19,156.78
3/1/19,156.45
2/28/19,154.26
2/27/19,155.41
2/26/19,157.1
2/25/19,158.69
2/22/19,159.19
2/21/19,155.77
2/20/19,158.55
2/19/19,156.64
2/15/19,157.34
2/14/19,154.53
2/13/19,152.88
2/12/19,151.17
2/11/19,146.45
2/8/19,148.17
2/7/19,147.42
2/6/19,153
2/5/19,149.95
2/4/19,149.18
2/1/19,144.73
1/31/19,143.75
1/30/19,137.39
1/29/19,131.6
1/28/19,138.01
1/25/19,160.15
1/24/19,157.84
1/23/19,149.29
1/22/19,148.77
1/18/19,156.93
1/17/19,151.72
1/16/19,148.84
1/15/19,149.87
1/14/19,150.44
1/11/19,148.83
1/10/19,145.23
1/9/19,142.58
1/8/19,139.83
1/7/19,143.4
1/4/19,136.19
1/3/19,127.99
1/2/19,136.22
12/31/18,133.5
12/28/18,133.65
12/27/18,131.17
12/26/18,133.1
12/24/18,127.08
12/21/18,129.57
12/20/18,135.1
12/19/18,138.51
12/18/18,146.94
12/17/18,143.58
12/14/18,146.45
12/13/18,148.89
12/12/18,148.9
12/11/18,148.19
12/10/18,151.86
12/7/18,147.61
12/6/18,158.29
12/4/18,157.11
12/3/18,170.04
11/30/18,163.43
11/29/18,157.36
11/28/18,160.07
11/27/18,153.73
11/26/18,153.05
11/23/18,145
11/21/18,144.71
11/20/18,149.08
11/19/18,144.7
11/16/18,164.43
11/15/18,202.39
11/14/18,197.19
11/13/18,199.31
11/12/18,189.54
11/9/18,205.67
11/8/18,205.99
11/7/18,213.79
11/6/18,211.06
11/5/18,211.77
11/2/18,214.92
11/1/18,218.11
10/31/18,210.83
10/30/18,203
10/29/18,185.62
10/26/18,198.29
10/25/18,207.84
10/24/18,199.41
10/23/18,221.06
10/22/18,231.22
10/19/18,229.17
10/18/18,239.53
10/17/18,243.06
10/16/18,245.83
10/15/18,235.38
10/12/18,246.54
10/11/18,235.13
10/10/18,245.69
10/9/18,265.54
10/8/18,265.77
10/5/18,269.86
10/4/18,279.29
10/3/18,286.73
10/2/18,286.48
10/1/18,289.36
9/28/18,281.02
9/27/18,267.4
9/26/18,266.92
9/25/18,268.41
9/24/18,265.7
9/21/18,263.45
9/20/18,266.28
9/19/18,271.98
9/18/18,271.02
9/17/18,273.93
9/14/18,276.43
9/13/18,271.34
9/12/18,268.2
9/11/18,272.8
9/10/18,274.73
9/7/18,271.86
9/6/18,272.72
9/5/18,278.42
9/4/18,283.7
8/31/18,280.68
8/30/18,277.81
8/29/18,278.49
8/28/18,274.38
8/27/18,275.9
8/24/18,272.22
8/23/18,266.84
8/22/18,262.82
8/21/18,253.32
8/20/18,247.84
8/17/18,244.82
8/16/18,257.44
8/15/18,259.08
8/14/18,261.43
8/13/18,256.12
8/10/18,254.79
8/9/18,256.46
8/8/18,258.42
8/7/18,256.95
8/6/18,254.03
8/3/18,252.1
8/2/18,250.62
8/1/18,246.47
7/31/18,244.86
7/30/18,244.13
7/27/18,252.02
7/26/18,254.84
7/25/18,251.87
7/24/18,248.71
7/23/18,249.41
7/20/18,250.89
7/19/18,252.03
7/18/18,251.7
7/17/18,253.69
7/16/18,248.2
7/13/18,249.32
7/12/18,251.23
7/11/18,247.53
7/10/18,253.25
7/9/18,249.25
7/6/18,247.33
7/5/18,242.73
7/3/18,236.84
7/2/18,242.24
6/29/18,236.9
6/28/18,240.86
6/27/18,235.72
6/26/18,241.99
6/25/18,239.12
6/22/18,250.95
6/21/18,257.11
6/20/18,262.31
6/19/18,260.17
6/18/18,265.09
6/15/18,265.26
6/14/18,266.91
6/13/18,262.4
6/12/18,262.58
6/11/18,260.62
6/8/18,262.28
6/7/18,262.9
6/6/18,265.15
6/5/18,265.07
6/4/18,264.85
6/1/18,257.62
5/31/18,252.19
5/30/18,252.99
5/29/18,248.59
5/25/18,249.28
5/24/18,247.69
5/23/18,247.54
5/22/18,242.7
5/21/18,244.24
5/18/18,245.94
5/17/18,247.71
5/16/18,246.01
5/15/18,245.56
5/14/18,255.36
5/11/18,254.53
5/10/18,260.13
5/9/18,255.78
5/8/18,250.4
5/7/18,248.68
5/4/18,239.06
5/3/18,232.99
5/2/18,226.31
5/1/18,227.14
4/30/18,224.9
4/27/18,226.33
4/26/18,225.22
4/25/18,216.66
4/24/18,221.2
4/23/18,223.88
4/20/18,228.71
4/19/18,229.04
4/18/18,236.37
4/17/18,237.54
4/16/18,231.49
4/13/18,231.5
4/12/18,234.6
4/11/18,226.24
4/10/18,227.91
4/9/18,215.41
4/6/18,214.25
4/5/18,221.38
4/4/18,226.24
4/3/18,225.35
4/2/18,221.05
3/29/18,231.59
3/28/18,221.35
3/27/18,225.52
3/26/18,244.48
3/23/18,232.97
3/22/18,241.85
3/21/18,248.56
3/20/18,249.58
3/19/18,241
3/16/18,250.48
3/15/18,249.34
3/14/18,248.74
3/13/18,247.71
3/12/18,249.76
3/9/18,245.33
3/8/18,241.18
3/7/18,241.84
3/6/18,242.16
3/5/18,235.65
3/2/18,236.54
3/1/18,232.21
2/28/18,242
2/27/18,246.06
2/26/18,246.58
2/23/18,245.93
2/22/18,242.15
2/21/18,241.51
2/20/18,249.08
2/16/18,243.84
2/15/18,246.5
2/14/18,241.42
2/13/18,232.63
2/12/18,228.03
2/9/18,232.08
2/8/18,217.52
2/7/18,228.8
2/6/18,225.58
2/5/18,213.7
2/2/18,233.52
2/1/18,240.5
1/31/18,245.8
1/30/18,242.72
1/29/18,246.85
1/26/18,243.33
1/25/18,236.35
1/24/18,235.8
1/23/18,238.91
1/22/18,233.69
1/19/18,230.11
1/18/18,224.44
1/17/18,224.72
1/16/18,220.11
1/12/18,222.98
1/11/18,224.08
1/10/18,223.68
1/9/18,221.94
1/8/18,222
1/5/18,215.4
1/4/18,213.59
1/3/18,212.47
1/2/18,199.35
12/29/17,193.5
12/28/17,197.4
12/27/17,197.17
12/26/17,197.44
12/22/17,195.27
12/21/17,195.89
12/20/17,196.8
12/19/17,196.11
12/18/17,197.9
12/15/17,191.56
12/14/17,186.47
12/13/17,186.18
12/12/17,190.84
12/11/17,194.66
12/8/17,191.49
12/7/17,191.99
12/6/17,189.26
12/5/17,187.74
12/4/17,186.66
12/1/17,197.68
11/30/17,200.71
11/29/17,196.42
11/28/17,210.71
11/27/17,214.14
11/24/17,216.96
11/22/17,214.93
11/21/17,216.05
11/20/17,214.08
11/17/17,211.36
11/16/17,211.61
11/15/17,209.98
11/14/17,214.18
11/13/17,212.63
11/10/17,216.14
11/9/17,205.32
11/8/17,209.16
11/7/17,212.03
11/6/17,209.63
11/3/17,208.69
11/2/17,205.94
11/1/17,207.2
10/31/17,206.81
10/30/17,203.84
10/27/17,201.86
10/26/17,195.69
10/25/17,193.66
10/24/17,198.68
10/23/17,196.62
10/20/17,196.9
10/19/17,197.8
10/18/17,197.58
10/17/17,197.75
10/16/17,197.93
10/13/17,194.59
10/12/17,191.03
10/11/17,190.94
10/10/17,188.93
10/9/17,185.39
10/6/17,181.3
10/5/17,180.77
10/4/17,180.87
10/3/17,179.37
10/2/17,179
9/29/17,178.77
9/28/17,175.68
9/27/17,175.73
9/26/17,171.96
9/25/17,171
9/22/17,179
9/21/17,180.76
9/20/17,185.84
9/19/17,187.35
9/18/17,187.55
9/15/17,180.11
9/14/17,169.4
9/13/17,170.37
9/12/17,169.61
9/11/17,169
9/8/17,163.69
9/7/17,166.58
9/6/17,165.81
9/5/17,165.91
9/1/17,170.46
8/31/17,169.44
8/30/17,165.68
8/29/17,164.7
8/28/17,164.97
8/25/17,163.81
8/24/17,165.19
8/23/17,165.8
8/22/17,162.55
8/21/17,159.15
8/18/17,161.5
8/17/17,161.47
8/16/17,165.15
8/15/17,166.98
8/14/17,168.4
8/11/17,155.96
8/10/17,164.74
8/9/17,172.11
8/8/17,170.3
8/7/17,172.35
8/4/17,167.21
8/3/17,166.48
8/2/17,164.39
8/1/17,164.49
7/31/17,162.51
7/28/17,164.39
7/27/17,161.74
7/26/17,167.26
7/25/17,165.35
7/24/17,166.15
7/21/17,168.1
7/20/17,167.5
7/19/17,165.1
7/18/17,165.96
7/17/17,164.25
7/14/17,164.95
7/13/17,160.63
7/12/17,162.51
7/11/17,155.88
7/10/17,153.7
7/7/17,146.76
7/6/17,143.48
7/5/17,143.05
7/3/17,139.33
6/30/17,144.56
6/29/17,146.68
6/28/17,151.75
6/27/17,146.58
6/26/17,152.15
6/23/17,153.83
6/22/17,158.37
6/21/17,159.47
6/20/17,157.09
6/19/17,157.32
6/16/17,151.62
6/15/17,152.37
6/14/17,151.72
6/13/17,151.4
6/12/17,149.97
6/9/17,149.6
6/8/17,159.94
6/7/17,149.12
6/6/17,147.34
6/5/17,148.01
6/2/17,143.64
6/1/17,144.36
5/31/17,144.35
5/30/17,144.87
5/26/17,141.84
5/25/17,138.26
5/24/17,138.57
5/23/17,137.03
5/22/17,138.9
5/19/17,136
5/18/17,133.07
5/17/17,127.72
5/16/17,136.81
5/15/17,134.31
5/12/17,127.89
5/11/17,126.5
5/10/17,121.29
5/9/17,102.94
5/8/17,102.77
5/5/17,103.86
5/4/17,103.85
5/3/17,104.25
5/2/17,103.48
5/1/17,106.64
4/28/17,104.3
4/27/17,105.64
4/26/17,104.02
4/25/17,104.74
4/24/17,102.95
4/21/17,101.68
4/20/17,101.26
4/19/17,99.68
4/18/17,99.29
4/17/17,99.23
4/13/17,95.49
4/12/17,97.31
4/11/17,98.12
4/10/17,97.77
4/7/17,100.33
4/6/17,100.76
4/5/17,100.03
4/4/17,100.78
4/3/17,108.38
3/31/17,108.93
3/30/17,109.4
3/29/17,107.34
3/28/17,107.69
3/27/17,108.25
3/24/17,107.47
3/23/17,107.09
3/22/17,108.07
3/21/17,105.91
3/20/17,109.45
3/17/17,106.07
3/16/17,103.81
3/15/17,102.55
3/14/17,101.78
3/13/17,101.85
3/10/17,99.12
3/9/17,98.54
3/8/17,98.56
3/7/17,98.74
3/6/17,97.67
3/3/17,98.43
3/2/17,99
3/1/17,102.79
2/28/17,101.48
2/27/17,104.41
2/24/17,101.46
2/23/17,100.49
2/22/17,110.76
2/21/17,111.07
2/17/17,107.23
2/16/17,107.25
2/15/17,109
2/14/17,108.78
2/13/17,108.38
2/10/17,113.62
2/9/17,116.38
2/8/17,118.61
2/7/17,119.13
2/6/17,117.31
2/3/17,114.38
2/2/17,115.39
2/1/17,113.95
1/31/17,109.18
1/30/17,110.02
1/27/17,111.77
1/26/17,109.65
1/25/17,107.79
1/24/17,107.33
1/23/17,105.09
1/20/17,104.01
1/19/17,105.16
1/18/17,102.95
1/17/17,101.11
1/13/17,103.43
1/12/17,103.44
1/11/17,105.16
1/10/17,106.47
1/9/17,107.28
1/6/17,103.1
1/5/17,101.74
1/4/17,104.39
1/3/17,102.01
12/30/16,106.74
12/29/16,111.43
12/28/16,109.25
12/27/16,117.32
12/23/16,109.78
12/22/16,107.11
12/21/16,105.83
12/20/16,105.17
12/19/16,101.63
12/16/16,100.41
12/15/16,98.71
12/14/16,96.45
12/13/16,91.17
12/12/16,89.59
12/9/16,91.82
12/8/16,93.48
12/7/16,95.07
12/6/16,93.39
12/5/16,91.88
12/2/16,88.45
12/1/16,87.64
11/30/16,92.2
11/29/16,93.25
11/28/16,94.11
11/25/16,94.16
11/23/16,93.97
11/22/16,93.65
11/21/16,92.98
11/18/16,93.36
11/17/16,92.39
11/16/16,91.63
11/15/16,86.19
11/14/16,83.64
11/11/16,87.97
11/10/16,67.77
11/9/16,69.96
11/8/16,71.16
11/7/16,71.27
11/4/16,67.57
11/3/16,67.96
11/2/16,68.76
11/1/16,69.05
10/31/16,71.16
10/28/16,70.56
10/27/16,70.68
10/26/16,72.16
10/25/16,71.87
10/24/16,70.71
10/21/16,67.54
10/20/16,67.73
10/19/16,66.47
10/18/16,66.61
10/17/16,65.61
10/14/16,65.99
10/13/16,65.35
10/12/16,66.43
10/11/16,66.13
10/10/16,67.1
10/7/16,66.85
10/6/16,67.34
10/5/16,68.23
10/4/16,68.3
10/3/16,68.45
9/30/16,68.52
9/29/16,67.4
9/28/16,66.78
9/27/16,66.54
9/26/16,64.34
9/23/16,64.95
9/22/16,65.02
9/21/16,64.86
9/20/16,63.09
9/19/16,63.67
9/16/16,62.84
9/15/16,62.69
9/14/16,60.4
9/13/16,59.87
9/12/16,60.75
9/9/16,59.52
9/8/16,62.64
9/7/16,62.19
9/6/16,63.12
9/2/16,62.53
9/1/16,63.15
8/31/16,61.34
8/30/16,61.63
8/29/16,61.99
8/26/16,62.03
8/25/16,61.53
8/24/16,61.94
8/23/16,62.91
8/22/16,62.52
8/19/16,62.26
8/18/16,62.1
8/17/16,61.15
8/16/16,62.6
8/15/16,62.98
8/12/16,63.04
8/11/16,59.7
8/10/16,58.51
8/9/16,58.89
8/8/16,58.74
8/5/16,58.2
8/4/16,57.23
8/3/16,56.19
8/2/16,56.04
8/1/16,56.73
7/29/16,57.1
7/28/16,56.18
7/27/16,56.06
7/26/16,56.63
7/25/16,55.68
7/22/16,54.67
7/21/16,53.22
7/20/16,54.22
7/19/16,53.52
7/18/16,52.97
7/15/16,52.7
7/14/16,53.32
7/13/16,52.78
7/12/16,52.8
7/11/16,52.02
7/8/16,50.85
7/7/16,48.89
7/6/16,47.65
7/5/16,47.35
7/1/16,46.66
6/30/16,47.01
6/29/16,46.65
6/28/16,45.9
6/27/16,45.24
6/24/16,45.73
6/23/16,48.49
6/22/16,47.23
6/21/16,47.27
6/20/16,47.56
6/17/16,46.72
6/16/16,47.55
6/15/16,47.36
6/14/16,46.88
6/13/16,46.79
6/10/16,46.2
6/9/16,47.38
6/8/16,46.18
6/7/16,46.33
6/6/16,46.24
6/3/16,46.48
6/2/16,47.14
6/1/16,46.81
5/31/16,46.72
5/27/16,45.9
5/26/16,45.65
5/25/16,45.17
5/24/16,45.36
5/23/16,44.4
5/20/16,44.33
5/19/16,43.55
5/18/16,43.36
5/17/16,42.28
5/16/16,42.19
5/13/16,40.98
5/12/16,35.57
5/11/16,36.06
5/10/16,35.96
5/9/16,35.28
5/6/16,35.33
5/5/16,34.97
5/4/16,34.76
5/3/16,35.57
5/2/16,36
4/29/16,35.53
4/28/16,36.2
4/27/16,37.31
4/26/16,36.48
4/25/16,36.45
4/22/16,36.27
4/21/16,36.41
4/20/16,36.45
4/19/16,36.31
4/18/16,36.97
4/15/16,37.13
4/14/16,36.84
4/13/16,36.74
4/12/16,35.84
4/11/16,35.88
4/8/16,35.66
4/7/16,35.43
4/6/16,35.8
4/5/16,35.75
4/4/16,35.8
4/1/16,36.15
3/31/16,35.63
3/30/16,35.76
3/29/16,35.39
3/28/16,34.83
3/24/16,34.48
3/23/16,34.43
3/22/16,33.85
3/21/16,33.91
3/18/16,33.81
3/17/16,32.82
3/16/16,33.1
3/15/16,32.14
3/14/16,32.3
3/11/16,32.22
3/10/16,31.68
3/9/16,31.73
3/8/16,31.75
3/7/16,32.34
3/4/16,32.55
3/3/16,32.65
3/2/16,32.94
3/1/16,32.75
2/29/16,31.36
2/26/16,31.68
2/25/16,31.89
2/24/16,31.82
2/23/16,31.6
2/22/16,31.52
2/19/16,30.44
2/18/16,30.04
2/17/16,27.66
2/16/16,26.99
2/12/16,25.73
2/11/16,25.3
2/10/16,25.43
2/9/16,25.49
2/8/16,25.22
2/5/16,26.43
2/4/16,28.21
2/3/16,28.2
2/2/16,28.06
2/1/16,29.3
1/29/16,29.29
1/28/16,28.05
1/27/16,28.36
1/26/16,28.7
1/25/16,28.42
1/22/16,28.45
1/21/16,27.8
1/20/16,27.48
1/19/16,27.33
1/15/16,27.11
1/14/16,28.67
1/13/16,29.26
1/12/16,30.18
1/11/16,29.68
1/8/16,29.63
1/7/16,30.28
1/6/16,31.53
1/5/16,32.89
1/4/16,32.37
12/31/15,32.96
12/30/15,33.39
12/29/15,33.68
12/28/15,33.14
12/24/15,33.17
12/23/15,33.055
12/22/15,32.93
12/21/15,32.895
12/18/15,32.14
12/17/15,32.67
12/16/15,33.17
12/15/15,32.97
12/14/15,32.57
12/11/15,32.49
12/10/15,32.98
12/9/15,32.71
12/8/15,33.56
12/7/15,33.11
12/4/15,33.75
12/3/15,32.43
12/2/15,32.5
12/1/15,32.75
11/30/15,31.72
11/27/15,31.39
11/25/15,31.13
11/24/15,31.17
11/23/15,30.92
11/20/15,31.39
11/19/15,31.12
11/18/15,31.03
11/17/15,30.4
11/16/15,30.4
11/13/15,29.8
11/12/15,30.4
11/11/15,30.51
11/10/15,30.81
11/9/15,31.41
11/6/15,31.55
11/5/15,27.71
11/4/15,28.03
11/3/15,28.5
11/2/15,28.7
10/30/15,28.37
10/29/15,27.68
10/28/15,28.67
10/27/15,28.44
10/26/15,28.46
10/23/15,28.59
10/22/15,28.4
10/21/15,27.41
10/20/15,27.77
10/19/15,27.81
10/16/15,27.86
10/15/15,27.43
10/14/15,27.36
10/13/15,26.4
10/12/15,26.35
10/9/15,26.07
10/8/15,26.17
10/7/15,26.02
10/6/15,25.75
10/5/15,25.42
10/2/15,24.8
10/1/15,24.17
9/30/15,24.65
9/29/15,23.71
9/28/15,23.3
9/25/15,23.61
9/24/15,23.44
9/23/15,23
9/22/15,22.89
9/21/15,23.53
9/18/15,23.29
9/17/15,23.31
9/16/15,23.1
9/15/15,22.94
9/14/15,22.69
9/11/15,22.65
9/10/15,22.58
9/9/15,22.23
9/8/15,22.68
9/4/15,21.75
9/3/15,22.27
9/2/15,22.21
9/1/15,21.56
8/31/15,22.48
8/28/15,22.73
8/27/15,22.63
8/26/15,21.81
8/25/15,20.28
8/24/15,20.71
8/21/15,21.47
8/20/15,22.16
8/19/15,22.99
8/18/15,23.08
8/17/15,23.39
8/14/15,23.54
8/13/15,23.52
8/12/15,23.72
8/11/15,23.66
8/10/15,23.78
8/7/15,22.98
8/6/15,20.45
8/5/15,20.58
8/4/15,20.37
8/3/15,20.29
7/31/15,19.95
7/30/15,20.02
7/29/15,19.97
7/28/15,19.73
7/27/15,19.31
7/24/15,19.42
7/23/15,19.65
7/22/15,19.405
7/21/15,19.79
7/20/15,19.7
7/17/15,20.07
7/16/15,20.19
7/15/15,19.75
7/14/15,19.89
7/13/15,19.88
7/10/15,19.75
7/9/15,19.41
7/8/15,19.65
7/7/15,19.79
7/6/15,20.17
7/2/15,20.42
7/1/15,20.4
6/30/15,20.11
6/29/15,20.12
6/26/15,20.74
6/25/15,21.17
6/24/15,21.01
6/23/15,21.22
6/22/15,21.775
6/19/15,21.87
6/18/15,21.94
6/17/15,21.58
6/16/15,21.33
6/15/15,21.07
6/12/15,21.11
6/11/15,21.7
6/10/15,21.47
6/9/15,21.86
6/8/15,21.75
6/5/15,22.26
6/4/15,22.09
6/3/15,21.7
6/2/15,21.935
6/1/15,22.38
5/29/15,22.13
5/28/15,22.14
5/27/15,21.84
5/26/15,20.73
5/22/15,20.86
5/21/15,20.89
5/20/15,21.04
5/19/15,21.04
5/18/15,21.27
5/15/15,21.3
5/14/15,21.29
5/13/15,20.95
5/12/15,20.83
5/11/15,20.63
5/8/15,20.825
5/7/15,22.49
5/6/15,22.1
5/5/15,22.03
5/4/15,22.61
5/1/15,22.75
4/30/15,22.195
4/29/15,22.14
4/28/15,22.305
4/27/15,22.2
4/24/15,22.03
4/23/15,22.22
4/22/15,22.31
4/21/15,22.055
4/20/15,22.09
4/17/15,22.2
4/16/15,22.49
4/15/15,22.63
4/14/15,22.36
4/13/15,22.55
4/10/15,22.76
4/9/15,22.525
4/8/15,22.02
4/7/15,21.86
4/6/15,21.665
4/2/15,21.06
4/1/15,21.01
3/31/15,20.925
3/30/15,21.47
3/27/15,21.38
3/26/15,20.965
3/25/15,21.04
3/24/15,22.4
3/23/15,22.71
3/20/15,23.47
3/19/15,23.215
3/18/15,22.87
3/17/15,23.25
3/16/15,22.97
3/13/15,22.7
3/12/15,22.67
3/11/15,22.88
3/10/15,22.995
3/9/15,22.61
3/6/15,22.55
3/5/15,22.86
3/4/15,22.43
3/3/15,22.18
3/2/15,22.595
2/27/15,22.06
2/26/15,22.2
2/25/15,22.14
2/24/15,22.31
2/23/15,22.16
2/20/15,22.335
2/19/15,22.175
2/18/15,22.12
2/17/15,22.375
2/13/15,22.31
2/12/15,22.3
2/11/15,20.81
2/10/15,20.95
2/9/15,20.38
2/6/15,20.4
2/5/15,20.485
2/4/15,20.16
2/3/15,20.11
2/2/15,19.62
1/30/15,19.205
1/29/15,19.78
1/28/15,19.31
1/27/15,19.63
1/26/15,20.615
1/23/15,20.71
1/22/15,20.65
1/21/15,20.3
1/20/15,20.02
1/16/15,19.96
1/15/15,19.6
1/14/15,19.74
1/13/15,19.655
1/12/15,19.69
1/9/15,19.94
1/8/15,19.86
1/7/15,19.135
1/6/15,19.19
1/5/15,19.79
1/2/15,20.13
12/31/14,20.05
12/30/14,20.37
12/29/14,20.56
12/26/14,20.59
12/24/14,20.57
12/23/14,20.65
12/22/14,20.78
12/19/14,20.42
12/18/14,20.22
12/17/14,20.14
12/16/14,19.345
12/15/14,19.57
12/12/14,19.63
12/11/14,20.26
12/10/14,20.27
12/9/14,20.73
12/8/14,20.8
12/5/14,21.07
12/4/14,20.95
12/3/14,21.14
12/2/14,20.61
12/1/14,20.58
11/28/14,20.97
11/26/14,20.915
11/25/14,20.57
11/24/14,20.58
11/21/14,20.455
11/20/14,20.34
11/19/14,20.01
11/18/14,20.17
11/17/14,19.695
11/14/14,19.785
11/13/14,19.55
11/12/14,19.645
11/11/14,19.78
11/10/14,20.02
11/7/14,19.79
11/6/14,20.22
11/5/14,20.13
11/4/14,20.13
11/3/14,19.87
10/31/14,19.54
10/30/14,18.69
10/29/14,18.805
10/28/14,18.93
10/27/14,18.49
10/24/14,18.48
10/23/14,18.285
10/22/14,17.89
10/21/14,18.32
10/20/14,17.57
10/17/14,17.42
10/16/14,17.45
10/15/14,17.44
10/14/14,17.175
10/13/14,16.785
10/10/14,16.845
10/9/14,17.91
10/8/14,18.26
10/7/14,17.925
10/6/14,18.12
10/3/14,18.23
10/2/14,18.19
10/1/14,18.27
9/30/14,18.45
9/29/14,18.515
9/26/14,18.545
9/25/14,18.51
9/24/14,18.92
9/23/14,18.81
9/22/14,18.89
9/19/14,19.08
9/18/14,19.44
9/17/14,19.15
9/16/14,19.135
9/15/14,18.86
9/12/14,19.12
9/11/14,19.41
9/10/14,19.61
9/9/14,19.54
9/8/14,19.79
9/5/14,19.97
9/4/14,20.03
9/3/14,19.685
9/2/14,19.495
8/29/14,19.45
8/28/14,19.39
8/27/14,19.23
8/26/14,19.455
8/25/14,19.11
8/22/14,19.08
8/21/14,19.07
8/20/14,19.25
8/19/14,19.37
8/18/14,19.3
8/15/14,19.04
8/14/14,18.8
8/13/14,19.01
8/12/14,18.9
8/11/14,18.9
8/8/14,19
8/7/14,17.46
8/6/14,17.64
8/5/14,17.66
8/4/14,17.65
8/1/14,17.69
7/31/14,17.5
7/30/14,18.08
7/29/14,17.78
7/28/14,17.72
7/25/14,17.79
7/24/14,18.11
7/23/14,18.08
7/22/14,18.47
7/21/14,18.55
7/18/14,18.44
7/17/14,19.3
7/16/14,19.35
7/15/14,19.37
7/14/14,19.29
7/11/14,19.05
7/10/14,19.005
7/9/14,19.11
7/8/14,18.55
7/7/14,18.7
7/3/14,18.85
7/2/14,18.6825
7/1/14,18.75
6/30/14,18.54
6/27/14,18.38
6/26/14,18.36
6/25/14,18.61
6/24/14,18.42
6/23/14,18.71
6/20/14,18.93
6/19/14,19.138
6/18/14,19.59
6/17/14,19.61
6/16/14,19.48
6/13/14,19.54
6/12/14,19.52
6/11/14,19.4
6/10/14,19.15
6/9/14,19.05
6/6/14,19.03
6/5/14,18.96
6/4/14,18.88
6/3/14,18.86
6/2/14,18.94
5/30/14,19
5/29/14,18.95
5/28/14,18.98
5/27/14,18.82
5/23/14,18.49
5/22/14,18.32
5/21/14,18.24
5/20/14,18.24
5/19/14,18.54
5/16/14,17.96
5/15/14,18
5/14/14,18.1
5/13/14,18.28
5/12/14,18.58
5/9/14,18.05
5/8/14,18.5
5/7/14,18.275
5/6/14,18.25
5/5/14,18.63
5/2/14,18.43
5/1/14,18.57
4/30/14,18.47
4/29/14,18.69
4/28/14,18.65
4/25/14,18.73
4/24/14,19.26
4/23/14,19.09
4/22/14,18.87
4/21/14,18.71
4/17/14,18.56
4/16/14,18.49
4/15/14,18.45
4/14/14,18.32
4/11/14,18.12
4/10/14,18.38
4/9/14,18.84
4/8/14,18.86
4/7/14,18.21
4/4/14,18.15
4/3/14,18.73
4/2/14,18.53
4/1/14,18.65
3/31/14,17.91
3/28/14,17.9
3/27/14,17.79
3/26/14,18.03
3/25/14,18.45
3/24/14,18.45
3/21/14,18.54
3/20/14,18.57
3/19/14,18.555
3/18/14,18.24
3/17/14,17.82
3/14/14,17.82
3/13/14,17.74
3/12/14,18.32
3/11/14,18.27
3/10/14,18.09
3/7/14,18.36
3/6/14,18.38
3/5/14,18.64
3/4/14,18.48
3/3/14,18.29
2/28/14,18.38
2/27/14,18.5
2/26/14,18.71
2/25/14,18.74
2/24/14,18.91
2/21/14,18.64
2/20/14,18.78
2/19/14,18.14
2/18/14,17.9
2/14/14,17.91
2/13/14,17.36
2/12/14,16.83
2/11/14,16.25
2/10/14,15.92
2/7/14,15.87
2/6/14,15.64
2/5/14,15.44
2/4/14,15.58
2/3/14,15.49
1/31/14,15.7
1/30/14,15.72
1/29/14,15.46
1/28/14,15.61
1/27/14,15.46
1/24/14,15.56
1/23/14,15.97
1/22/14,16.03
1/21/14,16.05
1/17/14,15.99
1/16/14,16.06
1/15/14,16.01
1/14/14,15.84
1/13/14,15.36
1/10/14,15.73
1/9/14,15.75
1/8/14,16.36
1/7/14,16.14
1/6/14,15.88
1/3/14,15.67
1/2/14,15.86
12/31/13,16.02
12/30/13,15.97
12/27/13,15.76
12/26/13,15.67
12/24/13,15.82
12/23/13,15.78
12/20/13,15.685
12/19/13,15.38
12/18/13,15.32
12/17/13,15.11
12/16/13,15.04
12/13/13,15.02
12/12/13,15.11
12/11/13,15.41
12/10/13,15.56
12/9/13,15.205
12/6/13,15.47
12/5/13,15.7
12/4/13,15.96
12/3/13,15.74
12/2/13,15.75
11/29/13,15.6
11/27/13,15.7
11/26/13,15.64
11/25/13,15.51
11/22/13,15.18
11/21/13,15.33
11/20/13,15.21
11/19/13,15.44
11/18/13,15.78
11/15/13,16.17
11/14/13,16.22
11/13/13,16.15
11/12/13,15.715
11/11/13,15.69
11/8/13,15.56
11/7/13,14.545
11/6/13,14.9
11/5/13,14.8
11/4/13,14.82
11/1/13,15.255
10/31/13,15.189
10/30/13,15.22
10/29/13,15.23
10/28/13,15.21
10/25/13,15.24
10/24/13,15.385
10/23/13,15.501
10/22/13,15.77
10/21/13,15.85
10/18/13,15.81
10/17/13,15.63
10/16/13,15.6
10/15/13,15.41
10/14/13,15.49
10/11/13,15.26
10/10/13,15.385
10/9/13,15.22
10/8/13,15.46
10/7/13,15.59
10/4/13,15.59
10/3/13,15.38
10/2/13,15.54
10/1/13,15.55
9/30/13,15.56
9/27/13,15.58
9/26/13,15.67
9/25/13,15.725
9/24/13,15.7
9/23/13,15.64
9/20/13,15.795
9/19/13,15.925
9/18/13,15.999
9/17/13,15.86
9/16/13,15.81
9/13/13,15.8
9/12/13,15.7
9/11/13,15.71
9/10/13,15.45
9/9/13,15.125
9/6/13,14.88
9/5/13,14.94
9/4/13,14.9
9/3/13,14.76
8/30/13,14.75
8/29/13,14.77
8/28/13,14.8
8/27/13,14.805
8/26/13,14.995
8/23/13,14.96
8/22/13,14.96
8/21/13,14.88
8/20/13,14.95
8/19/13,14.95
8/16/13,15.189
8/15/13,15.125
8/14/13,15.03
8/13/13,14.42
8/12/13,14.37
8/9/13,14.49
8/8/13,14.699
8/7/13,14.6
8/6/13,14.61
8/5/13,14.83
8/2/13,14.76
8/1/13,14.64
7/31/13,14.435
7/30/13,14.41
7/29/13,14.17
7/26/13,14.2
7/25/13,14.26
7/24/13,14.21
7/23/13,14.21
7/22/13,14.23
7/19/13,14.24
7/18/13,14.55
7/17/13,14.61
7/16/13,14.69
7/15/13,14.61
7/12/13,14.64
7/11/13,14.63
7/10/13,14.43
7/9/13,14.241
7/8/13,14.165
7/5/13,14.24
7/3/13,14.13
7/2/13,14.09
7/1/13,14.1
6/28/13,14.04
6/27/13,14.01
6/26/13,14.14
6/25/13,14.22
6/24/13,14.12
6/21/13,14.415
6/20/13,14.44
6/19/13,14.84
6/18/13,14.4
6/17/13,14.49
6/14/13,14.35
6/13/13,14.37
6/12/13,14.05
6/11/13,14.17
6/10/13,14.44
6/7/13,14.445
6/6/13,14.25
6/5/13,14.16
6/4/13,14.47
6/3/13,14.45
5/31/13,14.47
5/30/13,14.63
5/29/13,14.44
5/28/13,14.53
5/24/13,14.54
5/23/13,14.63
5/22/13,14.4
5/21/13,14.92
5/20/13,14.84
5/17/13,14.87
5/16/13,14.63
5/15/13,14.695
5/14/13,14.45
5/13/13,14.24
5/10/13,14.54
5/9/13,13.91
5/8/13,13.899
5/7/13,13.65
5/6/13,13.83
5/3/13,13.87
5/2/13,13.81
5/1/13,13.65
4/30/13,13.77
4/29/13,13.57
4/26/13,13.41
4/25/13,13.47
4/24/13,13.36
4/23/13,12.92
4/22/13,12.59
4/19/13,12.57
4/18/13,12.54
4/17/13,12.785
4/16/13,12.96
4/15/13,12.82
4/12/13,13.09
4/11/13,12.77
4/10/13,12.83
4/9/13,12.63
4/8/13,12.43
4/5/13,12.46
4/4/13,12.245
4/3/13,12.126
4/2/13,12.275
4/1/13,12.41
3/28/13,12.83
3/27/13,12.65
3/26/13,12.5
3/25/13,12.41
3/22/13,12.48
3/21/13,12.42
3/20/13,12.62
3/19/13,12.47
3/18/13,12.55
3/15/13,12.64
3/14/13,12.75
3/13/13,12.74
3/12/13,12.74
3/11/13,12.695
3/8/13,12.82
3/7/13,12.76
3/6/13,12.79
3/5/13,12.8
3/4/13,12.655
3/1/13,12.71
2/28/13,12.66
2/27/13,12.6
2/26/13,12.37
2/25/13,12.3
2/22/13,12.52
2/21/13,12.29
2/20/13,12.38
2/19/13,12.555
2/15/13,12.731
2/14/13,12.73
2/13/13,12.37
2/12/13,12.43
2/11/13,12.51
2/8/13,12.37
2/7/13,12.29
2/6/13,12.34
2/5/13,12.44
2/4/13,12.16
2/1/13,12.37
1/31/13,12.26
1/30/13,12.32
1/29/13,12.34
1/28/13,12.61
1/25/13,12.41
1/24/13,12.19
1/23/13,12.13
1/22/13,12.11
1/18/13,12.17
1/17/13,12.25
1/16/13,12.09
1/15/13,11.98
1/14/13,12.2
1/11/13,12.21
1/10/13,12.23
1/9/13,12.21
1/8/13,12.4915
1/7/13,12.77
1/4/13,13.15
1/3/13,12.73
1/2/13,12.72
12/31/12,12.26
12/28/12,12.1
12/27/12,12.16
12/26/12,12.24
12/24/12,12.25
12/21/12,12.35
12/20/12,12.64
12/19/12,12.65
12/18/12,12.56
12/17/12,12.535
12/14/12,12.59
12/13/12,12.53
12/12/12,12.52
12/11/12,12.65
12/10/12,12.36
12/7/12,11.955
12/6/12,11.98
12/5/12,11.9602
12/4/12,12.095
12/3/12,11.75
11/30/12,11.97
11/29/12,12.04
11/28/12,12.26
11/27/12,12.155
11/26/12,12.105
11/23/12,11.9
11/21/12,11.82
11/20/12,11.49
11/19/12,11.6983
11/16/12,11.38
11/15/12,11.59
11/14/12,11.54
11/13/12,11.83
11/12/12,11.915
11/9/12,12.19
11/8/12,12.68
11/7/12,12.6098
11/6/12,13.01
11/5/12,13.02
11/2/12,12.49
11/1/12,12.55
10/31/12,11.975
10/26/12,12.05
10/25/12,12.18
10/24/12,12.17
10/23/12,12.33
10/22/12,11.97
10/19/12,12.105
10/18/12,12.86
10/17/12,13.06
10/16/12,13.1598
10/15/12,12.79
10/12/12,12.63
10/11/12,12.74
10/10/12,12.67
10/9/12,12.89
10/8/12,13.17
10/5/12,13.3
10/4/12,13.62
10/3/12,13.035
10/2/12,13.17
10/1/12,13.115
9/28/12,13.34
9/27/12,13.275
9/26/12,13.18
9/25/12,13.41
9/24/12,13.66
9/21/12,13.665
9/20/12,13.61
9/19/12,13.71
9/18/12,13.55
9/17/12,13.46
9/14/12,13.84
9/13/12,13.675
9/12/12,13.59
9/11/12,13.44
9/10/12,13.28
9/7/12,13.4
9/6/12,13.73
9/5/12,13.32
9/4/12,13.275
8/31/12,14.03
8/30/12,14.05
8/29/12,14.32
8/28/12,14.29
8/27/12,14.35
8/24/12,14.6
8/23/12,14.305
8/22/12,14.64
8/21/12,14.61
8/20/12,14.65
8/17/12,14.65
8/16/12,14.78
8/15/12,14.48
8/14/12,14.59
8/13/12,14.81
8/10/12,14.621
8/9/12,14.71
8/8/12,14.23
8/7/12,14.15
8/6/12,14.01
8/3/12,13.72
8/2/12,13.44
8/1/12,13.39
7/31/12,13.54
7/30/12,13.33
7/27/12,13.475
7/26/12,13.15
7/25/12,13.09
7/24/12,12.84
7/23/12,12.98
7/20/12,12.805
7/19/12,13.185
7/18/12,13.06
7/17/12,12.37
7/16/12,12.595
7/13/12,12.555
7/12/12,12.4
7/11/12,12.61
7/10/12,12.82
7/9/12,13.22
7/6/12,13.4
7/5/12,13.66
7/3/12,13.8
7/2/12,13.445
6/29/12,13.82
6/28/12,13.24
6/27/12,13.14
6/26/12,12.73
6/25/12,12.59
6/22/12,12.995
6/21/12,12.835
6/20/12,13.45
6/19/12,13.235
6/18/12,12.4
6/15/12,12.29
6/14/12,12.03
6/13/12,12.18
6/12/12,12.51
6/11/12,12.26
6/8/12,12.12
6/7/12,11.89
6/6/12,12.39
6/5/12,12.065
6/4/12,11.73
6/1/12,11.98
5/31/12,12.43
5/30/12,12.57
5/29/12,12.72
5/25/12,12.4
5/24/12,12.11
5/23/12,12.44
5/22/12,12.14
5/21/12,12.29
5/18/12,12.08
5/17/12,12.65
5/16/12,12.735
5/15/12,13
5/14/12,13.13
5/11/12,13.21
5/10/12,12.42
5/9/12,12.51
5/8/12,12.46
5/7/12,12.47
5/4/12,12.26
5/3/12,12.63
5/2/12,12.85
5/1/12,13.23
4/30/12,13
4/27/12,12.98
4/26/12,13.09
4/25/12,13.08
4/24/12,12.82
4/23/12,13.23
4/20/12,13.39
4/19/12,13.655
4/18/12,13.87
4/17/12,14.02
4/16/12,13.99
4/13/12,14.16
4/12/12,14.68
4/11/12,14.34
4/10/12,14.16
4/9/12,14.44
4/5/12,14.63
4/4/12,14.65
4/3/12,15.08
4/2/12,15.33
3/30/12,15.395
3/29/12,15.23
3/28/12,15.16
3/27/12,14.82
3/26/12,14.72
3/23/12,14.545
3/22/12,14.44
3/21/12,14.46
3/20/12,14.4
3/19/12,14.64
3/16/12,14.6
3/15/12,14.58
3/14/12,14.365
3/13/12,14.79
3/12/12,14.585
3/9/12,14.82
3/8/12,14.855
3/7/12,14.81
3/6/12,14.72
3/5/12,14.86
3/2/12,15.38
3/1/12,15.25
2/29/12,15.15
2/28/12,15.33
2/27/12,15.47
2/24/12,15.79
2/23/12,15.91
2/22/12,15.82
2/21/12,15.925
2/17/12,15.85
2/16/12,16.45
2/15/12,16.17
2/14/12,16.24
2/13/12,16.15
2/10/12,15.895
2/9/12,16.3
2/8/12,16.31
2/7/12,15.74
2/6/12,15.695
2/3/12,15.82
2/2/12,15.485
2/1/12,14.93
1/31/12,14.77
1/30/12,14.8
1/27/12,14.91
1/26/12,14.71
1/25/12,14.85
1/24/12,14.94
1/23/12,14.61
1/20/12,14.22
1/19/12,14.35
1/18/12,13.98
1/17/12,13.52
1/13/12,13.73
1/12/12,14.1
1/11/12,14.19
1/10/12,14.48
1/9/12,14.54
1/6/12,14.54
1/5/12,14.71
1/4/12,14.2
1/3/12,14.04
12/30/11,13.86
12/29/11,13.97
12/28/11,13.71
12/27/11,14.06
12/23/11,14.17
12/22/11,14.305
12/21/11,13.72
12/20/11,13.9
12/19/11,13.155
12/16/11,13.51
12/15/11,13.46
12/14/11,13.58
12/13/11,14.13
12/12/11,14.53
12/9/11,14.9
12/8/11,14.69
12/7/11,15.17
12/6/11,15.26
12/5/11,15.48
12/2/11,15.72
12/1/11,15.82
11/30/11,15.63
11/29/11,14.91
11/28/11,14.83
11/25/11,14.04
11/23/11,14.44
11/22/11,15.08
11/21/11,14.63
11/18/11,13.93
11/17/11,14.06
11/16/11,14.58
11/15/11,14.88
11/14/11,14.69
11/11/11,14.98
11/10/11,14.47
11/9/11,14.32
11/8/11,15.08
11/7/11,14.74
11/4/11,14.82
11/3/11,14.65
11/2/11,13.815
11/1/11,14.06
10/31/11,14.8
10/28/11,15.6
10/27/11,15.25
10/26/11,14.62
10/25/11,14.45
10/24/11,15.02
10/21/11,14.48
10/20/11,14.41
10/19/11,15.17
10/18/11,15.48
10/17/11,14.94
10/14/11,15.72
10/13/11,15.46
10/12/11,14.61
10/11/11,14.62
10/10/11,14.78
10/7/11,14.15
10/6/11,13.89
10/5/11,13.36
10/4/11,12.9
10/3/11,11.81
9/30/11,12.51
9/29/11,13.09
9/28/11,13.42
9/27/11,13.84
9/26/11,13.82
9/23/11,13.79
9/22/11,13.51
9/21/11,14.465
9/20/11,14.75
9/19/11,15.14
9/16/11,15.46
9/15/11,15.495
9/14/11,15.28
9/13/11,14.53
9/12/11,14.21
9/9/11,13.88
9/8/11,14.18
9/7/11,14.25
9/6/11,13.18
9/2/11,12.92
9/1/11,13.28
8/31/11,13.31
8/30/11,13.68
8/29/11,13.36
8/26/11,13.01
8/25/11,12.48
8/24/11,13.04
8/23/11,13.23
8/22/11,11.94
8/19/11,11.73
8/18/11,11.94
8/17/11,12.81
8/16/11,12.99
8/15/11,13.37
8/12/11,12.88
8/11/11,13.41
8/10/11,12.34
8/9/11,12.93
8/8/11,11.93
8/5/11,12.95
8/4/11,13.4
8/3/11,14.81
8/2/11,14.42
8/1/11,14.57
7/29/11,13.83
7/28/11,13.83
7/27/11,13.855
7/26/11,14.4
7/25/11,14.76
7/22/11,15
7/21/11,14.7
7/20/11,14.04
7/19/11,14.221
7/18/11,13.795
7/15/11,14.1
7/14/11,14.08
7/13/11,14.66
7/12/11,14.69
7/11/11,14.89
7/8/11,15.43
7/7/11,15.725
7/6/11,15.67
7/5/11,15.88
7/1/11,16.145
6/30/11,15.935
6/29/11,15.74
6/28/11,15.5
6/27/11,15.41
6/24/11,15.74
6/23/11,16.21
6/22/11,15.74
6/21/11,15.96
6/20/11,15.62
6/17/11,15.805
6/16/11,16.19
6/15/11,16.77
6/14/11,17.14
6/13/11,16.995
6/10/11,17.12
6/9/11,17.37
6/8/11,17.57
6/7/11,18.06
6/6/11,18.07
6/3/11,18.46
6/2/11,19.045
6/1/11,19.14
5/31/11,20.04
5/27/11,19.5
5/26/11,18.82
5/25/11,18.36
5/24/11,18.141
5/23/11,18.07
5/20/11,18.09
5/19/11,17.78
5/18/11,18.04
5/17/11,17.63
5/16/11,17.701
5/13/11,18.26
5/12/11,20.5
5/11/11,19.87
5/10/11,19.78
5/9/11,19.75
5/6/11,19.32
5/5/11,18.66
5/4/11,18.65
5/3/11,18.79
5/2/11,19.73
4/29/11,20
4/28/11,19.51
4/27/11,19.3
4/26/11,19.3
4/25/11,18.81
4/21/11,18.52
4/20/11,18.57
4/19/11,18.02
4/18/11,18.09
4/15/11,18.71
4/14/11,18.51
4/13/11,17.76
4/12/11,17.37
4/11/11,17.32
4/8/11,17.55
4/7/11,18.1
4/6/11,17.46
4/5/11,17.58
4/4/11,17.55
4/1/11,18.2
3/31/11,18.46
3/30/11,18.45
3/29/11,19.17
3/28/11,19.32
3/25/11,18.63
3/24/11,19.23
3/23/11,17.81
3/22/11,17.445
3/21/11,17.76
3/18/11,17.62
3/17/11,17.86
3/16/11,17.53
3/15/11,17.66
3/14/11,18.2
3/11/11,18.05
3/10/11,17.92
3/9/11,19.14
3/8/11,19.55
3/7/11,20.47
3/4/11,20.755
3/3/11,20.87
3/2/11,20.75
3/1/11,21.65
2/28/11,22.66
2/25/11,23.12
2/24/11,22.65
2/23/11,22.11
2/22/11,23.21
2/18/11,25.63
2/17/11,25.68
2/16/11,23.38
2/15/11,22.55
2/14/11,23.11
2/11/11,23.47
2/10/11,22.82
2/9/11,23.29
2/8/11,23.872
2/7/11,24.601
2/4/11,25.67
2/3/11,25.095
2/2/11,25.58
2/1/11,24.47
1/31/11,23.92
1/28/11,23.76
1/27/11,24.471
1/26/11,24.54
1/25/11,23.97
1/24/11,24.73
1/21/11,22.219
1/20/11,22.429
1/19/11,22.41
1/18/11,23.035
1/14/11,23.59
1/13/11,23.39
1/12/11,23.3525
1/11/11,20.31
1/10/11,20.631
1/7/11,19.87
1/6/11,19.33
1/5/11,16.98
1/4/11,15.77
1/3/11,15.82
12/31/10,15.4
12/30/10,14.99
12/29/10,14.94
12/28/10,14.94
12/27/10,15
12/23/10,14.92
12/22/10,15.03
12/21/10,14.87
12/20/10,14.31
12/17/10,14.37
12/16/10,14.2875
12/15/10,14.27
12/14/10,14.5925
12/13/10,14.5685
12/10/10,14.9475
12/9/10,14.8625
12/8/10,15.11
12/7/10,14.98
12/6/10,14.5125
12/3/10,14.79
12/2/10,14.38
12/1/10,14.21
11/30/10,13.609
11/29/10,13.75
11/26/10,13.6
11/24/10,13.77
11/23/10,13.44
11/22/10,13.76
11/19/10,13.752
11/18/10,13.32
11/17/10,12.92
11/16/10,12.7125
11/15/10,13.1005
11/12/10,13.26
11/11/10,12.611
11/10/10,12.74
11/9/10,12.59
11/8/10,12.6575
11/5/10,12.605
11/4/10,12.4
11/3/10,12.38
11/2/10,12.285
11/1/10,12.04
10/29/10,12.0205
10/28/10,12.05
10/27/10,12.04
10/26/10,11.87
10/25/10,11.91
10/22/10,11.8
10/21/10,11.09
10/20/10,11.29
10/19/10,11.2875
10/18/10,11.36
10/15/10,11.2895
10/14/10,11.16
10/13/10,11.34
10/12/10,11.015
10/11/10,10.81
10/8/10,10.86
10/7/10,10.7
10/6/10,10.78
10/5/10,11.32
10/4/10,11.24
10/1/10,11.35
9/30/10,11.682
9/29/10,11.88
9/28/10,11.971
9/27/10,11.995
9/24/10,12.26
9/23/10,11.62
9/22/10,11.39
9/21/10,11.29
9/20/10,10.7099
9/17/10,10.55
9/16/10,10.565
9/15/10,10.56
9/14/10,10.54
9/13/10,10.64
9/10/10,10.07
9/9/10,10.18
9/8/10,10.32
9/7/10,9.99
9/3/10,9.899
9/2/10,9.57
9/1/10,9.401
8/31/10,9.325
8/30/10,9.64
8/27/10,10.12
8/26/10,9.8
8/25/10,9.92
8/24/10,9.72
8/23/10,9.82
8/20/10,9.97
8/19/10,9.88
8/18/10,9.32
8/17/10,9.27
8/16/10,9.15
8/13/10,9.39
8/12/10,8.961
8/11/10,8.8825
8/10/10,9.2425
8/9/10,9.64
8/6/10,9.55
8/5/10,9.44
8/4/10,9.32
8/3/10,8.94
8/2/10,9.18
7/30/10,9.19
7/29/10,9.13
7/28/10,10.13
7/27/10,10.46
7/26/10,10.55
7/23/10,10.36
7/22/10,10.54
7/21/10,10.37
7/20/10,10.72
7/19/10,10.46
7/16/10,10.05
7/15/10,10.72
7/14/10,11.03
7/13/10,10.92
7/12/10,10.54
7/9/10,10.35
7/8/10,10.31
7/7/10,10.63
7/6/10,10.14
7/2/10,10.25
7/1/10,10.38
6/30/10,10.21
6/29/10,10.48
6/28/10,11.1
6/25/10,11.08
6/24/10,11.11
6/23/10,11.69
6/22/10,11.56
6/21/10,12.01
6/18/10,12.3
6/17/10,12.22
6/16/10,11.77
6/15/10,11.9225
6/14/10,11.36
6/11/10,11.61
6/10/10,11.35
6/9/10,10.91
6/8/10,11.18
6/7/10,11.5025
6/4/10,12.095
6/3/10,12.7
6/2/10,12.72
6/1/10,12.58
5/28/10,13.14
5/27/10,13.5
5/26/10,12.75
5/25/10,12.69
5/24/10,12.36
5/21/10,12.73
5/20/10,12.46
5/19/10,12.76
5/18/10,12.56
5/17/10,12.99
5/14/10,12.96
5/13/10,14.65
5/12/10,14.68
5/11/10,14.4
5/10/10,14.56
5/7/10,13.96
5/6/10,14.2
5/5/10,14.5
5/4/10,14.75
5/3/10,15.54
4/30/10,15.71
4/29/10,16.65
4/28/10,16.16
4/27/10,16.13
4/26/10,16.6
4/23/10,16.44
4/22/10,16.67
4/21/10,16.6
4/20/10,17.04
4/19/10,16.98
4/16/10,17.06
4/15/10,18.01
4/14/10,17.88
4/13/10,17.66
4/12/10,17.3
4/9/10,16.99
4/8/10,16.88
4/7/10,17.16
4/6/10,17.05
4/5/10,17.48
4/1/10,17.22
3/31/10,17.4
3/30/10,17.63
3/29/10,17.56
3/26/10,17.34
3/25/10,17.34
3/24/10,17.29
3/23/10,17.89
3/22/10,17.53
3/19/10,17.25
3/18/10,17.46
3/17/10,18.1
3/16/10,17.755
3/15/10,17.16
3/12/10,17.25
3/11/10,17.19
3/10/10,17.59
3/9/10,17.55
3/8/10,16.92
3/5/10,17.17
3/4/10,16.66
3/3/10,16.63
3/2/10,16.84
3/1/10,16.85
2/26/10,16.2
2/25/10,16.4
2/24/10,16.55
2/23/10,16.21
2/22/10,16.61
2/19/10,16.58
2/18/10,16.67
2/17/10,17.84
2/16/10,17.67
2/12/10,17.35
2/11/10,17.12
2/10/10,16.37
2/9/10,16.06
2/8/10,16.19
2/5/10,16.22
2/4/10,15.9
2/3/10,16.88
2/2/10,16.74
2/1/10,16.57
1/29/10,15.39
1/28/10,16.09
1/27/10,16.65
1/26/10,16.21
1/25/10,16.74
1/22/10,16.46
1/21/10,17.05
1/20/10,17.355
1/19/10,17.43
1/15/10,17.11
1/14/10,17.63
1/13/10,17.91
1/12/10,17.67
1/11/10,18.29
1/8/10,18.55
1/7/10,18.51
1/6/10,18.88
1/5/10,18.76
1/4/10,18.49
12/31/09,18.68
12/30/09,18.67
12/29/09,18.02
12/28/09,17.8
12/24/09,18.09
12/23/09,18.13
12/22/09,17.88
12/21/09,17.42
12/18/09,16.82
12/17/09,16.83
12/16/09,16.91
12/15/09,15.65
12/14/09,15.67
12/11/09,15.21
12/10/09,15.41
12/9/09,15.69
12/8/09,15.31
12/7/09,16.09
12/4/09,14.26
12/3/09,13.83
12/2/09,13.72
12/1/09,13.32
11/30/09,13.06
11/27/09,12.79
11/25/09,13.07
11/24/09,12.92
11/23/09,13
11/20/09,12.9
11/19/09,12.98
11/18/09,13.52
11/17/09,13.73
11/16/09,13.75
11/13/09,13.56
11/12/09,13.46
11/11/09,13.5
11/10/09,13.13
11/9/09,13.46
11/6/09,13.16
11/5/09,12.27
11/4/09,11.98
11/3/09,12.01
11/2/09,12.07
10/30/09,11.96
10/29/09,12.55
10/28/09,12.02
10/27/09,12.54
10/26/09,12.98
10/23/09,13.15
10/22/09,13.47
10/21/09,13.38
10/20/09,13.71
10/19/09,13.7
10/16/09,13.22
10/15/09,13.53
10/14/09,13.94
10/13/09,13.96
10/12/09,14.01
10/9/09,14.17
10/8/09,13.99
10/7/09,13.9
10/6/09,14.01
10/5/09,13.78
10/2/09,13.85
10/1/09,13.96
9/30/09,15.03
9/29/09,14.56
9/28/09,14.83
9/25/09,14.5
9/24/09,14.74
9/23/09,14.94
9/22/09,15.18
9/21/09,15.15
9/18/09,15.22
9/17/09,15.24
9/16/09,15.94
9/15/09,16.38
9/14/09,16.05
9/11/09,16.318
9/10/09,16.47
9/9/09,15.96
9/8/09,15.53
9/4/09,15.11
9/3/09,14.57
9/2/09,14.23
9/1/09,14.03
8/31/09,14.52
8/28/09,14.73
8/27/09,14.01
8/26/09,13.82
8/25/09,13.66
8/24/09,13.54
8/21/09,13.93
8/20/09,13.7
8/19/09,13.18
8/18/09,13.33
8/17/09,12.86
8/14/09,13.42
8/13/09,13.83
8/12/09,13.43
8/11/09,12.95
8/10/09,13.26
8/7/09,13.71
8/6/09,13.12
8/5/09,13.4
8/4/09,13.37
8/3/09,13.28
7/31/09,12.93
7/30/09,12.88
7/29/09,12.78
7/28/09,13.04
7/27/09,13.02
7/24/09,12.96
7/23/09,13
7/22/09,12.27
7/21/09,11.97
7/20/09,12.22
7/17/09,12.07
7/16/09,11.73
7/15/09,11.15
7/14/09,10.71
7/13/09,10.49
7/10/09,10.37
7/9/09,10.33
7/8/09,10.11
7/7/09,10.09
7/6/09,10.55
7/2/09,10.9
7/1/09,11.34
6/30/09,11.29
6/29/09,11.57
6/26/09,11.57
6/25/09,11.42
6/24/09,10.85
6/23/09,10.5
6/22/09,10.55
6/19/09,11.18
6/18/09,11.06
6/17/09,11.28
6/16/09,11.01
6/15/09,11.32
6/12/09,11.51
6/11/09,11.57
6/10/09,11.72
6/9/09,11.36
6/8/09,10.77
6/5/09,10.83
6/4/09,10.89
6/3/09,10.51
6/2/09,10.85
6/1/09,10.94
5/29/09,10.43
5/28/09,10.51
5/27/09,10.37
5/26/09,10.35
5/22/09,9.82
5/21/09,9.67
5/20/09,9.73
5/19/09,9.45
5/18/09,9.27
5/15/09,8.74
5/14/09,8.52