Date,Open,High,Low,Close,Volume
1/2/2015,357.98,359.89,352.44,356.73,367144
1/5/2015,353.24,354.27,346.6,347.5,465904
1/6/2015,348.7,351.63,338.55,342.1,626376
1/7/2015,345.15,349.98,344.26,349.34,388392
1/8/2015,352.84,354.65,351.59,353.42,480797
1/9/2015,353.99,354.52,346.94,349.23,542597
1/12/2015,350.21,352.38,344.25,346.93,331528
1/13/2015,349.78,354.49,344.9,347.98,406689
1/14/2015,345.58,347.66,340.5,345.75,717606
1/15/2015,349.07,349.58,340.57,342.45,662086
1/16/2015,344.49,348.61,339.1,348.07,916411
1/20/2015,350.01,351.6,344.67,346.59,939892
1/21/2015,344.63,351,342.51,349.5,823010
1/22/2015,354,362.03,348.47,360.79,716518
1/23/2015,361.27,361.72,355.11,355.12,418521
1/26/2015,354,358.45,352.65,357.39,469958
1/27/2015,353.25,355,350.78,351.48,435935
1/28/2015,353.49,354.71,344.77,345.03,562255
1/29/2015,345.79,348.16,342.77,346.94,593738
1/30/2015,345.09,347.96,340.27,340.51,663236
2/2/2015,342.37,348.1,339.44,347.64,610213
2/3/2015,348.06,353.4,348.06,352.95,655289
2/4/2015,346.54,354.33,344.95,350.78,544680
2/5/2015,352.34,359.82,352.01,358.82,743609
2/6/2015,362.25,367.47,360.15,362.43,653696
2/9/2015,360.03,362.59,358.83,360.87,403079
2/10/2015,365,372.05,364.34,370.67,726933
2/11/2015,369.55,372.25,367.29,369.9,461330
2/12/2015,370,375.46,370,374.88,445494
2/13/2015,374.89,378.03,373.8,376.04,553701
2/17/2015,379.51,382.84,377.8,380.33,1122430
2/18/2015,380.54,381.17,376.79,377.86,583220
2/19/2015,376.69,379.43,376.05,377.61,499029
2/20/2015,375.72,377.67,373.15,376.64,774270
2/23/2015,377.17,378,373.7,376.43,443593
2/24/2015,377.71,379.88,377,378.11,451672
2/25/2015,377.74,378.65,375.56,375.92,443439
2/26/2015,374.79,377.01,373.25,375.02,397656
2/27/2015,375.02,376.85,371.38,371.42,702198
3/2/2015,367.88,376.69,367.88,376.42,478004
3/3/2015,374.28,375.65,370.85,373.66,428941
3/4/2015,369.05,370.91,367.21,369.14,371053
3/5/2015,370,371.48,367.34,369.94,366051
3/6/2015,369.53,375.54,364.85,365.47,538753
3/9/2015,365.47,367.97,363.54,364.59,519328
3/10/2015,361.24,362.75,356.07,356.19,531248
3/11/2015,357.15,359.84,356.63,358.41,464714
3/12/2015,360.6,368.93,360.6,368.71,474376
3/13/2015,368.99,369.98,364.2,367.74,521772
3/16/2015,370.67,374.74,369.72,374.08,491752
3/17/2015,373.04,376.14,371.53,374.26,531570
3/18/2015,373.97,380.99,371.45,377.76,595733
3/19/2015,376,376.45,369.12,369.95,633193
3/20/2015,370.62,379.59,370.42,378.64,681562
3/23/2015,377.92,380.82,374.02,374.33,453001
3/24/2015,373.32,373.93,369.1,369.1,452763
3/25/2015,369.89,372.05,363.76,363.92,391491
3/26/2015,360.74,364.81,360.01,362.15,417686
3/27/2015,361.84,363.74,360.25,361.63,386944
3/30/2015,363.1,369.62,363.1,368.1,471010
3/31/2015,366.21,368.14,364.7,365.84,427173
4/1/2015,364.51,366.93,361.84,362.57,593943
4/2/2015,363.32,367.15,362.67,366.4,351835
4/6/2015,362.86,369.12,361.55,366.98,345365
4/7/2015,366.75,370.9,366.33,368.62,448748
4/8/2015,370.05,371.45,367.45,369.71,569370
4/9/2015,370,371.78,367.68,371.53,392705
4/10/2015,372.52,372.99,368.02,369.45,348375
4/13/2015,369.95,373,369.65,369.69,421032
4/14/2015,369.85,374.19,367.09,373.66,581678
4/15/2015,374.38,377.28,373.45,376.66,710703
4/16/2015,378.52,378.79,364.37,372.18,902460
4/17/2015,369.69,372,363.16,365.4,798844
4/20/2015,368,370.93,367.43,369.71,416519
4/21/2015,371.68,371.89,367.1,367.52,448573
4/22/2015,369.09,371.22,365.4,369.51,451959
4/23/2015,368.5,372.56,366.93,371.93,432672
4/24/2015,372.73,373.88,369.78,372.98,355725
4/27/2015,374.59,376.73,371.18,371.89,354750
4/28/2015,370.17,377.99,370.17,377.85,395736
4/29/2015,375.62,378.8,365.82,366.67,981732
4/30/2015,366.27,368.9,362.34,363.94,673283
5/1/2015,366.53,369.22,365.02,368.64,412939
5/4/2015,369.79,371.68,368.74,370.27,375569
5/5/2015,368.48,371.77,365.12,366.05,380754
5/6/2015,366.39,367.89,361.05,363.4,427776
5/7/2015,363.5,367.57,362.83,365.68,431389
5/8/2015,367.35,371.26,365.69,370.04,446130
5/11/2015,369.55,372.14,367.69,367.78,431878
5/12/2015,365.87,366.18,362.38,365.17,452347
5/13/2015,364.48,366.54,363.51,365.13,435016
5/14/2015,367.52,371.51,366.9,371.47,419021
5/15/2015,372,372.66,368.57,370.85,415755
5/18/2015,370.16,371.97,368.74,370.71,391916
5/19/2015,371.69,372.95,368.92,371.08,406122
5/20/2015,370.63,371.66,367.68,370.25,448040
5/21/2015,370.5,371.77,368.03,368.22,390534
5/22/2015,368.39,369.46,367.53,368.08,303676
5/26/2015,367.01,368.41,364.82,365.03,696031
5/27/2015,366.03,369.68,364.78,368.68,352508
5/28/2015,366.98,369.76,366.07,369.51,358134
5/29/2015,369.47,369.47,365,365.78,626999
6/1/2015,366.08,367.27,362.65,364.27,418389
6/2/2015,362.8,364.68,360.54,363.4,430777
6/3/2015,364.39,367.01,362.52,364.95,464446
6/4/2015,362.72,364.52,356.4,357.83,639962
6/5/2015,358,360.39,350.43,355.32,740546
6/8/2015,356.45,357.78,353.16,353.45,682955
6/9/2015,353.88,356.11,352.01,352.73,538956
6/10/2015,354.99,357.91,354.28,355.61,768464
6/11/2015,356.73,358.83,355.01,356.81,585815
6/12/2015,356,356.7,352.82,353.43,518012
6/15/2015,351.63,356.8,348.47,355.28,1096919
6/16/2015,353.84,357.96,353.84,357.28,351876
6/17/2015,358.96,360.11,356.37,357.3,462743
6/18/2015,358,361.81,356.59,360.88,445307
6/19/2015,359.88,361.18,357.72,359.19,658867
6/22/2015,360.85,363.53,358.63,358.96,430644
6/23/2015,359.5,361.49,359.11,360.15,420769
6/24/2015,360.02,360.99,355.01,355.57,559575
6/25/2015,355.57,356.48,350.88,351.13,482272
6/26/2015,353.06,354.9,351.9,354.47,642947
6/29/2015,350.38,352,344.34,344.54,558738
6/30/2015,347.95,349.14,343.85,345.98,776707
7/1/2015,350,352.09,345.62,347.4,495371
7/2/2015,348.23,348.5,343.66,345.4,433897
7/6/2015,342.36,345.74,340.01,342.81,698810
7/7/2015,343.08,344.41,335.69,342.61,853570
7/8/2015,340,341.03,333.64,334.12,955602
7/9/2015,341.05,342.37,336.31,336.89,797278
7/10/2015,339.94,341.21,337.28,339.46,1156433
7/13/2015,342.57,345.42,341.67,344.26,800668
7/14/2015,342.86,344.35,340.63,342.73,1213969
7/15/2015,343.41,347.82,340.9,346.49,1107366
7/16/2015,349.65,354.99,349.04,354.28,806089
7/17/2015,353.1,355.69,351.6,354.54,729200
7/20/2015,355.97,356.01,351.87,353.1,441859
7/21/2015,352.44,354.42,350.54,351.82,481673
7/22/2015,352,352.35,349.4,350,720250
7/23/2015,350.08,351.19,345.58,346.44,526510
7/24/2015,345.82,347.71,340.25,341.41,630500
7/27/2015,339.5,341.38,334.2,336.24,882235
7/28/2015,338.88,338.88,335.39,336.84,713194
7/29/2015,337.22,341,336,339.84,664533
7/30/2015,339.71,341.04,337.79,338.75,622316
7/31/2015,339.59,341.72,335.77,336.32,507794
8/3/2015,336.67,339.14,332.51,334.7,528588
8/4/2015,335.55,337.11,330.26,332.44,676734
8/5/2015,334,338.14,334,334.69,663558
8/6/2015,335.47,336.19,331.73,333.07,583768
8/7/2015,332.31,334.57,329.16,331.85,369211
8/10/2015,334.1,338.36,332.7,335.59,514413
8/11/2015,333.05,333.99,329,330,695581
8/12/2015,325.7,328.31,319.92,327.13,790318
8/13/2015,327.93,329.4,325.03,325.91,474945
8/14/2015,325.98,328.71,325,328.14,450050
8/17/2015,326.25,329.53,325.16,329.33,387577
8/18/2015,328,329.04,327.07,328.72,442630
8/19/2015,327.71,329,323.01,323.26,720879
8/20/2015,321.81,322.42,316.69,317.06,744533
8/21/2015,313.21,316.79,306.95,307.27,1195700
8/24/2015,291.4,306.15,275,299.17,1585820
8/25/2015,309.98,311.67,294.65,294.66,1259691
8/26/2015,302.5,304.15,295.59,303.09,1351682
8/27/2015,306.53,314.99,306.53,314.47,945540
8/28/2015,312.58,312.58,307.6,311.23,783422
8/31/2015,307.26,308.76,302.04,302.47,786847
9/1/2015,293.73,296.77,291.46,294.3,1541506
9/2/2015,297.3,298.53,294.24,298.53,1341746
9/3/2015,299.56,301.47,298.17,300.26,1149298
9/4/2015,295.65,297.41,292.4,294.24,985480
9/8/2015,299.63,302.49,296.83,301.43,934645
9/9/2015,304.95,306.66,296.08,296.77,698178
9/10/2015,297.8,303.84,296.78,301.31,952931
9/11/2015,301,303.59,298.8,303.31,804826
9/14/2015,303.25,303.75,300.27,301.06,567383
9/15/2015,303.6,308.54,301.51,307.9,951198
9/16/2015,309.8,314.23,307.81,313.51,959356
9/17/2015,312.23,316.74,310.66,311.63,964250
9/18/2015,307.74,313.58,307.74,308.87,1570579
9/21/2015,310.2,313.9,309.57,312.39,728523
9/22/2015,307.75,307.75,301.75,304.33,814567
9/23/2015,304.09,305.54,301.45,303.26,454786
9/24/2015,301,301.91,299.05,300.51,726497
9/25/2015,304.14,306.49,300.91,302.98,645726
9/28/2015,300.12,303,293.76,294.06,732539
9/29/2015,295.27,296.49,291,293.52,794096
9/30/2015,301,301.67,294.58,297.47,756235
10/1/2015,297.07,298.76,291.5,295.92,814510
10/2/2015,291,303.39,289.15,303.36,855707
10/5/2015,306.19,314.31,305.22,313.61,936196
10/6/2015,312.7,314.28,310.73,312.73,725605
10/7/2015,315.51,321.32,315.12,320.64,1105279
10/8/2015,319.12,319.87,316.67,318.57,653577
10/9/2015,318.57,320.99,315.09,318.11,580749
10/12/2015,318.69,318.69,311.76,315.66,613160
10/13/2015,312.7,317.37,312.34,315.12,890030
10/14/2015,320.27,326.38,317,322.47,1124703
10/15/2015,324.45,327.26,320.59,325.63,737395
10/16/2015,327.35,331.28,325.29,330.83,741543
10/19/2015,329.34,330.04,326.4,327.88,584994
10/20/2015,326.47,328.37,325.93,327.15,443237
10/21/2015,327.64,329.12,321.69,321.98,628015
10/22/2015,323.95,335.87,322.81,335.35,722000
10/23/2015,338.27,341.25,336.14,340.79,959072
10/26/2015,339.91,340.39,335.91,337.02,600132
10/27/2015,335.74,336.14,333.03,335.57,388709
10/28/2015,336.63,346.33,335.99,346.32,951126
10/29/2015,345.68,350.99,343.5,349.86,929477
10/30/2015,351.26,354.59,349.04,351.97,1601852
11/2/2015,353.66,356.61,352,354.57,812242
11/3/2015,353.19,360,353.19,358.47,850887
11/4/2015,358.96,360.99,355.06,356.49,749542
11/5/2015,355.99,359.45,355.18,357.3,510733
11/6/2015,359.95,361.5,353.74,356.7,561444
11/9/2015,355.21,357.74,347.15,349.57,1278917
11/10/2015,347.24,351.1,344.73,350.27,714042
11/11/2015,352.21,352.82,349.78,350.5,454838
11/12/2015,346.52,349.77,345.02,345.74,636999
11/13/2015,345.28,347.32,342.47,343.25,590585
11/16/2015,343.26,352.96,342.58,352.33,672678
11/17/2015,352.41,357.92,350.85,353.42,578083
11/18/2015,354.68,361.06,352.45,360.63,535931
11/19/2015,360.53,361.03,357.95,359.09,489760
11/20/2015,361.07,363.57,360.8,362.46,530360
11/23/2015,362.85,364.56,361.07,363.25,423868
11/24/2015,360.53,361.46,356.38,356.81,807801
11/25/2015,358.01,362.26,356.8,360.62,415494
11/27/2015,359.65,360,355.27,358.39,263486
11/30/2015,359.16,364.87,358.34,363.72,870246
12/1/2015,362.94,364.81,360.24,361.73,738986
12/2/2015,360.7,363.41,356.13,358.92,1081150
12/3/2015,359.08,360.62,350.11,352,890944
12/4/2015,353.91,361.66,351.68,360.76,684546
12/7/2015,359.42,360.39,353.22,355.47,583000
12/8/2015,353.4,354.94,346.56,348.94,758722
12/9/2015,348.04,353.49,343.13,344.57,663970
12/10/2015,344.25,349.04,342.82,345.25,659392
12/11/2015,340.64,341.86,321.22,322.78,1636100
12/14/2015,322.68,327.81,314.62,319.6,1267566
12/15/2015,324.95,331.43,322.65,329.54,1032479
12/16/2015,331.1,334,322.16,331,1142466
12/17/2015,332.85,336.35,328.58,330.21,1127062
12/18/2015,326.98,328.15,321.43,321.47,1020191
12/21/2015,325.63,328.12,322.48,325.55,534462
12/22/2015,326,331.42,322.47,330.51,711685
12/23/2015,333.81,340.17,332.59,339.64,678370
12/24/2015,340.37,340.87,335.18,337.4,240267
12/28/2015,336.94,342.82,334.88,342.45,866044
12/29/2015,344.77,347.15,341.99,343.6,480298
12/30/2015,342.36,345.19,341.22,342.05,357250
12/31/2015,339.94,345.75,337.8,340.52,500006
1/4/2016,333.04,333.46,329.01,333.1,958864
1/5/2016,334.19,336.1,329.12,333.96,803203
1/6/2016,327.28,331.9,327,330.16,1138503
1/7/2016,320.6,325.65,312.61,315.73,1286052
1/8/2016,317.56,319.76,307.03,307.78,1500286
1/11/2016,309.07,310,304.37,308.32,1258384
1/12/2016,312.42,314.6,307.59,313.59,1096797
1/13/2016,315.21,318.43,303.62,304.61,1200037
1/14/2016,305.26,315.45,299.31,310,1373720
1/15/2016,298.96,299.95,290.46,296.58,1972566
1/19/2016,300.4,301.76,290.48,294,1070400
1/20/2016,288.67,294.15,280.55,292,1685858
1/21/2016,292.79,296.89,289.48,289.9,1099583
1/22/2016,295.84,301.89,294.99,300.56,780613
1/25/2016,300.06,300.94,289.2,289.72,1010540
1/26/2016,292.46,300.43,291.27,299.26,1066418
1/27/2016,299,311,297.38,302.12,1147918
1/28/2016,302.61,307.81,298.04,299.17,1023807
1/29/2016,303.37,314.34,301.9,314.26,986460
2/1/2016,311.91,314.5,306.68,312.25,755126
2/2/2016,305.82,305.82,298.02,301.21,1061299
2/3/2016,301.7,306.91,290.07,304.06,1372264
2/4/2016,302.25,316,302.25,313.7,1037604
2/5/2016,312.03,315.17,306.35,307.75,1057557
2/8/2016,301.36,301.36,289.37,293.46,1162881
2/9/2016,287,297.61,286.52,294.53,878847
2/10/2016,299.29,305.73,297.13,298.56,711725
2/11/2016,289.47,297.23,289,294.21,1266304
2/12/2016,300.18,307.5,297.04,306.8,941679
2/16/2016,312.03,315.65,309.33,314.47,764566
2/17/2016,318.84,321.27,316.99,319.88,888075
2/18/2016,319.52,320.05,314.14,315.97,660851
2/19/2016,313.07,314.55,307.59,314.29,835258
2/22/2016,318.84,321.72,312.25,316.45,818046
2/23/2016,315,317.42,306.41,309.86,758685
2/24/2016,304.49,311.87,297.89,307.98,845653
2/25/2016,309.59,313.75,303.87,313.62,608762
2/26/2016,316.6,318.57,311.92,313.92,678187
2/29/2016,312.6,315.63,311.09,311.96,874588
3/1/2016,315.27,323.03,314.13,322.57,832284
3/2/2016,320.1,327.23,318.4,326.73,1051437
3/3/2016,323.46,324.97,320.43,323.14,838419
3/4/2016,323.28,325.87,320.7,323.76,671978
3/7/2016,320.52,327.86,317.83,326.73,682396
3/8/2016,323.3,325,316.75,320.4,674454
3/9/2016,323.91,328.35,321,328.31,1179242
3/10/2016,329.77,330,320,324.99,688346
3/11/2016,330,340.19,326.65,339.65,905925
3/14/2016,337.46,338.91,334.21,337.82,631270
3/15/2016,333.13,334.33,330.39,334.13,627305
3/16/2016,333.15,335.5,329.59,334.07,674534
3/17/2016,334.23,344.73,332.67,341.94,209468
3/18/2016,344.21,346.96,339.63,342.56,763474
3/21/2016,342.77,345.82,339.04,341.98,685060
3/22/2016,337.17,342.83,337.17,340.22,490102
3/23/2016,340.98,341.86,337.3,339.23,466515
3/24/2016,336.47,337.87,331.73,334.28,662382
3/28/2016,336,338.64,334.21,336.91,444555
3/29/2016,336.24,340.43,332,339.91,635007
3/30/2016,343.63,344.91,340.81,341.37,463395
3/31/2016,340.34,344.2,339.93,340.57,511508
4/1/2016,337.27,344.56,335.07,342.53,717695
4/4/2016,342,343.29,336.24,338.52,553117
4/5/2016,335.92,336.66,331.45,334.8,523888
4/6/2016,334.4,338.73,334.09,337.2,463490
4/7/2016,334.37,335.87,326.93,328.37,530599
4/8/2016,332.74,335.24,330.8,331.6,360616
4/11/2016,334.91,337.16,332.78,332.96,435082
4/12/2016,334.04,339.87,332.33,339.31,559556
4/13/2016,343,348.62,341.42,348.29,959780
4/14/2016,343,356.2,342,354.91,833684
4/15/2016,354.42,358.31,353.59,357.74,1108939
4/18/2016,353,359.45,351.05,358,842228
4/19/2016,361.54,366.31,361.2,364.66,834447
4/20/2016,365.94,368.91,364.45,366.92,610731
4/21/2016,364.36,367.88,362.24,364.09,607856
4/22/2016,365.16,369.21,363.83,365.47,512090
4/25/2016,364.01,365,360.47,363.66,482748
4/26/2016,363.74,366,362.31,365.96,413415
4/27/2016,366,369.33,363.81,367.47,451219
4/28/2016,363.2,365.88,357.68,358.83,509447
4/29/2016,356.63,358.04,353.15,356.33,586693
5/2/2016,358.77,362.68,355.12,361.5,739138
5/3/2016,356,356.63,352.08,355.69,485342
5/4/2016,352.59,355.53,350.73,352.17,599382
5/5/2016,352.42,354.5,351.17,352.08,521642
5/6/2016,350.56,357.09,350.23,356.01,509453
5/9/2016,355.95,357.75,353.29,355.01,410698
5/10/2016,358,360.3,355.77,360.18,456638
5/11/2016,358.4,359.78,353.42,353.82,482924
5/12/2016,356.56,357.71,352.68,355.6,393876
5/13/2016,354.72,357.85,346.27,347.29,559096
5/16/2016,347.61,354.15,347.61,351.83,489029
5/17/2016,350.78,352.86,347.62,348.82,647222
5/18/2016,347.05,356.71,347.05,353.49,625761
5/19/2016,350.38,353.22,345.69,350.57,555533
5/20/2016,353.61,357.33,352.17,354.01,515982
5/23/2016,354,356.53,353.17,353.9,341103
5/24/2016,358,361.71,356.4,361.18,611395
5/25/2016,363.44,365.47,363.13,364.09,485678
5/26/2016,364.1,364.85,361.44,363.1,342711
5/27/2016,363.34,366.05,363.34,365.09,314421
5/31/2016,366.3,366.3,361.99,363.85,625653
6/1/2016,361.56,365.92,358.85,364.59,447489
6/2/2016,360.88,363.16,356.71,361.11,519437
6/3/2016,358.49,359.88,351.88,359.37,473860
6/6/2016,358.88,364.48,358.88,362.06,435867
6/7/2016,363.26,363.64,358.81,359.06,484853
6/8/2016,358.56,361.67,358.4,360.35,335915
6/9/2016,356.65,359,355.39,357.96,331383
6/10/2016,351.5,352.37,345.64,346.97,768412
6/13/2016,346.16,350.57,344.47,344.59,532816
6/14/2016,343.08,344.59,339.49,339.79,748870
6/15/2016,342.33,344.08,339.01,339.55,747422
6/16/2016,336.88,339.9,332.01,339.46,660676
6/17/2016,340.33,343.27,339.58,341.88,596899
6/20/2016,349.51,351.97,347.84,348.43,677570
6/21/2016,349.11,350.59,346.51,348,343241
6/22/2016,348.5,351.74,346.74,347.67,442493
6/23/2016,352.81,356.93,351.91,356.85,421219
6/24/2016,337.13,343.88,331.01,332.51,1480673
6/27/2016,326.48,326.63,317.6,319.54,1231024
6/28/2016,324.33,326.97,318,323.96,648614
6/29/2016,329,336.92,327.25,336.74,852780
6/30/2016,337.96,342.67,334.23,342.53,753556
7/1/2016,342.03,346.3,339.6,341.28,475705
7/5/2016,338.66,339.17,332.53,336.08,513757
7/6/2016,332.5,338.2,329.58,336.11,708120
7/7/2016,335,337.55,331.21,335.11,776563
7/8/2016,341.58,345.39,339.04,345.2,533867
7/11/2016,348.04,349.44,345.14,347.5,404417
7/12/2016,350.01,357.84,349.55,357.37,875351
7/13/2016,357.58,358.89,354.01,357.5,569215
7/14/2016,354.5,362,352.99,355.19,799529
7/15/2016,355.94,357.59,351.13,356.85,654424
7/18/2016,357.56,359.69,356.8,357.78,448442
7/19/2016,355.46,357.48,355.4,356.58,353204
7/20/2016,358.66,360.73,355.58,359.78,433788
7/21/2016,359.28,360.3,357.66,359.5,593024
7/22/2016,360.4,363.21,359.27,363.05,504439
7/25/2016,363,363.78,360.08,361.42,419957
7/26/2016,360.75,362.74,358.67,361.93,358315
7/27/2016,362.19,365.67,361.21,363.31,458425
7/28/2016,362.64,364.98,360.69,363.37,407274
7/29/2016,362.87,367.22,362.8,366.25,648510
8/1/2016,366.66,368.45,365.52,368.32,806594
8/2/2016,366.1,367.92,364.98,367.08,745569
8/3/2016,367.08,369,366.37,368.16,821821
8/4/2016,367.67,369.16,365.65,366.25,453224
8/5/2016,370.28,375.26,369.01,374.75,675529
8/8/2016,374.54,375.95,370.93,371.69,550600
8/9/2016,372.5,372.5,368.24,368.65,534895
8/10/2016,369.52,369.52,365.51,366.44,489035
8/11/2016,366.29,368.81,366.29,367.39,495647
8/12/2016,365,367.07,364,366.6,361088
8/15/2016,368,371.77,367.73,370.74,369004
8/16/2016,369.12,370.95,366.99,367.07,313090
8/17/2016,367.02,370.42,366.56,370.1,338310
8/18/2016,369.02,370.9,369.02,370.79,291216
8/19/2016,369.93,372.98,367.74,372.05,378941
8/22/2016,371.9,372.49,369.75,371.55,390643
8/23/2016,374.48,374.48,372.15,372.28,284004
8/24/2016,371.65,372.76,368.36,369.12,401740
8/25/2016,368,369.36,366.67,368.5,485993
8/26/2016,370,373.91,368.52,371.09,362411
8/29/2016,372.14,375.72,371.86,373.8,362900
8/30/2016,374.1,376.65,373.6,376,631429
8/31/2016,372.52,374.04,370.66,372.81,618377
9/1/2016,374.12,375.83,366.72,372.17,457515
9/2/2016,374.51,375.69,371.91,373.85,294065
9/6/2016,373.81,374.49,369.76,371.59,532476
9/7/2016,369.86,373.65,368,373.54,378740
9/8/2016,372.02,373.44,371.18,372.38,380102
9/9/2016,369.66,370.17,362.13,362.18,648209
9/12/2016,360,369.32,358.42,368.1,868690
9/13/2016,365.57,367.75,358.86,360.91,689239
9/14/2016,361.78,364.74,359.28,360.7,394517
9/15/2016,360.7,366.86,359.35,365.5,592479
9/16/2016,362.64,366.58,360.11,365.97,1122310
9/19/2016,368.87,372.41,366.52,367.96,547788
9/20/2016,371.81,371.81,365.71,365.71,462035
9/21/2016,367.66,371.24,366.33,370.37,488051
9/22/2016,373.68,375.95,372.3,373.87,557054
9/23/2016,372.09,373.26,365.55,365.65,549728
9/26/2016,363,364.56,359.9,360.7,487031
9/27/2016,359,362.61,358.29,361.79,496246
9/28/2016,363.78,363.79,359.14,361.68,503352
9/29/2016,360,363.64,354.02,357.23,665567
9/30/2016,359.95,363.88,358,362.46,580414
10/3/2016,361.7,364.13,357.73,360.07,623195
10/4/2016,360.5,361.52,355.26,356.03,711532
10/5/2016,357.63,359.72,355.67,358.24,705789
10/6/2016,358.25,359.23,356.04,356.8,707818
10/7/2016,356.99,358.6,355.5,357.21,789321
10/10/2016,360.01,362,357.98,358.8,461423
10/11/2016,357.26,357.26,350.39,351.87,557318
10/12/2016,352.47,353.97,350.39,351.1,500433
10/13/2016,348.52,350.94,344.42,349.34,576439
10/14/2016,354.8,357.27,350.78,354.91,790278
10/17/2016,355.42,356.97,352.95,354.6,624239
10/18/2016,355.5,359.67,355.44,356.59,704718
10/19/2016,356.74,357.18,352.72,352.72,813723
10/20/2016,352.61,354.71,348.78,349.17,1139050
10/21/2016,345.43,347.63,344.41,345.55,906905
10/24/2016,349.32,349.4,342.38,343.14,987940
10/25/2016,342.09,344.43,341.34,341.54,790381
10/26/2016,340.18,341,336.84,340.15,1149806
10/27/2016,341.63,342.57,337.15,340.28,703485
10/28/2016,341.75,342.45,337.77,339.69,614011
10/31/2016,341.49,343.14,339.02,341.24,809108
11/1/2016,343.36,343.42,338.53,340.96,795902
11/2/2016,340.86,341.72,337.43,338.61,668001
11/3/2016,339.47,343.11,338.71,341.14,714039
11/4/2016,341.36,348.72,339.9,345.8,1034794
11/7/2016,352.04,358.93,351.97,357.64,1080253
11/8/2016,356.04,356.84,351.95,353.49,777336
11/9/2016,352.92,365.94,349.04,364.42,1107351
11/10/2016,368.84,380.3,367.11,375.01,1442262
11/11/2016,371.85,373.95,367.79,371.19,660012
11/14/2016,373.78,375.44,369.79,373.81,772904
11/15/2016,373.82,374.22,367.51,372.15,1096757
11/16/2016,369.48,372.3,367.39,367.45,658358
11/17/2016,368.45,372.15,367.07,371.37,569138
11/18/2016,371.22,375.2,370.55,372.78,468931
11/21/2016,374.44,375.08,372.1,374.57,375640
11/22/2016,375.12,376.05,371.4,373.06,529095
11/23/2016,372.38,373.77,370.5,372.99,517837
11/25/2016,373.03,374.12,371.11,373.67,227062
11/28/2016,370.98,372.8,368.21,368.65,501797
11/29/2016,369.13,370.97,366.22,368.55,694626
11/30/2016,372.57,372.93,368.61,370.79,621879
12/1/2016,373.81,381.24,371.65,377.2,930236
12/2/2016,377.21,377.46,369.4,371.36,569010
12/5/2016,374.33,376.73,371.54,374.35,589242
12/6/2016,375.34,375.38,371.4,373.97,644176
12/7/2016,374.42,380.44,373.77,379.81,503808
12/8/2016,380.02,392.05,377.64,390.33,1115142
12/9/2016,391.9,391.95,386.2,388.54,934898
12/12/2016,394.28,396.64,385.26,390.28,1460881
12/13/2016,391.28,395.04,389.13,392.64,906956
12/14/2016,391.22,396.91,388.81,390,942688
12/15/2016,391.52,394.7,388.81,393.75,630221
12/16/2016,395.23,396.4,391,392.62,1023375
12/19/2016,392.25,393.55,389,389.77,812185
12/20/2016,392.41,399.46,392.22,398.45,716418
12/21/2016,398.82,399.09,392.21,393.53,672197
12/22/2016,390.26,390.26,385.33,387.12,863153
12/23/2016,387.12,388.84,384.35,385.74,579765
12/27/2016,388.01,388.58,385.62,387.49,285646
12/28/2016,388.38,388.74,380.71,381.03,506110
12/29/2016,381.34,384.19,378.92,379,485336
12/30/2016,381.56,382.35,378.64,380.54,515629
1/3/2017,384.62,387.95,382.28,386.43,743947
1/4/2017,384.65,386.97,383.16,386.66,680837
1/5/2017,384.98,386.7,380.08,382.54,468371
1/6/2017,383.57,385.47,381.43,384.3,453419
1/9/2017,384.35,385.43,380.01,380.42,505259
1/10/2017,381.78,382.28,378.55,380.31,452775
1/11/2017,379.67,382.47,377.1,380.95,948840
1/12/2017,379.62,379.87,372.21,378.29,776870
1/13/2017,378.69,386.95,375.95,379.35,620408
1/17/2017,377.1,377.1,373.34,374.8,647529
1/18/2017,376.16,378.04,373.39,378,508507
1/19/2017,377.67,379.7,376.1,377.35,456077
1/20/2017,379.28,381.63,378.83,381.4,660866
1/23/2017,381.34,381.34,376.03,378.06,503297
1/24/2017,380.1,383.39,378.54,381.38,615129
1/25/2017,384.98,388.82,383.89,388.33,596960
1/26/2017,382.55,388.28,378.41,379.42,837096
1/27/2017,380.45,381.37,372.9,375.06,686848
1/30/2017,374.81,375.53,370.7,375.18,591815
1/31/2017,374.69,375.27,372.2,373.98,714556
2/1/2017,375.21,378.11,370.87,373,619442
2/2/2017,366.45,372.45,365.83,371.64,832437
2/3/2017,372,378.64,371.57,378,953646
2/6/2017,374.55,378.83,374.55,377.42,546494
2/7/2017,377.63,379,376.52,376.89,547663
2/8/2017,375.08,376.26,373.8,374.56,433765
2/9/2017,376.48,379.91,375.69,378.57,493692
2/10/2017,380.19,383.94,379.85,382.89,578687
2/13/2017,384.74,387.28,383.34,385.83,453260
2/14/2017,385.8,386.51,383.26,384.98,772293
2/15/2017,385.29,393.72,385.29,393.04,640034
2/16/2017,392.63,393.7,389.93,391.97,503653
2/17/2017,389.76,390.69,388.01,388.76,607444
2/21/2017,390.94,392.83,388.98,390.1,434326
2/22/2017,389.04,390.95,387.79,390.71,422219
2/23/2017,391.47,391.77,388,390.61,387262
2/24/2017,388.03,389.16,385.73,389.16,483465
2/27/2017,389.55,391.37,388.22,391,368616
2/28/2017,389.04,391.08,386.92,387.46,781830
3/1/2017,394.25,399.17,392.79,397.81,791512
3/2/2017,395.15,395.38,391.42,391.65,475213
3/3/2017,392.03,392.93,389.42,390.17,340929
3/6/2017,387.72,388.94,385.76,387.66,366371
3/7/2017,387.06,387.65,384.2,385.35,360683
3/8/2017,387.98,389.03,384.37,384.55,416108
3/9/2017,385.32,386.96,381.93,384.27,393669
3/10/2017,387.33,387.99,383.89,384.58,483357
3/13/2017,385.62,386.13,383.11,384.89,387277
3/14/2017,383.19,386.09,381.34,383.29,353423
3/15/2017,385.4,388.97,384.1,388.22,433502
3/16/2017,389.11,392.12,387.25,390,535613
3/17/2017,391.23,391.23,382.62,382.85,672191
3/20/2017,382.12,382.44,378.87,380.45,435896
3/21/2017,383,383.12,374.09,375.16,610452
3/22/2017,373.58,376.21,372,375.47,343821
3/23/2017,374.5,379.32,374.5,375.4,418130
3/24/2017,376.77,377.96,372.23,374.41,318372
3/27/2017,369.26,375.05,368,375,614093
3/28/2017,373.78,381.88,373.61,380.63,593799
3/29/2017,378.52,380.92,377.59,379.41,461607
3/30/2017,378.1,384.13,378.1,383.04,483874
3/31/2017,382.58,386.24,381.57,383.51,435102
4/3/2017,383.83,385.2,378.16,382.09,502221
4/4/2017,381.23,381.88,379.07,380.8,407515
4/5/2017,383.48,386.79,380.2,380.91,467344
4/6/2017,381.25,385.44,380.24,384.1,330738
4/7/2017,381.72,389.3,381.72,386.02,550688
4/10/2017,386.08,389.03,384.14,385.89,390267
4/11/2017,383.68,384.52,379.55,384.05,441954
4/12/2017,382.93,384.76,380.38,381.44,377921
4/13/2017,378.86,384.54,378.01,379,366678
4/17/2017,381.18,384.1,379.8,383.8,426694
4/18/2017,381.59,384.23,379.72,383.61,498530
4/19/2017,385.13,385.85,375.52,377.1,687519
4/20/2017,378.35,382.84,375.67,381.59,725783
4/21/2017,379.69,381.38,376.8,378.06,493845
4/24/2017,385.93,389.11,384.12,386.65,595812
4/25/2017,388.84,388.84,385.36,388.19,545060
4/26/2017,388.45,391.9,387.1,388.87,465320
4/27/2017,390.16,391.04,385.51,390.71,371750
4/28/2017,390,391.36,384.29,384.57,581279
5/1/2017,387.2,387.2,383,383,585730
5/2/2017,383.57,384.89,382.31,384.5,379814
5/3/2017,384.07,385.55,383.01,384.29,375351
5/4/2017,386.4,386.4,381.3,383.31,460334
5/5/2017,382.77,383.81,381.4,383.76,536309
5/8/2017,384.64,384.96,380.77,382.38,336936
5/9/2017,382.32,383.86,379.65,380.5,473041
5/10/2017,380.58,382.47,377.85,382.27,404860
5/11/2017,380.4,383.35,378.56,382.87,454346
5/12/2017,381.74,385.2,381.19,385.12,458104
5/15/2017,386.6,391.45,385.36,389.36,554457
5/16/2017,389.76,392.28,387.71,391.3,594031
5/17/2017,386.51,389.21,381.65,383.67,859397
5/18/2017,382.63,392.83,381.84,388.48,1011274
5/19/2017,389.52,394.97,388.55,393.32,682234
5/22/2017,395.69,399,394.58,396.28,663907
5/23/2017,396.34,398.31,395.18,395.97,726220
5/24/2017,396.96,396.96,393,396.31,494457
5/25/2017,399.58,407.93,397.68,406.36,969637
5/26/2017,404.24,407.75,403.12,407.02,737435
5/30/2017,404.84,408.55,404.74,406.82,746524
5/31/2017,408,409.58,406.09,409.24,917164
6/1/2017,408.28,414.09,407.79,413.38,1324134
6/2/2017,411.8,416.54,410.23,414.71,879041
6/5/2017,414.73,417.71,413.91,414.22,424693
6/6/2017,411.31,416.56,411.05,413.83,667911
6/7/2017,415.47,415.85,413.27,413.8,584332
6/8/2017,413.9,417.63,413.61,415.23,683349
6/9/2017,416.57,419.04,415.36,418.5,679228
6/12/2017,417.75,420,415.75,418.31,784198
6/13/2017,419.31,421.25,416.86,419.31,373820
6/14/2017,417.87,421.61,416.77,421.49,519275
6/15/2017,418.8,422.62,417.46,422.37,475746
6/16/2017,423.22,423.47,419.69,420.51,1182142
6/19/2017,423.24,428.47,421.96,428.38,573046
6/20/2017,426.5,427.66,424.54,424.69,487510
6/21/2017,425.78,426.03,420.34,420.74,580530
6/22/2017,420.29,424.74,419.45,423.17,359801
6/23/2017,424.35,426.13,420.26,421.62,811765
6/26/2017,423.59,426.22,422.26,424.69,389645
6/27/2017,425.87,426.5,421.82,422.13,416891
6/28/2017,426.32,427.19,422.62,426.85,391399
6/29/2017,429.9,430.84,421.05,423.24,748905
6/30/2017,425.8,426.87,422.28,422.41,501996
7/3/2017,425.92,430.91,425.04,428.82,379890
7/5/2017,428.82,429.92,426.26,428.77,446749
7/6/2017,426.99,428.57,424.94,425.19,336154
7/7/2017,427.55,433.04,425.95,432.38,389982
7/10/2017,431.71,438.85,431.23,436.24,517048
7/11/2017,436.74,437.01,429.67,431.91,507367
7/12/2017,433.5,436.52,432.14,435.29,468611
7/13/2017,436.66,438.57,435.14,437.88,477610
7/14/2017,436.43,442.84,435.27,438.34,766194
7/17/2017,428,431.77,422.88,424.63,1246930
7/18/2017,421.92,427.15,420.2,426.88,848066
7/19/2017,429.04,429.58,424.76,426.46,517563
7/20/2017,426.56,427.6,425.02,427.28,396564
7/21/2017,426,429.55,425.45,428.65,440677
7/24/2017,427.62,429.08,427.35,428.32,372359
7/25/2017,432,434,430.14,431.35,530978
7/26/2017,432.44,435.53,431.26,432.71,739222
7/27/2017,434.44,435.35,421.96,425.51,538297
7/28/2017,425,426.09,421.9,424,445234
7/31/2017,426.48,427.99,424.65,426.53,585370
8/1/2017,429.67,431.79,427.32,429.98,440747
8/2/2017,428.56,429.94,424.35,425.55,394883
8/3/2017,424.35,427.09,424,426.01,442000
8/4/2017,428.61,429.15,425.99,426.51,412611
8/7/2017,427.04,428.76,426.02,427.87,279476
8/8/2017,427.8,431.92,427.01,428.82,397705
8/9/2017,426.31,431.57,425.26,431.34,351009
8/10/2017,428.87,430.05,422.38,422.69,488153
8/11/2017,422.15,428.23,422.14,424.16,807059
8/14/2017,427.79,429.75,426.25,428.06,453972
8/15/2017,429.88,431.12,426.94,428.25,372825
8/16/2017,431.74,431.77,426.52,427.07,326149
8/17/2017,426.91,428.33,419.7,419.94,443855
8/18/2017,417.21,419.76,414.38,416.55,1015041
8/21/2017,416.36,416.36,411.8,415.37,526134
8/22/2017,416.57,422.28,416.57,421.37,356589
8/23/2017,418.41,420.25,416.41,418.07,387412
8/24/2017,419.37,419.96,415.74,415.94,308493
8/25/2017,417.43,419.8,416.22,416.37,466698
8/28/2017,417.33,418.76,413.71,414.34,499428
8/29/2017,410.5,415.5,408.62,414.13,505509
8/30/2017,414.76,417.94,413.92,416.2,404805
8/31/2017,415.71,420.28,415.54,419.01,502230
9/1/2017,422.35,424.28,420.63,421.78,441960
9/5/2017,419.47,421.49,413.04,413.65,617434
9/6/2017,415.38,417.7,411.89,412.19,429489
9/7/2017,413.75,414.4,409.41,414.25,483306
9/8/2017,413.17,417.77,412.64,415.95,316395
9/11/2017,417.49,426.04,417.49,424.04,443206
9/12/2017,426.14,428.7,424.69,428.57,333885
9/13/2017,428.37,428.4,424.08,425.52,401393
9/14/2017,425.79,427,424.43,425.69,468286
9/15/2017,426.74,429.39,423.13,428.72,850216
9/18/2017,429.39,431.71,428.55,429.44,456054
9/19/2017,430.69,433.71,428.95,432.39,361913
9/20/2017,434.37,435.2,431.36,434.07,398882
9/21/2017,434.73,435.87,431.4,433.63,293317
9/22/2017,433.03,437.14,431.91,435.49,285819
9/25/2017,435.49,437.8,433.18,437.63,288569
9/26/2017,438.66,438.66,433.8,434.4,308425
9/27/2017,438.27,438.68,433.87,438.4,410182
9/28/2017,442,446.65,439.52,446.11,473541
9/29/2017,445,448.53,443.56,447.09,457746
10/2/2017,447.73,450.49,447.01,449.95,416891
10/3/2017,449.42,450.9,446.87,450.79,541347
10/4/2017,450.85,457.94,448.99,457.91,840471
10/5/2017,458.56,465.61,456.96,464.43,642975
10/6/2017,464.43,465.87,459.39,463.22,458566
10/9/2017,464.91,465.81,461.66,462.45,339624
10/10/2017,463.25,465.49,461.63,465.49,688104
10/11/2017,474,474.37,460.16,473.93,1031750
10/12/2017,476,485.23,473.99,480.59,1241743
10/13/2017,480.51,483.56,475.07,475.49,639780
10/16/2017,476.63,478.75,474.73,477.96,425474
10/17/2017,477.22,478.46,472.8,475.55,431729
10/18/2017,477.43,477.88,474.35,477.5,414918
10/19/2017,474,477.64,472.24,476.79,464164
10/20/2017,489.79,489.79,475.19,476.62,532146
10/23/2017,476.99,479.47,473.73,474.39,436872
10/24/2017,477.65,478.28,472.04,473.72,510368
10/25/2017,473.72,474.81,465.15,469.15,644010
10/26/2017,472.18,475.3,470.67,473.48,495196
10/27/2017,473.69,477.86,470.66,475.13,432631
10/30/2017,475.33,475.66,471.6,472.29,321075
10/31/2017,471.72,473.18,470.24,470.83,413065
11/1/2017,473.21,473.85,468.8,469.29,449755
11/2/2017,469.43,476.91,469.33,474.92,528822
11/3/2017,473.23,480.17,472.1,479.11,435634
11/6/2017,478.75,479.79,475.05,475.61,241614
11/7/2017,475.21,479.53,472.23,473.37,240385
11/8/2017,472.14,473.93,470.96,472.2,362202
11/9/2017,469.36,471.99,462.51,466.6,454984
11/10/2017,466.15,468.88,463.57,465.83,304532
11/13/2017,462.38,465.43,461.07,465.11,499094
11/14/2017,463.22,470.61,462.6,470.45,365975
11/15/2017,467.86,472.28,463.75,470.5,470414
11/16/2017,473.21,474.35,470.56,474.02,247538
11/17/2017,471.75,479.25,471.66,473.99,505577
11/20/2017,474.99,476.37,472.85,474.77,392224
11/21/2017,477.71,482.74,477.02,481.36,440921
11/22/2017,481.2,483.98,478.32,478.94,265359
11/24/2017,481.13,482.92,479.34,479.74,134441
11/27/2017,480.7,484.17,480.22,481.96,339337
11/28/2017,482.85,493.56,480.7,493.06,447598
11/29/2017,495.83,505.33,494.1,500.82,685005
11/30/2017,503.94,509,499.56,501.19,1071210
12/1/2017,499.67,504.4,490.73,502.08,574691
12/4/2017,509.11,515.6,508.1,513.5,716880
12/5/2017,513.62,515.48,510.9,512.12,501543
12/6/2017,507,516.52,506.2,511.82,386891
12/7/2017,511.41,516.47,511.27,512.41,416743
12/8/2017,514.2,517.3,511.61,515.49,471686
12/11/2017,515.13,515.71,510.79,512.13,398137
12/12/2017,513.94,518.55,511.67,517.73,430666
12/13/2017,517.02,518.88,511.4,512.55,482113
12/14/2017,514.56,514.75,506.49,506.75,336332
12/15/2017,506.5,515.71,506.37,511.87,896396
12/18/2017,517,519.46,515.07,518.86,433278
12/19/2017,520.74,520.74,515.06,515.82,424475
12/20/2017,520.42,520.42,512.54,514.55,294654
12/21/2017,516.55,518.68,512.88,513.59,374923
12/22/2017,514.67,514.67,508.64,512.12,258244
12/26/2017,513.33,513.99,510.01,513.72,177023
12/27/2017,514.37,515.62,512.26,514.32,216019
12/28/2017,515,518.3,514.71,517.98,222400
12/29/2017,520,520.03,513.71,513.71,306692
1/2/2018,518.78,518.78,506.48,508.97,527135
1/3/2018,508.66,514.74,508.16,514.34,448724
1/4/2018,516.5,521.31,515.01,521.13,389830
1/5/2018,523.86,525.94,520.89,525.57,482968
1/8/2018,523.94,529.72,523.52,529.49,561517
1/9/2018,529,540,528.57,533.94,547671
1/10/2018,534.47,535.88,529.78,531.57,483772
1/11/2018,534.15,538.96,530.61,537.92,765925
1/12/2018,552.7,556.37,546.71,555.53,941849
1/16/2018,562.62,571.82,561.06,563,1370552
1/17/2018,567.21,578.63,565.29,576.51,983901
1/18/2018,577.27,584.21,575.02,579.22,819845
1/19/2018,582.62,590.56,581.03,590.26,591655
1/22/2018,592.46,593.44,581.99,593.26,843573
1/23/2018,593,594.52,588.4,589.68,643398
1/24/2018,591.9,592.45,583.18,587.67,642174
1/25/2018,585,585.93,572.95,575.5,892464
1/26/2018,578.21,586.95,577.12,586.8,516601
1/29/2018,585.53,585.53,574.2,574.42,611014
1/30/2018,570.05,571.53,562.18,562.29,851135
1/31/2018,564.81,566.97,559.65,561.8,665825
2/1/2018,561.41,568.48,558.75,565.19,659597
2/2/2018,565.26,565.26,545.81,548.32,808150
2/5/2018,539.99,553.03,518.5,524.97,1129441
2/6/2018,510.81,538.52,507.26,535.22,1076684
2/7/2018,535.18,541.66,532,532.26,672416
2/8/2018,534.23,536.49,509.01,509.38,1038698
2/9/2018,517.05,525.99,500.01,521.51,938570
2/12/2018,526.32,532.14,519.88,525.38,614748
2/13/2018,520.86,526.52,518.77,521.27,517482
2/14/2018,517.9,540.35,516.4,539.94,657379
2/15/2018,546.41,547.71,531.17,540.65,647959
2/16/2018,539.35,548.48,537.83,541.1,534425
2/20/2018,541,546.43,537.25,542.6,532149
2/21/2018,542.6,556.06,542.42,543.56,486257
2/22/2018,547.96,552.17,537.49,539.53,626096
2/23/2018,543.76,549.91,542.05,549.75,366653
2/26/2018,553.15,564.22,550.69,563.97,639590
2/27/2018,561.95,565.49,552.76,552.77,616407
2/28/2018,554.74,566.4,548.83,549.43,721147
3/1/2018,548.6,549.02,527.03,535.58,779735
3/2/2018,530.22,539.8,527.09,537.58,636469
3/5/2018,532.65,546.16,531.42,545.26,384595
3/6/2018,543.16,549,540.14,548.66,387462
3/7/2018,540.42,548.52,538.33,547.43,465886
3/8/2018,548.87,554.37,547.02,553.39,595221
3/9/2018,558.33,578.65,558.33,577.18,814709
3/12/2018,578.34,578.8,569.01,571.79,410921
3/13/2018,577.26,578.56,562.18,564.06,477530
3/14/2018,566.66,566.66,557.56,558.96,341448
3/15/2018,560.25,563.63,555.85,557.93,313222
3/16/2018,558.79,565.88,558.04,563.66,616887
3/19/2018,563.85,563.98,548.09,553.83,554578
3/20/2018,557.54,557.84,552,557.52,381157
3/21/2018,558.6,573.47,557.05,564.16,480139
3/22/2018,556.14,558.17,538.38,539.42,699186
3/23/2018,542.19,542.19,518.55,521.13,655419
3/26/2018,529.9,541.57,525.57,540.72,671959
3/27/2018,541.8,545.29,527.55,532.11,511343
3/28/2018,534.37,536.52,524.07,528.03,496819
3/29/2018,532.25,547.05,528.64,541.72,488072
4/2/2018,537.76,539.77,510.06,519,746192
4/3/2018,522.45,529.89,518.27,528.73,565973
4/4/2018,515.77,538.23,515.65,536.31,471244
4/5/2018,537.73,544.58,535.5,538.4,397396
4/6/2018,529.4,533.76,513.27,519.92,518536
4/9/2018,527.12,534.16,520.22,521.14,559585
4/10/2018,528.92,538.88,528,533.96,625574
4/11/2018,527.1,533.45,523.67,525.31,549389
4/12/2018,530.33,541.49,529,533.01,668615
4/13/2018,539.35,539.35,521.1,524.77,489175
4/16/2018,528,531.46,524.67,524.85,789539
4/17/2018,528.26,530.19,524.3,526.84,1367854
4/18/2018,528.52,528.52,522.12,523.22,671822
4/19/2018,523.65,526.89,522,525.06,525355
4/20/2018,525.82,527.57,520.61,524.42,639351
4/23/2018,525.18,526.37,518.54,519.85,489260
4/24/2018,522.75,523.08,509.16,513.7,1028815
4/25/2018,514,516.01,509.12,512.22,715803
4/26/2018,513,526.5,512,522.72,712916
4/27/2018,524.19,525.96,519.82,524.65,370927
4/30/2018,525.4,528.78,520.67,521.5,480881
5/1/2018,517.97,521.11,512.2,517.97,417107
5/2/2018,517.51,521.66,514.03,514.79,438682
5/3/2018,513.84,514.2,500.85,511.67,682529
5/4/2018,506.69,527.49,505.65,520.4,601853
5/7/2018,522.26,526.74,518.96,523.6,366616
5/8/2018,515.75,528.02,515.75,519.93,634057
5/9/2018,522.58,532.47,522.15,531.35,475172
5/10/2018,532.04,539.1,531.16,536.26,527478
5/11/2018,537.75,542.27,535.19,540.43,395693
5/14/2018,541.99,544.58,536.1,539.76,415495
5/15/2018,535.95,538.65,530.75,533.21,461153
5/16/2018,534.29,537.43,530.27,533.9,474855
5/17/2018,534,537.01,531,535.58,365729
5/18/2018,536.28,539.92,534.42,538.49,518719
5/21/2018,542,547.98,542,543.48,359081
5/22/2018,546.44,549.58,545.86,546.88,406234
5/23/2018,541.72,542.79,533.75,542.66,377715
5/24/2018,542.94,542.94,534.68,540.83,413054
5/25/2018,537.14,540.32,535.94,539.61,290043
5/29/2018,534.75,537.82,518.03,524.26,714247
5/30/2018,527.31,535.29,526.07,534.29,404142
5/31/2018,534.62,538.86,530.74,534.23,542951
6/1/2018,540.65,542.91,536.14,539.06,446690
6/4/2018,543.54,543.93,538.16,540.67,417320
6/5/2018,539.46,539.88,531.05,534.38,495029
6/6/2018,536.82,551.86,535.75,551.86,682131
6/7/2018,555,557,546.7,549.14,428389
6/8/2018,547.54,549.64,544.32,549.41,370535
6/11/2018,550.77,552.5,546.2,549.06,391803
6/12/2018,551.89,552.35,543.49,547.11,425192
6/13/2018,546.37,547.52,530.32,532.17,839577
6/14/2018,531.43,532.96,522.15,523.36,989460
6/15/2018,520.82,525.74,516,524.52,753060
6/18/2018,524,528.29,519.07,527.54,483477
6/19/2018,522.23,528.34,519.07,526.61,448469
6/20/2018,528.13,530.58,526.07,526.58,346079
6/21/2018,527.3,529.17,520.29,524.98,571007
6/22/2018,529.9,529.9,522.51,522.74,524851
6/25/2018,520.01,520.88,509.22,515.14,666047
6/26/2018,515.99,515.99,507.72,510.85,740157
6/27/2018,510.46,516.95,503.53,503.53,558160
6/28/2018,503.47,505.68,497.34,501.77,636723
6/29/2018,508.19,511.83,498.72,499.04,701836
7/2/2018,494.06,499.52,490.57,499.52,564025
7/3/2018,502.56,503.31,490.91,491.29,307516
7/5/2018,498.94,498.94,488.61,491.98,514115
7/6/2018,491.48,497.04,488.01,491.69,556315
7/9/2018,494.95,505.18,493.94,504.1,748504
7/10/2018,504.92,510.91,502.94,504.93,485082
7/11/2018,499.88,505.93,499.62,502.9,468581
7/12/2018,506.47,507.13,498.05,506.67,574547
7/13/2018,512.23,512.5,504.43,507.09,786543
7/16/2018,500,506.45,497.78,503.96,1212865
7/17/2018,501.3,505.96,501.26,504.88,758945
7/18/2018,504.92,511.62,504.88,510.85,487580
7/19/2018,507.79,510.31,502.04,504.89,684258
7/20/2018,501.6,504.83,501.02,502.78,812517
7/23/2018,502.1,511.28,502.1,508.51,646724
7/24/2018,511.88,513,506.64,508.89,688273
7/25/2018,507.93,512.86,503.11,512.49,492636
7/26/2018,512.71,512.71,504.8,505.11,407614
7/27/2018,505.67,506.42,500.05,502.92,571576
7/30/2018,503.7,504.45,498.44,500.18,492160
7/31/2018,503.41,505.28,500.7,502.76,512898
8/1/2018,505.19,509.87,476.57,479.45,1716609
8/2/2018,474.28,475.81,467.15,475.31,1637706
8/3/2018,476.12,484.92,475.53,482.4,824120
8/6/2018,482.39,486.14,479.09,483.46,639336
8/7/2018,485.82,494.91,484.56,487.46,1000904
8/8/2018,486.04,489.38,484.51,487.05,535163
8/9/2018,486.36,487,483.51,484.1,634575
8/10/2018,479.08,483.63,475.33,478.95,646637
8/13/2018,479.14,481.35,473.63,475.39,382733
8/14/2018,476.54,478.6,474,477.21,408575
8/15/2018,472.98,475.01,466.01,470.82,721053
8/16/2018,473.43,480.72,472.29,474.61,681636
8/17/2018,474.29,475.59,470.76,474.15,472791
8/20/2018,476.45,477.02,473.77,475.56,465488
8/21/2018,474.5,477.58,473.68,474.93,640139
8/22/2018,474.62,479.75,472.77,478.02,603529
8/23/2018,477.2,478.1,470.08,470.46,579160
8/24/2018,473.65,477.66,470.51,477.51,580759
8/27/2018,478.94,487.06,478.94,483.61,606968
8/28/2018,483.89,485.4,481.85,483.35,517395
8/29/2018,483.88,486.21,477.75,485.22,634603
8/30/2018,484.12,485.51,472.86,475.27,559807
8/31/2018,473.77,479.81,473.36,479.06,506658
9/4/2018,476.23,478.78,471.22,475.78,499829
9/5/2018,475.17,480.94,474.5,478.24,544673
9/6/2018,476.57,477.56,469.98,471.96,670865
9/7/2018,470.31,472.38,468.42,471.44,666426
9/10/2018,475.01,478,471.97,473.75,452965
9/11/2018,471.96,473.23,468.49,471.13,495438
9/12/2018,471,473.04,468.92,470.01,579783
9/13/2018,473.21,474.45,467.3,468.98,528587
9/14/2018,470.39,478.74,470.39,476.06,416701
9/17/2018,477.01,477.01,469.6,470.9,443296
9/18/2018,472.79,475.01,469.04,472.2,557470
9/19/2018,473.7,485.51,473.11,483.54,418666
9/20/2018,486.73,492,483.07,487.14,480385
9/21/2018,489.48,489.55,484.79,487.61,700128
9/24/2018,485.47,487,479.57,482.07,433587
9/25/2018,484.16,485.17,477.37,479.09,382798
9/26/2018,480.98,481.64,474.32,474.83,416837
9/27/2018,476.82,481.46,473.7,477.89,344350
9/28/2018,474.52,477.51,470.66,471.33,532182
10/1/2018,474.36,477.11,471.36,473.47,395535
10/2/2018,472.69,477.89,471.26,477.21,363711
10/3/2018,480.86,481.74,472.33,474.37,645783
10/4/2018,474.69,479.48,470.5,474.15,917225
10/5/2018,476.3,482.48,470.12,470.86,712008
10/8/2018,477,477,467.13,471.46,560439
10/9/2018,470.98,470.98,459.08,459.71,875420
10/10/2018,457.01,458.43,426.25,426.76,2075317
10/11/2018,424.14,427.88,415.35,417.68,1737115
10/12/2018,431,437.47,420.21,427.7,1593427
10/15/2018,427.74,431.29,422.84,426.94,992928
10/16/2018,410,416.36,402.59,408,2053512
10/17/2018,405.62,417.93,405.14,411.85,1821057
10/18/2018,410.36,412.43,399,399.87,1735801
10/19/2018,400.2,408.31,399.48,401.65,1029149
10/22/2018,403.12,404.84,392.21,392.36,1036044
10/23/2018,383.98,391.26,376.31,387.49,1300480
10/24/2018,388.09,388.53,378.08,378.66,1229815
10/25/2018,380.8,396.68,380.22,391.96,1393000
10/26/2018,386.16,391.86,383.09,386.93,1006298
10/29/2018,393.59,397.92,384.16,390.65,952621
10/30/2018,392.38,406.21,390.86,403.83,1489686
10/31/2018,408.86,417.28,406.72,411.42,1415348
11/1/2018,413.74,417.27,410.07,412.99,1021638
11/2/2018,416.97,419.18,405.98,409.76,869930
11/5/2018,409.53,412.62,408.25,411,761435
11/6/2018,412.4,413.98,410.32,413.43,882125
11/7/2018,417.61,425,410.33,424.73,1078331
11/8/2018,421.63,425.4,419.7,421.39,698811
11/9/2018,413,419.63,408.95,413.95,617091
11/12/2018,412.95,412.95,404.81,405.42,577461
11/13/2018,408.78,414,406.46,407.31,582866
11/14/2018,410.52,412.95,397.35,401.98,746887
11/15/2018,397.21,407.78,394.73,406.88,685190
11/16/2018,404.15,411.29,400.47,411,738109
11/19/2018,410.1,412.24,401.61,407.78,725468
11/20/2018,400.9,408.45,397.24,402.92,632255
11/21/2018,408.04,412.35,403.27,407.62,673909
11/23/2018,403.66,410.9,403.33,406.61,299359
11/26/2018,413.14,424.22,411.45,418.49,815024
11/27/2018,415.25,417.6,413.95,417.16,626001
11/28/2018,421.65,427.71,414.02,427.27,701485
11/29/2018,425,427.19,418.71,422.94,616002
11/30/2018,421.3,428.01,419,428.01,1066427
12/3/2018,436.79,438.26,430.34,434.87,998596
12/4/2018,432.33,432.91,404.43,408.75,859733
12/6/2018,399.78,400.44,381.39,400.23,1383501
12/7/2018,400.82,409.83,392.16,393.1,969704
12/10/2018,390.88,394.45,379.65,393.26,876175
12/11/2018,400.23,401.09,382.05,385.66,793716
12/12/2018,392.54,397.7,388.62,390.07,736918
12/13/2018,392.18,392.4,384.49,387.27,595185
12/14/2018,383.03,389.27,380.64,382.3,678747
12/17/2018,380,389,376.45,378.25,900570
12/18/2018,381.74,388.78,379.8,383.35,997094
12/19/2018,381.65,388.38,369.34,372.19,997406
12/20/2018,369.27,377.96,368.45,371.67,1107218
12/21/2018,371.36,382.13,367.46,369.16,1722782
12/24/2018,365.13,370.97,360.79,361.77,499019
12/26/2018,364.27,381.45,360.94,381.23,873411
12/27/2018,376.57,387.96,372.55,387.8,784048
12/28/2018,391.93,394.26,385.53,388.23,619131
12/31/2018,389.15,393.85,385.85,392.82,612340
1/2/2019,386.28,391.16,385.1,389.42,926981
1/3/2019,385.03,386.55,377.28,377.98,781082
1/4/2019,385.17,392.93,381.99,391.82,647807
1/7/2019,390.94,398.18,389.42,392.91,714596
1/8/2019,397.76,400.85,393.6,397.91,642949
1/9/2019,399.5,403.15,395.3,400.19,640547
1/10/2019,399.12,400.92,395.22,399.5,487124
1/11/2019,395.01,399.63,389.67,397.91,706493
1/14/2019,392.87,399.95,391.11,396.42,919688
1/15/2019,396.55,401.12,393.4,400.71,846997
1/16/2019,402.09,421.83,401.43,413.04,1331488
1/17/2019,411,416.94,403.69,412.52,917150
1/18/2019,417.08,420.56,413.59,419.45,1031832
1/22/2019,416.41,419.2,411.09,413.6,905609
1/23/2019,413.03,414.57,403.76,408.48,660154
1/24/2019,407.91,411.33,401.8,406.56,838386
1/25/2019,411.22,414.07,409.15,409.95,572987
1/28/2019,405.85,407.88,402.4,405.36,640436
1/29/2019,411.5,412,406.29,407.62,602780
1/30/2019,409.2,410.94,401.82,408.33,869856
1/31/2019,406.22,415.96,406.22,415.08,750070
2/1/2019,417.44,417.58,412.12,416.81,585852
2/4/2019,416.5,418.74,413.17,417.98,534750
2/5/2019,418.12,419.14,414.05,417.56,523368
2/6/2019,418.44,420.78,415.07,416.39,424661
2/7/2019,414.35,417.88,410.01,415.01,469360
2/8/2019,412.15,414.05,406.13,411.76,567035
2/11/2019,413.75,414.87,411,412.7,595642
2/12/2019,416.19,425.75,415.43,425.51,617426
2/13/2019,426.7,433.75,426.1,427.45,803494
2/14/2019,424.41,425.27,417.95,423.38,542539
2/15/2019,425.19,432.63,425.19,431.95,600252
2/19/2019,428.43,433,428.17,431.07,438014
2/20/2019,431.78,437.49,429.77,437.22,563283
2/21/2019,436.6,437.59,432.85,435.02,451887
2/22/2019,435.52,436.95,433.45,436.72,400264
2/25/2019,439.28,444.8,438.04,438.93,516304
2/26/2019,437.67,443.01,435.69,440.53,472041
2/27/2019,440.17,444.7,438.88,442.01,461092
2/28/2019,442.01,444.72,440.39,443.22,512124
3/1/2019,447.56,451.92,442.1,443.77,657238
3/4/2019,445.89,447,434.06,437.33,686154
3/5/2019,434.25,435.71,431.15,432.52,433502
3/6/2019,432.52,434,429.39,429.86,272773
3/7/2019,434.44,434.98,420.54,423.19,467435
3/8/2019,420.57,421.89,417.21,421.31,587066
3/11/2019,424.01,429.39,422.92,428.1,593087
3/12/2019,429.63,431.02,426.88,427.84,504680
3/13/2019,430.33,433.4,426.5,431.84,606702
3/14/2019,435.46,435.46,431.11,433.63,501687
3/15/2019,433.83,438.82,432.93,433.55,1756866
3/18/2019,436,440.75,435.94,440.48,550707
3/19/2019,442.55,443.36,433.65,434.57,948487
3/20/2019,434.2,434.7,427.56,429.92,881646
3/21/2019,428.59,433.7,424.2,430.36,472425
3/22/2019,426.51,428.43,415.13,417.36,585339
3/25/2019,418,419.5,413.3,415.41,411020
3/26/2019,420.57,423.31,418.94,422.67,494947
3/27/2019,423.6,425.53,417.71,419.64,425001
3/28/2019,421.4,425.64,420.23,424.97,342714
3/29/2019,429.71,432,426.19,427.37,455908
4/1/2019,431.59,439.64,429.4,438.39,498932
4/2/2019,438.39,440.1,435.47,436.45,423113
4/3/2019,439.22,442.8,437.31,439.07,337841
4/4/2019,439.17,442.7,438.92,441.84,375170
4/5/2019,443.17,446.83,440.61,445.1,458386
4/8/2019,444.54,447.68,443.1,446.14,398399
4/9/2019,445.41,445.94,438.52,439.81,460873
4/10/2019,441.6,442.94,439.17,442.76,402895
4/11/2019,445,448.75,442.87,446.11,412742
4/12/2019,448.69,457.33,448.69,454.35,628678
4/15/2019,456.36,457.1,449.77,451.86,591033
4/16/2019,453.1,466.89,453,466.54,1030704
4/17/2019,466.98,468.78,462.42,467.49,628250
4/18/2019,468.78,469.37,465.69,465.69,530369
4/22/2019,463.75,465.66,462.15,464.02,432873
4/23/2019,464,474.03,463.9,474.03,687385
4/24/2019,474.03,482.37,472.61,480.17,1008544
4/25/2019,477.89,480.48,472.61,474.45,598714
4/26/2019,475.11,479.46,471.85,478.98,469042
4/29/2019,480,481.58,478.61,479.84,366911
4/30/2019,479.74,485.85,477.57,485.24,567635
5/1/2019,486.84,487.45,478.71,479.13,488613
5/2/2019,479.51,480.17,471.47,476.41,436131
5/3/2019,476.51,482.9,476.41,482.5,403293
5/6/2019,472.92,478.62,469.87,476.37,434380
5/7/2019,473.61,473.93,459.06,463.77,709484
5/8/2019,462.18,469.46,459.62,465.47,454830
5/9/2019,458.73,464.46,454.16,464.22,435546
5/10/2019,461.85,465.64,453.25,463,484262
5/13/2019,453.12,454.39,440.19,442.78,703857
5/14/2019,444.36,451.06,444.36,445.86,426794
5/15/2019,441.49,446.39,439.43,444.36,424222
5/16/2019,446.51,450.68,445.77,447.24,449091
5/17/2019,441.83,447.36,440.24,441.56,496878
5/20/2019,439.6,440.28,434.48,438.09,465677
5/21/2019,440.82,444.32,440.19,441.66,306992
5/22/2019,440.16,442.08,436.38,439.14,331006
5/23/2019,434.86,434.86,429.1,433.89,577553
5/24/2019,437,438.23,434.8,435.76,277330
5/28/2019,436.17,436.7,429.31,429.31,462829
5/29/2019,426.39,428.45,422.63,427.93,390709
5/30/2019,428.48,431.48,423.81,426.59,412411
5/31/2019,420.75,420.75,415.02,415.56,534635
6/3/2019,415.71,421.88,415.19,419.9,581372
6/4/2019,433.41,434.8,423.15,434.53,558448
6/5/2019,433.66,440.49,427.81,438.15,605831
6/6/2019,438.3,441.61,436.25,439.23,675288
6/7/2019,439.99,444.4,438.53,444.11,503954
6/10/2019,446.9,449,443.47,443.81,525014
6/11/2019,448.08,448.34,439.91,443.12,536789
6/12/2019,443.44,447.96,441.06,446.25,430122
6/13/2019,446.86,449.4,445.69,448.28,325862
6/14/2019,449.14,449.14,444.63,446.97,343538
6/17/2019,446.67,447.8,439.61,440.12,346387
6/18/2019,443.32,456.11,442.4,449.31,535435
6/19/2019,451.2,456.22,449.28,454.95,544286
6/20/2019,456.5,466.85,456.5,465.58,729137
6/21/2019,465.12,472.18,463.72,468.24,1056899
6/24/2019,467.87,470.92,461.5,463.4,397571
6/25/2019,463.03,463.04,455.99,458.36,454082
6/26/2019,460.15,461.47,455.47,460.96,434348
6/27/2019,462.48,467.09,461.37,464.48,352878
6/28/2019,468.56,472.36,465.61,469.3,634256
7/1/2019,474.88,477.14,468.96,472.93,471628
7/2/2019,472.97,473.1,467.67,469.87,346991
7/3/2019,471.36,477.08,471.2,475.35,343881
7/5/2019,475.3,478.76,472.21,478.69,383113
7/8/2019,474.06,477.21,471.95,472.44,414631
7/9/2019,470.26,476.24,468.18,473.82,445512
7/10/2019,473.82,476.65,472.37,475.54,505079
7/11/2019,477,480.71,474.41,480.07,390571
7/12/2019,478.18,482.83,476.58,482.46,472362
7/15/2019,482.87,483,479.22,481.7,416403
7/16/2019,482.48,483.49,476.88,477.17,409740
7/17/2019,475,476.6,468.16,471,511158
7/18/2019,470.86,475.19,470.01,475.14,498472
7/19/2019,476.3,483,472.5,473.24,887366
7/22/2019,472.57,475.04,465.86,473.55,647810
7/23/2019,476.47,480.68,475.69,477.46,449207
7/24/2019,475.96,481.7,475.81,477.15,593392
7/25/2019,476.55,476.55,470.1,473.87,494858
7/26/2019,474.37,478.86,471.86,478.17,417965
7/29/2019,476.96,481.37,474.68,478.31,363347
7/30/2019,475,478.47,472.75,478.41,391655
7/31/2019,477.93,478.33,465.51,467.68,421092
8/1/2019,465.19,467.67,449.75,451.95,734629
8/2/2019,450,451.71,441.78,448.22,527693
8/5/2019,437.96,439.19,426.81,431.32,647585
8/6/2019,435.39,437.89,430.22,435.71,418125
8/7/2019,426.74,432.79,423.46,430.39,573953
8/8/2019,434,438.44,431.6,437.62,499922
8/9/2019,435.02,435.11,425.85,426.33,649988
8/12/2019,420.24,425.94,414.46,416.44,661186
8/13/2019,416.56,427.2,413.59,425.33,882887
8/14/2019,414.75,419.12,411.01,411.37,793669
8/15/2019,413.54,417.2,406.21,409.3,612719
8/16/2019,413.4,422.71,413.4,419.46,544256
8/19/2019,427.17,427.94,423.17,425.56,473009
8/20/2019,423.41,423.41,417.53,418.29,401659
8/21/2019,422.8,424.97,420.11,420.93,351198
8/22/2019,423,423.92,416.63,419,551900
8/23/2019,416.94,418.97,405.07,407.25,853346
8/26/2019,411.68,411.88,403.54,405.47,812336
8/27/2019,406.65,410.9,405.26,410.51,1068831
8/28/2019,408.01,413.97,406.39,413.84,590682
8/29/2019,419,424.83,416.99,422.04,699706
8/30/2019,424.96,425.85,420.93,422.56,466297
9/3/2019,420.99,420.99,412.69,415.82,540290
9/4/2019,416.28,418.67,412.12,415.64,525017
9/5/2019,421.82,429.98,420.83,424.72,888922
9/6/2019,424.88,426.13,421.18,423.83,467212
9/9/2019,426.96,432.87,424.86,430.85,724667
9/10/2019,432,434.11,421.44,428.34,734800
9/11/2019,429.27,434.14,423.86,432.83,605069
9/12/2019,432.91,437.25,428.74,434.75,602193
9/13/2019,438.15,444.79,437.07,442.96,586486
9/16/2019,439.17,442.63,432.45,435.71,697398
9/17/2019,436.95,439.54,434.69,439.18,677930
9/18/2019,442.55,444.95,438.93,443.16,645484
9/19/2019,443.55,448.95,442.1,443.98,521066
9/20/2019,446.16,447.13,441.82,444.39,1234461
9/23/2019,440.94,448.08,440.26,446.2,663140
9/24/2019,449.1,449.97,439.14,442.12,789066
9/25/2019,442,445.56,437.3,445.19,601458
9/26/2019,444.72,447.21,442.15,446,517325
9/27/2019,448.58,449.52,440.95,446.13,539203
9/30/2019,448.09,448.98,445,445.64,362872
10/1/2019,445.63,448.67,433.27,433.69,604343
10/2/2019,428.5,429.33,417.47,420.36,762354
10/3/2019,418.89,421.61,411.21,419.61,508320
10/4/2019,421.15,427.7,419.09,427.44,358260
10/7/2019,424.76,427.24,421.28,423.17,585555
10/8/2019,419.37,420.26,411.75,413.16,507535
10/9/2019,415.81,419.33,413.96,417.17,386543
10/10/2019,417.07,424.88,417.07,420.38,589763
10/11/2019,428,435.9,425.46,434,742922
10/14/2019,432.29,434.5,429.63,434.21,714328
10/15/2019,437.82,447.98,435.05,444.45,840300
10/16/2019,445,447.4,444.06,446.4,484655
10/17/2019,449.99,454.38,449,450.67,546587
10/18/2019,448.73,450.19,444.6,445.04,527955
10/21/2019,447.06,454.39,447.04,453.65,576621
10/22/2019,453.63,455.26,449,450.32,410487
10/23/2019,449.83,457.32,448.33,457.06,378296
10/24/2019,457.58,459.48,451.71,454.66,405179
10/25/2019,455.8,460.6,451.67,459.8,475355
10/28/2019,461.47,469.5,461.47,466.56,584098
10/29/2019,464.95,470.79,464.6,466.16,473729
10/30/2019,465.4,467.55,460.63,466.94,323587
10/31/2019,464.22,466.94,458,461.7,429503
11/1/2019,466.36,471.6,466.31,469.17,441463
11/4/2019,474.88,476.8,472.91,476.53,551836
11/5/2019,476.53,484.89,475.79,482.44,716771
11/6/2019,484.91,491.58,483.08,489.54,792764
11/7/2019,492.2,495.39,489.54,490.16,756488
11/8/2019,489.85,491.94,485.66,490.21,356214
11/11/2019,486.4,488.81,485.39,486.79,414091
11/12/2019,487,487.62,484.41,486.79,365285
11/13/2019,482.53,487.9,480.57,485.57,334796
11/14/2019,484.97,485.63,481.84,484.59,413321
11/15/2019,486.07,491.88,484,490.96,342074
11/18/2019,490.81,492.57,488.69,491.74,303683
11/19/2019,493,495.78,491.13,492.8,350598
11/20/2019,490.58,492.71,485.17,488.81,438802
11/21/2019,489,489.5,482.54,484.98,526929
11/22/2019,485,487.77,484.1,485,483119
11/25/2019,486.24,492.56,484.36,491.86,434720
11/26/2019,490.76,491.46,487.5,490.89,525631
11/27/2019,490.43,494.64,488.86,494.21,299709
11/29/2019,496.55,496.9,493.46,494.91,239594
12/2/2019,495.28,495.69,488.91,489.7,379788
12/3/2019,484.64,486.21,478.68,485.76,482263
12/4/2019,485.66,493,485.66,486.69,730794
12/5/2019,485.11,490.54,482.52,490.3,460598
12/6/2019,495.47,499.7,491.85,495.76,506997
12/9/2019,494.3,498.09,492.1,497.07,372962
12/10/2019,497.79,497.92,492.85,494.03,354071
12/11/2019,494.28,497.34,492.62,493.91,469584
12/12/2019,494.04,503.69,493.52,502.12,535815
12/13/2019,501.59,503.86,495.49,498.61,455646
12/16/2019,503.61,506.81,501.22,502.05,426876
12/17/2019,503.53,505.22,500.1,502.29,425123
12/18/2019,503.17,503.17,498.17,499.49,542930
12/19/2019,499.34,503.86,499.02,502.34,428327
12/20/2019,506.36,506.36,499.42,499.59,967572
12/23/2019,501.62,502.82,497.61,499.66,361212
12/24/2019,500.3,500.76,497.44,499.64,126394
12/26/2019,499.84,503.26,499.73,503.24,156971
12/27/2019,503.25,504.55,501.62,503.01,221678
12/30/2019,504,504,499.59,500.84,276150
12/31/2019,500.76,502.89,498.28,502.7,296863
1/2/2020,510,510,504.92,508.98,520448
1/3/2020,501.72,506.7,501.52,503.57,337321
1/6/2020,500.17,504.77,498.51,504,411307
1/7/2020,502.88,509.82,502.88,507.22,454223
1/8/2020,507.77,510.14,502.24,507.1,726510
1/9/2020,513.88,514.82,510.6,513.1,477148
1/10/2020,514.51,515.24,510.41,512.18,483959
1/13/2020,513.27,523.45,513.27,523.11,651831
1/14/2020,520.15,525,516.52,518.32,924358
1/15/2020,518.5,531.62,518.5,530.26,1005148
1/16/2020,536.91,536.91,530.25,535,778150
1/17/2020,537.06,539.2,533.23,535.24,669121
1/21/2020,532.01,534.15,527.76,529.14,775987
1/22/2020,532.53,539.63,531.34,536.86,778123
1/23/2020,533.6,544,532.88,541.94,804476
1/24/2020,544.42,547.35,532.76,536.84,751151
1/27/2020,522,530.33,519.61,523.81,516527
1/28/2020,527.96,533.77,525.15,529.97,496575
1/29/2020,534.45,542.17,532.37,536.49,434731
1/30/2020,531.04,540.26,528.91,539.69,510956
1/31/2020,537.94,539.09,525.18,527.35,646420
2/3/2020,530.23,537.15,529.8,530.08,503076
2/4/2020,538.17,540.32,531.45,535.24,851764
2/5/2020,543.84,546.68,537.47,543.48,942967
2/6/2020,548.07,555.24,541.33,554.67,824432
2/7/2020,550,556.01,549.5,555.74,712908
2/10/2020,553.44,561.25,553.3,561.1,744099
2/11/2020,564.05,571.31,563.88,570.44,598959
2/12/2020,574.84,576.81,570.01,572.48,426314
2/13/2020,568.69,572.75,567.37,568.55,479675
2/14/2020,565.74,568.92,562.71,565.94,472391
2/18/2020,565,565.22,562.31,564.81,403248
2/19/2020,567.98,573,566.19,572.07,383200
2/20/2020,570,572.95,560.62,566.92,475404
2/21/2020,563.41,564.85,555,557,494166
2/24/2020,536.05,541.31,527.65,528,1063898
2/25/2020,530.26,531.13,502.47,506,1064637
2/26/2020,508.17,517.96,505.49,508.47,959697
2/27/2020,495.64,500.86,475.78,475.82,1286083
2/28/2020,459.25,465.41,449.02,463.01,2039371
3/2/2020,467.14,488.18,461.57,487.94,1278217
3/3/2020,488.34,503.98,476.18,482.07,1589823
3/4/2020,488.09,497.77,479.3,495.31,1175004
3/5/2020,477.37,482.4,464.58,472.47,1022212
3/6/2020,452.04,458.96,440.52,450.41,1460371
3/9/2020,411.39,436.1,405.15,419.01,1478230
3/10/2020,441.33,459.02,434.23,459,1608337
3/11/2020,445,447.99,422.17,430.97,1263679
3/12/2020,398.38,420,383.43,386.22,1669907
3/13/2020,415.11,419.24,388,413.78,1579445
3/16/2020,368.44,376.57,354.01,357.28,1569371
3/17/2020,366.21,398.24,355.39,386.76,1609663
3/18/2020,357.17,374.57,323.98,373.36,1969554
3/19/2020,367.29,415.15,351.3,397.36,1593658
3/20/2020,401.01,402.4,350.96,354.72,1363213
3/23/2020,354.72,354.72,326.28,327.42,1422874
3/24/2020,349.3,373.06,346.29,371.7,1319554
3/25/2020,384.9,439.99,377,401.38,1950996
3/26/2020,408.06,454.5,405.57,451.9,1598329
3/27/2020,428.54,449.48,421.12,434.34,1044182
3/30/2020,438,456.25,434.51,455.35,1177358
3/31/2020,451.89,458.63,436.99,439.97,1390256
4/1/2020,418.11,424.5,401.9,409.54,1163679
4/2/2020,408.18,433.87,406.19,426.53,649308
4/3/2020,426.71,432.98,411.03,418.07,612653
4/6/2020,442.01,452.98,433.4,449.52,957936
4/7/2020,469,469.07,441.98,443.12,831225
4/8/2020,445.81,455.64,441.63,450.97,772259
4/9/2020,460,478.69,458.43,471.42,1154661
4/13/2020,468.86,470.24,449.25,452.39,689115
4/14/2020,466.79,467.99,456.48,458.03,566294
4/15/2020,442.49,451,440,443.07,590579
4/16/2020,445.19,462.85,444.84,458.99,764913
4/17/2020,476.32,484.69,469.35,476.87,977286
4/20/2020,467.84,475.24,464.15,470.8,589552
4/21/2020,460.07,477.62,453.33,474.37,1200743
4/22/2020,484.32,487.88,475.54,481,842763
4/23/2020,481.32,484.76,469.31,471.2,512349
4/24/2020,476.03,476.03,469.64,475.14,517642
4/27/2020,481.07,498.15,477.06,496.65,613925
4/28/2020,508.07,510.79,494.76,497.77,655696
4/29/2020,510.67,516,500.59,511.39,637998
4/30/2020,501.24,507.94,497.81,502.04,580331
5/1/2020,491.42,492.47,483.15,484.16,526329
5/4/2020,479,483.71,473.11,481.51,634897
5/5/2020,488.11,493.73,484.88,485.49,525894
5/6/2020,489.73,491.7,476.67,483.4,520862
5/7/2020,494.87,502.81,493.33,497.39,537095
5/8/2020,505.53,506,496.62,498.78,450482
5/11/2020,492.27,497.18,488.64,493.11,699593
5/12/2020,472.83,473.34,451.35,454.44,3499006
5/13/2020,459.99,491.78,456.5,485.8,9666149
5/14/2020,481,500.14,471.45,498.2,11804135
5/15/2020,495,515.59,490.52,513.73,5957036
5/18/2020,519,528.79,514.59,516.43,5587203
5/19/2020,512.46,515.58,498.83,501.2,2100142
5/20/2020,509.56,513,503.46,508.74,1496770
5/21/2020,508.08,509.63,504.15,508.51,1007961
5/22/2020,506,513.57,503,513.3,632708
5/26/2020,525,530.15,521.41,523.63,1064311
5/27/2020,536.25,537.35,525.33,536.4,1182106
5/28/2020,548.48,550,535.01,536.84,1132946
5/29/2020,530.69,534.5,520.55,528.64,1159516
6/1/2020,528,543.11,526.73,538.23,668535
6/2/2020,544.4,547.77,538.43,541.34,847093
6/3/2020,550,551.94,542.81,547.71,1071558
6/4/2020,541.93,548.14,540,546.19,913455
6/5/2020,558,562.09,551.62,556.53,1438068
6/8/2020,557.22,561.92,550.55,557.33,1133450
6/9/2020,547.97,562.5,546.95,558.06,851931
6/10/2020,559.45,567.58,555.63,558.06,779693
6/11/2020,544.07,548.67,521.14,525.21,1250854
6/12/2020,538.4,539.13,516.1,527.04,1065590
6/15/2020,518.23,549.59,515.72,543.03,1242967
6/16/2020,558.9,558.9,539.35,550.4,826883
6/17/2020,554.96,561.5,552.8,555.23,704587
6/18/2020,549.87,558.35,548.53,556.77,531776
6/19/2020,566.98,566.98,546.85,555.37,1875026
6/22/2020,550.77,558.57,548.59,553.21,478601
6/23/2020,560,561.99,553.21,554.65,605923
6/24/2020,548.65,551.9,536.24,538.57,868874
6/25/2020,537.77,550.4,532.75,546.97,714151
6/26/2020,542.11,544.42,528.63,534.85,1167775
6/29/2020,540,540.57,530.99,532.87,774366
6/30/2020,533.97,545.98,533.97,544.09,1067092
7/1/2020,544.29,546.48,537.46,544.32,549023
7/2/2020,555.48,560.56,548.62,551.77,741950
7/6/2020,560,564.4,557.09,557.55,703115
7/7/2020,553.37,560.47,549.16,549.23,557322
7/8/2020,551.01,559.94,549.49,557.61,435753
7/9/2020,554.46,557.47,544.26,549.44,462691
7/10/2020,550.53,555.92,546.78,554.08,489497
7/13/2020,558.2,565.23,552,552.56,786413
7/14/2020,552.76,562.51,551.46,561.33,567337
7/15/2020,572.28,573,560.24,568.59,767633
7/16/2020,565.3,569.76,563.12,566.96,729899
7/17/2020,578.35,592.48,572.65,587.72,1151651
7/20/2020,580.22,585,577.13,579.6,706780
7/21/2020,584.75,584.75,578.29,580,523283
7/22/2020,580.33,586.62,577.98,582.54,460500
7/23/2020,580.31,585.05,575.22,578.15,453666
7/24/2020,578,578,567.66,570.62,421653
7/27/2020,568.73,578.28,565.35,575.33,618478
7/28/2020,572.9,574.19,569,570.7,488884
7/29/2020,569.75,580.21,569.75,577.6,724859
7/30/2020,569.31,573.09,564,573.09,341204
7/31/2020,572.33,575.32,566.68,575.01,375919
8/3/2020,579.35,583.55,577.31,579.95,496428
8/4/2020,573.65,575.69,567.93,571.04,513122
8/5/2020,576.71,584.92,573.23,582.15,465847
8/6/2020,579.96,583.35,575.07,582.23,454988
8/7/2020,582.67,588.34,579.42,588.19,469919
8/10/2020,586.21,587.16,579.67,580.2,465750
8/11/2020,585.3,596.51,583.33,586.64,576823
8/12/2020,592.14,605.72,584.4,590.24,612238
8/13/2020,586.72,595.3,586.72,589.56,359708
8/14/2020,588.61,592.46,584.06,588.46,316659
8/17/2020,590.93,595.54,587.89,592.03,411120
8/18/2020,591.09,594.76,588.8,589.21,456208
8/19/2020,592.33,595.55,588.8,589.75,418702
8/20/2020,584.88,588.26,581.04,583.36,552425
8/21/2020,585.41,588,581.93,584.04,418462
8/24/2020,587.38,591.69,584.29,591.45,381634
8/25/2020,594.45,594.6,590.12,591.15,373289
8/26/2020,591.46,595.7,587.9,592.1,540161
8/27/2020,592.94,598.9,591.99,594.98,428904
8/28/2020,595.61,601.31,592.09,601.06,436069
8/31/2020,602.52,604.08,593.67,594.19,581734
9/1/2020,594.74,601.02,593.15,596.24,402818
9/2/2020,597.74,609.69,594.19,608,684165
9/3/2020,604.13,605.45,573.7,579.12,739198
9/4/2020,581.81,584.09,557.86,564.63,822107
9/8/2020,559.99,560.77,548,552.54,837193
9/9/2020,561.62,564.1,555.33,560.18,830507
9/10/2020,561.64,561.96,541.21,543.31,891033
9/11/2020,544.48,547.45,537.86,541.2,660875
9/14/2020,545.04,553.21,543.27,547.38,631447
9/15/2020,553.11,553.43,547.28,548.16,626477
9/16/2020,551.82,566.88,548.8,561.73,1004027
9/17/2020,554.95,555.8,544.51,548.41,1033459
9/18/2020,548.47,559.16,548.47,556.92,2989114
9/21/2020,548.63,556.76,542.52,552.59,659600
9/22/2020,551.15,556.55,544.53,550.8,565647
9/23/2020,550.31,552.87,538.05,538.54,511422
9/24/2020,537.28,542.11,531.81,535.05,552840
9/25/2020,532.95,548.9,531.39,547.81,486378
9/28/2020,554.44,563.94,554,558.65,567033
9/29/2020,560.16,562.2,552.37,554.8,409654
9/30/2020,557.2,570.89,555.11,563.55,741054
10/1/2020,576.84,578.24,566.17,567.91,551296
10/2/2020,560.54,574.67,559.18,570.12,523471
10/5/2020,574.7,581.52,573,580.98,435362
10/6/2020,580.98,590.6,578.13,580.23,704311
10/7/2020,584.32,592.79,584.32,592.05,573701
10/8/2020,595.36,606.21,594.34,604.44,538097
10/9/2020,610.6,614.3,606.58,611.57,525143
10/12/2020,615.37,620.66,613.66,614.89,644719
10/13/2020,634.17,646.29,626.16,638.96,1155021
10/14/2020,641.83,643.46,634.05,639.85,694202
10/15/2020,634.09,648.9,632.64,646.24,792733
10/16/2020,652.04,659.57,648,657.38,765555
10/19/2020,658.25,666.64,633.03,634.89,775662
10/20/2020,636.62,650.98,636.62,645.07,473550
10/21/2020,646.58,653.72,634.82,634.99,452696
10/22/2020,635,637.83,629.82,635.18,483384
10/23/2020,637.87,639.16,633.51,637.31,494217
10/26/2020,630,631.59,615.83,622.19,686099
10/27/2020,620.32,624.58,613.47,614.53,349823
10/28/2020,602.69,606.45,596.26,600.71,645648
10/29/2020,600.21,606.59,590.26,602.33,447449
10/30/2020,597.58,600.87,587.9,599.21,530463
11/2/2020,608.96,618.35,606.45,614.87,455350
11/3/2020,620.9,633.34,619,629.26,560555
11/4/2020,628.29,657.98,627.81,651.6,811990
11/5/2020,661.02,672,659.78,668.19,714509
11/6/2020,666.06,668,654.19,654.9,493945
11/9/2020,685.12,692.73,663.18,666.02,870313
11/10/2020,661.07,666.54,645.12,660.6,758008
11/11/2020,670.79,675.75,667.03,670.62,455787
11/12/2020,665.76,668.67,654.87,659.79,501907
11/13/2020,660,671.1,658.29,669.77,664060
11/16/2020,682.5,682.5,669.27,676.43,607760
11/17/2020,676.46,676.46,664.51,667.49,768905
11/18/2020,670.8,676.65,668.95,669.89,509045
11/19/2020,665.97,675.34,663.24,673.48,471167
11/20/2020,674.02,675.75,669,672.71,396240
11/23/2020,676.88,689,673.84,682.87,505375
11/24/2020,694.67,700.66,686.5,699.3,651984
11/25/2020,698.12,704.26,696.42,703.61,401239
11/27/2020,706.75,718.85,705.14,715.11,313425
11/30/2020,710.31,713.19,697.73,698.35,888410
12/1/2020,709.67,720.51,705.2,715.23,549542
12/2/2020,715,718.81,708.98,718.36,484103
12/3/2020,718.36,721.82,711.76,715.42,604411
12/4/2020,713.42,720.29,696.55,703.47,816358
12/7/2020,702.7,709.58,699.03,709.49,680588
12/8/2020,706.79,718.55,703.48,713.92,598173
12/9/2020,715.84,716.15,696.84,701.68,489465
12/10/2020,699.59,702.74,694.25,698.41,438642
12/11/2020,692.3,697.03,689.45,695.2,488140
12/14/2020,700.53,700.55,683.46,683.92,658625
12/15/2020,691.52,704.13,690.33,698.18,617347
12/16/2020,704,708.8,693.55,698.37,849361
12/17/2020,703,709.68,699.29,706.01,832259
12/18/2020,705.15,706.6,691.5,698.8,1610738
12/21/2020,694,703.52,689.17,698.83,631849
12/22/2020,700,703.66,691.75,693.52,596988
12/23/2020,702,708.17,696.21,703.64,752601
12/24/2020,703.36,710.84,703.36,707.18,173253
12/28/2020,714.59,715.12,709.07,710.18,272253
12/29/2020,713.74,715.32,705.61,706.28,318436
12/30/2020,713.3,716.94,708,708.94,355270
12/31/2020,707.48,722.42,706.92,721.54,361507