Date,Close,SMA50,SMA200,Signal,Entry/Exit
2015-01-02,356.73,,,0.0,
2015-01-05,347.5,,,0.0,0.0
2015-01-06,342.1,,,0.0,0.0
2015-01-07,349.34,,,0.0,0.0
2015-01-08,353.42,,,0.0,0.0
2015-01-09,349.23,,,0.0,0.0
2015-01-12,346.93,,,0.0,0.0
2015-01-13,347.98,,,0.0,0.0
2015-01-14,345.75,,,0.0,0.0
2015-01-15,342.45,,,0.0,0.0
2015-01-16,348.07,,,0.0,0.0
2015-01-20,346.59,,,0.0,0.0
2015-01-21,349.5,,,0.0,0.0
2015-01-22,360.79,,,0.0,0.0
2015-01-23,355.12,,,0.0,0.0
2015-01-26,357.39,,,0.0,0.0
2015-01-27,351.48,,,0.0,0.0
2015-01-28,345.03,,,0.0,0.0
2015-01-29,346.94,,,0.0,0.0
2015-01-30,340.51,,,0.0,0.0
2015-02-02,347.64,,,0.0,0.0
2015-02-03,352.95,,,0.0,0.0
2015-02-04,350.78,,,0.0,0.0
2015-02-05,358.82,,,0.0,0.0
2015-02-06,362.43,,,0.0,0.0
2015-02-09,360.87,,,0.0,0.0
2015-02-10,370.67,,,0.0,0.0
2015-02-11,369.9,,,0.0,0.0
2015-02-12,374.88,,,0.0,0.0
2015-02-13,376.04,,,0.0,0.0
2015-02-17,380.33,,,0.0,0.0
2015-02-18,377.86,,,0.0,0.0
2015-02-19,377.61,,,0.0,0.0
2015-02-20,376.64,,,0.0,0.0
2015-02-23,376.43,,,0.0,0.0
2015-02-24,378.11,,,0.0,0.0
2015-02-25,375.92,,,0.0,0.0
2015-02-26,375.02,,,0.0,0.0
2015-02-27,371.42,,,0.0,0.0
2015-03-02,376.42,,,0.0,0.0
2015-03-03,373.66,,,0.0,0.0
2015-03-04,369.14,,,0.0,0.0
2015-03-05,369.94,,,0.0,0.0
2015-03-06,365.47,,,0.0,0.0
2015-03-09,364.59,,,0.0,0.0
2015-03-10,356.19,,,0.0,0.0
2015-03-11,358.41,,,0.0,0.0
2015-03-12,368.71,,,0.0,0.0
2015-03-13,367.74,,,0.0,0.0
2015-03-16,374.08,360.83040000000005,,0.0,0.0
2015-03-17,374.26,361.18100000000004,,0.0,0.0
2015-03-18,377.76,361.7862,,0.0,0.0
2015-03-19,369.95,362.3432000000001,,0.0,0.0
2015-03-20,378.64,362.92920000000004,,0.0,0.0
2015-03-23,374.33,363.3474000000001,,0.0,0.0
2015-03-24,369.1,363.7448000000001,,0.0,0.0
2015-03-25,363.92,364.0846000000001,,0.0,0.0
2015-03-26,362.15,364.3680000000001,,0.0,0.0
2015-03-27,361.63,364.68560000000014,,0.0,0.0
2015-03-30,368.1,365.19860000000006,,0.0,0.0
2015-03-31,365.84,365.5540000000001,,0.0,0.0
2015-04-01,362.57,365.87360000000007,,0.0,0.0
2015-04-02,366.4,366.2116000000001,,0.0,0.0
2015-04-06,366.98,366.3354000000001,,0.0,0.0
2015-04-07,368.62,366.6054000000001,,0.0,0.0
2015-04-08,369.71,366.8518000000001,,0.0,0.0
2015-04-09,371.53,367.25280000000004,,0.0,0.0
2015-04-10,369.45,367.7412000000001,,0.0,0.0
2015-04-13,369.69,368.1962000000001,,0.0,0.0
2015-04-14,373.66,368.8592000000001,,0.0,0.0
2015-04-15,376.66,369.43960000000015,,0.0,0.0
2015-04-16,372.18,369.82420000000013,,0.0,0.0
2015-04-17,365.4,370.1166000000002,,0.0,0.0
2015-04-20,369.71,370.3344000000002,,0.0,0.0
2015-04-21,367.52,370.43620000000016,,0.0,0.0
2015-04-22,369.51,370.60900000000015,,0.0,0.0
2015-04-23,371.93,370.6342000000002,,0.0,0.0
2015-04-24,372.98,370.6958000000002,,0.0,0.0
2015-04-27,371.89,370.63600000000014,,0.0,0.0
2015-04-28,377.85,370.6722000000001,,0.0,0.0
2015-04-29,366.67,370.399,,0.0,0.0
2015-04-30,363.94,370.12059999999997,,0.0,0.0
2015-05-01,368.64,369.9412,,0.0,0.0
2015-05-04,370.27,369.81379999999996,,0.0,0.0
2015-05-05,366.05,369.60619999999994,,0.0,0.0
2015-05-06,363.4,369.31199999999995,,0.0,0.0
2015-05-07,365.68,369.10720000000003,,0.0,0.0
2015-05-08,370.04,369.0076,,0.0,0.0
2015-05-11,367.78,368.93480000000005,,0.0,0.0
2015-05-12,365.17,368.70980000000003,,0.0,0.0
2015-05-13,365.13,368.53920000000005,,0.0,0.0
2015-05-14,371.47,368.58580000000006,,0.0,0.0
2015-05-15,370.85,368.6040000000001,,0.0,0.0
2015-05-18,370.71,368.70880000000005,,0.0,0.0
2015-05-19,371.08,368.8386000000001,,0.0,0.0
2015-05-20,370.25,369.1198000000001,,0.0,0.0
2015-05-21,368.22,369.31600000000014,,0.0,0.0
2015-05-22,368.08,369.3034000000002,,0.0,0.0
2015-05-26,365.03,369.24920000000014,,0.0,0.0
2015-05-27,368.68,369.1412000000001,,0.0,0.0
2015-05-28,369.51,369.0462000000001,,0.0,0.0
2015-05-29,365.78,368.8066000000001,,0.0,0.0
2015-06-01,364.27,368.6930000000001,,0.0,0.0
2015-06-02,363.4,368.38820000000015,,0.0,0.0
2015-06-03,364.95,368.2006000000001,,0.0,0.0
2015-06-04,357.83,367.9752000000002,,0.0,0.0
2015-06-05,355.32,367.80320000000023,,0.0,0.0
2015-06-08,353.45,367.6292000000002,,0.0,0.0
2015-06-09,352.73,367.4512000000002,,0.0,0.0
2015-06-10,355.61,367.2014000000002,,0.0,0.0
2015-06-11,356.81,367.02080000000024,,0.0,0.0
2015-06-12,353.43,366.83800000000025,,0.0,0.0
2015-06-15,355.28,366.6156000000002,,0.0,0.0
2015-06-16,357.28,366.4216000000002,,0.0,0.0
2015-06-17,357.3,366.19520000000017,,0.0,0.0
2015-06-18,360.88,366.0186000000002,,0.0,0.0
2015-06-19,359.19,365.7718000000002,,0.0,0.0
2015-06-22,358.96,365.5620000000002,,0.0,0.0
2015-06-23,360.15,365.3712000000003,,0.0,0.0
2015-06-24,355.57,365.00940000000026,,0.0,0.0
2015-06-25,351.13,364.49880000000024,,0.0,0.0
2015-06-26,354.47,364.1446000000003,,0.0,0.0
2015-06-29,344.54,363.7274000000003,,0.0,0.0
2015-06-30,345.98,363.25280000000026,,0.0,0.0
2015-07-01,347.4,362.8504000000003,,0.0,0.0
2015-07-02,345.4,362.36820000000034,,0.0,0.0
2015-07-06,342.81,361.7858000000004,,0.0,0.0
2015-07-07,342.61,361.1784000000004,,0.0,0.0
2015-07-08,334.12,360.4230000000004,,0.0,0.0
2015-07-09,336.89,359.60380000000043,,0.0,0.0
2015-07-10,339.46,359.05960000000044,,0.0,0.0
2015-07-13,344.26,358.6660000000004,,0.0,0.0
2015-07-14,342.73,358.1478000000004,,0.0,0.0
2015-07-15,346.49,357.67220000000043,,0.0,0.0
2015-07-16,354.28,357.43680000000046,,0.0,0.0
2015-07-17,354.54,357.25960000000043,,0.0,0.0
2015-07-20,353.1,357.0080000000004,,0.0,0.0
2015-07-21,351.82,356.6436000000004,,0.0,0.0
2015-07-22,350.0,356.2880000000004,,0.0,0.0
2015-07-23,346.44,355.9134000000004,,0.0,0.0
2015-07-24,341.41,355.43900000000036,,0.0,0.0
2015-07-27,336.24,354.7344000000004,,0.0,0.0
2015-07-28,336.84,354.05420000000044,,0.0,0.0
2015-07-29,339.84,353.43680000000046,,0.0,0.0
2015-07-30,338.75,352.7902000000004,,0.0,0.0
2015-07-31,336.32,352.1116000000004,,0.0,0.0
2015-08-03,334.7,351.4412000000004,,0.0,0.0
2015-08-04,332.44,350.7284000000003,,0.0,0.0
2015-08-05,334.69,350.12160000000034,,0.0,0.0
2015-08-06,333.07,349.4094000000003,,0.0,0.0
2015-08-07,331.85,348.6562000000003,,0.0,0.0
2015-08-10,335.59,348.0524000000003,,0.0,0.0
2015-08-11,330.0,347.36700000000036,,0.0,0.0
2015-08-12,327.13,346.6416000000003,,0.0,0.0
2015-08-13,325.91,345.8608000000003,,0.0,0.0
2015-08-14,328.14,345.2670000000003,,0.0,0.0
2015-08-17,329.33,344.7472000000003,,0.0,0.0
2015-08-18,328.72,344.2526000000003,,0.0,0.0
2015-08-19,323.26,343.6632000000003,,0.0,0.0
2015-08-20,317.06,342.8922000000003,,0.0,0.0
2015-08-21,307.27,341.9014000000003,,0.0,0.0
2015-08-24,299.17,340.81620000000026,,0.0,0.0
2015-08-25,294.66,339.60380000000026,,0.0,0.0
2015-08-26,303.09,338.52000000000027,,0.0,0.0
2015-08-27,314.47,337.6634000000003,,0.0,0.0
2015-08-28,311.23,336.6704000000003,,0.0,0.0
2015-08-31,302.47,335.53600000000034,,0.0,0.0
2015-09-01,294.3,334.24280000000033,,0.0,0.0
2015-09-02,298.53,333.0104000000003,,0.0,0.0
2015-09-03,300.26,331.9042000000003,,0.0,0.0
2015-09-04,294.24,330.76640000000026,,0.0,0.0
2015-09-08,301.43,329.7056000000003,,0.0,0.0
2015-09-09,296.77,328.75020000000023,,0.0,0.0
2015-09-10,301.31,327.8568000000003,,0.0,0.0
2015-09-11,303.31,326.9750000000003,,0.0,0.0
2015-09-14,301.06,326.0882000000003,,0.0,0.0
2015-09-15,307.9,325.3900000000003,,0.0,0.0
2015-09-16,313.51,324.80800000000033,,0.0,0.0
2015-09-17,311.63,324.35820000000035,,0.0,0.0
2015-09-18,308.87,323.79780000000034,,0.0,0.0
2015-09-21,312.39,323.2564000000004,,0.0,0.0
2015-09-22,304.33,322.45780000000036,,0.0,0.0
2015-09-23,303.26,321.6684000000004,,0.0,0.0
2015-09-24,300.51,320.7488000000004,,0.0,0.0
2015-09-25,302.98,319.7228000000004,,0.0,0.0
2015-09-28,294.06,318.5132000000004,,0.0,0.0
2015-09-29,293.52,317.3216000000004,,0.0,0.0
2015-09-30,297.47,316.23460000000034,,0.0,0.0
2015-10-01,295.92,315.15300000000036,,0.0,0.0
2015-10-02,303.36,314.29140000000035,,0.0,0.0
2015-10-05,313.61,313.73540000000037,,0.0,0.0
2015-10-06,312.73,313.2652000000004,,0.0,0.0
2015-10-07,320.64,312.9412000000004,,0.0,0.0
2015-10-08,318.57,312.51580000000035,,0.0,0.0
2015-10-09,318.11,312.10300000000035,,0.0,0.0
2015-10-12,315.66,311.68980000000033,,0.0,0.0
2015-10-13,315.12,311.29820000000035,,0.0,0.0
2015-10-14,322.47,311.0988000000003,,0.0,0.0
2015-10-15,325.63,310.91760000000033,,0.0,0.0
2015-10-16,330.83,310.8728000000003,347.56345,0.0,0.0
2015-10-19,327.88,310.7934000000003,347.41920000000005,0.0,0.0
2015-10-20,327.15,310.62460000000027,347.31745,0.0,0.0
2015-10-21,321.98,310.4642000000003,347.21684999999997,0.0,0.0
2015-10-22,335.35,310.6286000000003,347.1469,0.0,0.0
2015-10-23,340.79,310.92620000000034,347.08375,0.0,0.0
2015-10-26,337.02,311.1038000000003,347.02270000000004,0.0,0.0
2015-10-27,335.57,311.2286000000003,346.9659000000001,0.0,0.0
2015-10-28,346.32,311.58060000000035,346.9576000000002,0.0,0.0
2015-10-29,349.86,312.1126000000003,346.97815000000014,0.0,0.0
2015-10-30,351.97,312.81080000000037,347.0257500000002,0.0,0.0
2015-11-02,354.57,313.75680000000034,347.0582500000002,0.0,0.0
2015-11-03,358.47,314.9428000000003,347.1176500000002,0.0,0.0
2015-11-04,356.49,316.1794000000003,347.15260000000023,0.0,0.0
2015-11-05,357.3,317.2636000000003,347.1351500000003,0.0,0.0
2015-11-06,356.7,318.10820000000035,347.1430500000003,0.0,0.0
2015-11-09,349.57,318.87500000000034,347.10395000000034,0.0,0.0
2015-11-10,350.27,319.83100000000036,347.0979000000004,0.0,0.0
2015-11-11,350.5,320.9550000000004,347.1252500000004,0.0,0.0
2015-11-12,345.74,321.8992000000004,347.1192500000004,0.0,0.0
2015-11-13,343.25,322.7590000000004,347.1329500000004,0.0,0.0
2015-11-16,352.33,323.92080000000044,347.1564000000004,0.0,0.0
2015-11-17,353.42,324.9606000000004,347.15875000000045,0.0,0.0
2015-11-18,360.63,326.23780000000045,347.2080000000005,0.0,0.0
2015-11-19,359.09,327.39340000000044,347.2093500000004,0.0,0.0
2015-11-20,362.46,328.57640000000043,347.2095000000005,0.0,0.0
2015-11-23,363.25,329.8202000000004,347.22140000000053,0.0,0.0
2015-11-24,356.81,330.7984000000004,347.1521000000005,0.0,0.0
2015-11-25,360.62,331.7406000000004,347.1057000000005,0.0,0.0
2015-11-27,358.39,332.6758000000004,347.0232500000005,0.0,0.0
2015-11-30,363.72,333.7728000000004,346.96165000000053,0.0,0.0
2015-12-01,361.73,334.75960000000043,346.8686500000005,0.0,0.0
2015-12-02,358.92,335.85140000000035,346.77395000000047,0.0,0.0
2015-12-03,352.0,336.82620000000037,346.6459000000005,0.0,0.0
2015-12-04,360.76,338.0312000000004,346.5665000000005,0.0,0.0
2015-12-07,355.47,339.0810000000004,346.4617000000005,0.0,0.0
2015-12-08,348.94,340.17860000000036,346.3158500000005,0.0,0.0
2015-12-09,344.57,341.1996000000004,346.15910000000054,0.0,0.0
2015-12-10,345.25,342.1552000000003,346.0102500000005,0.0,0.0
2015-12-11,322.78,342.69240000000036,345.76705000000055,0.0,0.0
2015-12-14,319.6,343.0172000000003,345.4829500000006,0.0,0.0
2015-12-15,329.54,343.3358000000003,345.26235000000054,0.0,0.0
2015-12-16,331.0,343.7012000000003,345.07165000000055,0.0,0.0
2015-12-17,330.21,343.8926000000003,344.87300000000056,0.0,0.0
2015-12-18,321.47,343.95060000000035,344.65300000000053,0.0,0.0
2015-12-21,325.55,344.0994000000003,344.4578000000006,0.0,0.0
2015-12-22,330.51,344.3964000000003,344.32940000000053,1.0,1.0
2015-12-23,339.64,344.8868000000003,344.2355500000005,1.0,0.0
2015-12-24,337.4,345.1854000000003,344.07900000000046,1.0,0.0
2015-12-28,342.45,345.52180000000027,343.95255000000043,1.0,0.0
2015-12-29,343.6,345.7772000000002,343.80015000000043,1.0,0.0
2015-12-30,342.05,346.0606000000002,343.6391000000005,1.0,0.0
2015-12-31,340.52,346.3280000000002,343.4529000000005,1.0,0.0
2016-01-04,333.1,346.55040000000014,343.26865000000055,1.0,0.0
2016-01-05,333.96,346.5226000000002,343.0452500000006,1.0,0.0
2016-01-06,330.16,346.3100000000002,342.8244000000006,1.0,0.0
2016-01-07,315.73,345.88420000000013,342.55755000000056,1.0,0.0
2016-01-08,307.78,345.3284000000001,342.27685000000054,1.0,0.0
2016-01-11,308.32,344.5684000000001,342.0077000000006,1.0,0.0
2016-01-12,313.59,343.8430000000001,341.7675000000006,1.0,0.0
2016-01-13,304.61,342.89580000000007,341.45005000000054,1.0,0.0
2016-01-14,310.0,342.0044000000001,341.1708500000006,1.0,0.0
2016-01-15,296.58,340.7666000000001,340.84090000000054,0.0,-1.0
2016-01-19,294.0,339.5168000000001,340.4789000000006,0.0,0.0
2016-01-20,292.0,338.21080000000006,340.1040000000006,0.0,0.0
2016-01-21,289.9,336.8748000000001,339.7104000000006,0.0,0.0
2016-01-22,300.56,335.89460000000014,339.36465000000055,0.0,0.0
2016-01-25,289.72,334.6836000000001,338.9556000000006,0.0,0.0
2016-01-26,299.26,333.6588000000001,338.60465000000056,0.0,0.0
2016-01-27,302.12,332.78640000000007,338.2668000000005,0.0,0.0
2016-01-28,299.17,331.9048,337.8943500000005,0.0,0.0
2016-01-29,314.26,331.1434,337.5823500000004,0.0,0.0
2016-02-01,312.25,330.32,337.2827000000005,0.0,0.0
2016-02-02,301.21,329.13159999999993,336.96175000000056,0.0,0.0
2016-02-03,304.06,328.031,336.6335000000005,0.0,0.0
2016-02-04,313.7,327.05580000000003,336.36440000000044,0.0,0.0
2016-02-05,307.75,325.9458,336.0556000000005,0.0,0.0
2016-02-08,293.46,324.6788,335.6632500000006,0.0,0.0
2016-02-09,294.53,323.357,335.2710000000006,0.0,0.0
2016-02-10,298.56,322.1604,334.90435000000053,0.0,0.0
2016-02-11,294.21,320.7702,334.4861500000006,0.0,0.0
2016-02-12,306.8,319.6716,334.1868000000006,0.0,0.0
2016-02-16,314.47,318.7826,333.9394500000006,0.0,0.0
2016-02-17,319.88,318.1402,333.6956500000006,0.0,0.0
2016-02-18,315.97,317.2443999999999,333.42415000000057,0.0,0.0
2016-02-19,314.29,316.4208,333.16535000000056,0.0,0.0
2016-02-22,316.45,315.77099999999996,332.93060000000054,0.0,0.0
2016-02-23,309.86,315.0768,332.6515000000006,0.0,0.0
2016-02-24,307.98,314.3314,332.3412000000006,0.0,0.0
2016-02-25,313.62,314.1482,332.0704000000006,0.0,0.0
2016-02-26,313.92,314.0346,331.8141500000006,0.0,0.0
2016-02-29,311.96,313.68299999999994,331.5483000000006,0.0,0.0
2016-03-01,322.57,313.51439999999997,331.30380000000065,0.0,0.0
2016-03-02,326.73,313.4448,331.0832000000006,0.0,0.0
2016-03-03,323.14,313.47819999999996,330.84535000000056,0.0,0.0
2016-03-04,323.76,313.44239999999996,330.6087500000005,0.0,0.0
2016-03-07,326.73,313.36679999999996,330.3911500000005,0.0,0.0
2016-03-08,320.4,312.98199999999997,330.15205000000043,0.0,0.0
2016-03-09,328.31,312.80019999999996,329.95320000000044,0.0,0.0
2016-03-10,324.99,312.45099999999996,329.75300000000044,0.0,0.0
2016-03-11,339.65,312.37199999999996,329.6078500000005,0.0,0.0
2016-03-14,337.82,312.28739999999993,329.44940000000054,0.0,0.0
2016-03-15,334.13,312.1595999999999,329.2911500000006,0.0,0.0
2016-03-16,334.07,312.1789999999999,329.1401500000006,0.0,0.0
2016-03-17,341.94,312.33859999999993,329.0328500000006,0.0,0.0
2016-03-18,342.56,312.5865999999999,328.92090000000064,0.0,0.0
2016-03-21,341.98,313.11159999999995,328.8416500000006,0.0,0.0
2016-03-22,340.22,313.7603999999999,328.76615000000055,0.0,0.0
2016-03-23,339.23,314.3785999999999,328.69505000000055,0.0,0.0
2016-03-24,334.28,314.79239999999993,328.60280000000057,0.0,0.0
2016-03-28,336.91,315.4383999999999,328.50930000000056,0.0,0.0
2016-03-29,339.91,316.0365999999999,328.42480000000063,0.0,0.0
2016-03-30,341.37,316.9323999999999,328.36450000000065,0.0,0.0
2016-03-31,340.57,317.8637999999999,328.2909500000007,0.0,0.0
2016-04-01,342.53,318.8743999999999,328.2172000000007,0.0,0.0
2016-04-04,338.52,319.8467999999999,328.12330000000065,0.0,0.0
2016-04-05,334.8,320.5315999999999,327.99290000000065,0.0,0.0
2016-04-06,337.2,321.48119999999994,327.8829500000006,0.0,0.0
2016-04-07,328.37,322.06339999999994,327.7300000000006,0.0,0.0
2016-04-08,331.6,322.6529999999999,327.5872500000006,0.0,0.0
2016-04-11,332.96,323.32879999999994,327.4742000000006,0.0,0.0
2016-04-12,339.31,323.8297999999999,327.4151000000006,0.0,0.0
2016-04-13,348.29,324.5505999999999,327.38420000000065,0.0,0.0
2016-04-14,354.91,325.62459999999993,327.43605000000065,0.0,0.0
2016-04-15,357.74,326.6982,327.4948500000006,0.0,0.0
2016-04-18,358.0,327.5841999999999,327.5478500000006,1.0,1.0
2016-04-19,364.66,328.7223999999999,327.64415000000054,1.0,0.0
2016-04-20,366.92,330.1915999999999,327.7647000000006,1.0,0.0
2016-04-21,364.09,331.5827999999999,327.87210000000056,1.0,0.0
2016-04-22,365.47,332.92099999999994,328.0288500000006,1.0,0.0
2016-04-25,363.66,334.30999999999995,328.1627000000006,1.0,0.0
2016-04-26,365.96,335.49319999999994,328.29520000000065,1.0,0.0
2016-04-27,367.47,336.55319999999995,328.4112500000007,1.0,0.0
2016-04-28,358.83,337.33219999999994,328.4917500000007,1.0,0.0
2016-04-29,356.33,338.13939999999997,328.5409500000007,1.0,0.0
2016-05-02,361.5,339.08359999999993,328.57705000000067,1.0,0.0
2016-05-03,355.69,339.8683999999999,328.5828000000007,1.0,0.0
2016-05-04,352.17,340.71459999999985,328.5781500000007,1.0,0.0
2016-05-05,352.08,341.5965999999999,328.57945000000063,1.0,0.0
2016-05-06,356.01,342.44439999999986,328.60950000000065,1.0,0.0
2016-05-09,355.01,343.26619999999986,328.6523500000006,1.0,0.0
2016-05-10,360.18,344.2305999999999,328.74620000000056,1.0,0.0
2016-05-11,353.82,344.8555999999999,328.83410000000055,1.0,0.0
2016-05-12,355.6,345.4329999999999,328.9279000000006,1.0,0.0
2016-05-13,347.29,345.91599999999994,328.96515000000056,1.0,0.0
2016-05-16,351.83,346.4774,329.0305500000006,1.0,0.0
2016-05-17,348.82,346.9192,329.0930500000006,1.0,0.0
2016-05-18,353.49,347.58099999999996,329.18700000000064,1.0,0.0
2016-05-19,350.57,348.02619999999996,329.2776500000007,1.0,0.0
2016-05-20,354.01,348.6065999999999,329.3742500000006,1.0,0.0
2016-05-23,353.9,348.89159999999987,329.47840000000053,1.0,0.0
2016-05-24,361.18,349.3587999999999,329.6250500000005,1.0,0.0
2016-05-25,364.09,349.95799999999986,329.7675500000005,1.0,0.0
2016-05-26,363.1,350.53859999999986,329.9330500000005,1.0,0.0
2016-05-27,365.09,351.0015999999999,330.1228500000005,1.0,0.0
2016-05-31,363.85,351.4273999999998,330.3125500000005,1.0,0.0
2016-06-01,364.59,351.87959999999987,330.49480000000045,1.0,0.0
2016-06-02,361.11,352.2973999999998,330.65370000000047,1.0,0.0
2016-06-03,359.37,352.7001999999998,330.8069500000004,1.0,0.0
2016-06-06,362.06,353.25579999999985,331.00095000000044,1.0,0.0
2016-06-07,359.06,353.6987999999999,331.2109500000004,1.0,0.0
2016-06-08,360.35,354.1075999999999,331.4763500000005,1.0,0.0
2016-06-09,357.96,354.43939999999986,331.7703000000005,1.0,0.0
2016-06-10,346.97,354.5673999999999,332.0318500000005,1.0,0.0
2016-06-13,344.59,354.6085999999999,332.2393500000005,1.0,0.0
2016-06-14,339.79,354.63399999999996,332.36595000000045,1.0,0.0
2016-06-15,339.55,354.7289999999999,332.5075500000005,1.0,0.0
2016-06-16,339.46,354.7741999999999,332.6925000000005,1.0,0.0
2016-06-17,341.88,355.04439999999994,332.93040000000053,1.0,0.0
2016-06-20,348.43,355.381,333.1799000000005,1.0,0.0
2016-06-21,348.0,355.6818,333.41860000000054,1.0,0.0
2016-06-22,347.67,355.84899999999993,333.6857500000005,1.0,0.0
2016-06-23,356.85,356.0201999999999,333.96285000000057,1.0,0.0
2016-06-24,332.51,355.57219999999984,334.1415500000005,1.0,0.0
2016-06-27,319.54,354.80819999999983,334.2327000000005,1.0,0.0
2016-06-28,323.96,354.12739999999985,334.33595000000054,1.0,0.0
2016-06-29,336.74,353.56899999999985,334.51435000000055,1.0,0.0
2016-06-30,342.53,353.08119999999985,334.68750000000057,1.0,0.0
2016-07-01,341.28,352.62499999999983,334.8263500000006,1.0,0.0
2016-07-05,336.08,352.03719999999987,334.94860000000057,1.0,0.0
2016-07-06,336.11,351.4861999999999,335.0848000000006,1.0,0.0
2016-07-07,335.11,350.8691999999999,335.1984000000006,1.0,0.0
2016-07-08,345.2,350.4237999999999,335.4027500000006,1.0,0.0
2016-07-11,347.5,350.19719999999984,335.6239500000006,1.0,0.0
2016-07-12,357.37,350.2179999999998,335.90825000000063,1.0,0.0
2016-07-13,357.5,350.1379999999998,336.18085000000065,1.0,0.0
2016-07-14,355.19,350.1279999999998,336.48650000000066,1.0,0.0
2016-07-15,356.85,350.2215999999998,336.8031500000007,1.0,0.0
2016-07-18,357.78,350.3355999999998,337.10470000000066,1.0,0.0
2016-07-19,356.58,350.3469999999998,337.4080000000007,1.0,0.0
2016-07-20,359.78,350.44239999999985,337.69010000000065,1.0,0.0
2016-07-21,359.5,350.42879999999985,337.9195500000007,1.0,0.0
2016-07-22,363.05,350.61339999999984,338.1711500000007,1.0,0.0
2016-07-25,361.42,350.72979999999984,338.3750500000007,1.0,0.0
2016-07-26,361.93,351.0225999999998,338.59185000000065,1.0,0.0
2016-07-27,363.31,351.2521999999998,338.8178500000006,1.0,0.0
2016-07-28,363.37,351.5431999999998,339.05640000000056,1.0,0.0
2016-07-29,366.25,351.79839999999973,339.3120500000006,1.0,0.0
2016-08-01,368.32,352.15339999999975,339.5413000000006,1.0,0.0
2016-08-02,367.08,352.4147999999998,339.7485500000006,1.0,0.0
2016-08-03,368.16,352.69999999999976,339.93520000000063,1.0,0.0
2016-08-04,366.25,352.8013999999998,340.1270500000006,1.0,0.0
2016-08-05,374.75,353.01459999999975,340.3650500000006,1.0,0.0
2016-08-08,371.69,353.18639999999976,340.61360000000064,1.0,0.0
2016-08-09,368.65,353.2575999999998,340.78010000000063,1.0,0.0
2016-08-10,366.44,353.3093999999998,340.90835000000067,1.0,0.0
2016-08-11,367.39,353.3653999999998,341.06020000000063,1.0,0.0
2016-08-12,366.6,353.47519999999975,341.2153500000006,1.0,0.0
2016-08-15,370.74,353.7025999999998,341.3374500000006,1.0,0.0
2016-08-16,367.07,353.80279999999976,341.4235000000006,1.0,0.0
2016-08-17,370.1,354.0235999999997,341.51415000000065,1.0,0.0
2016-08-18,370.79,354.23239999999976,341.5952500000006,1.0,0.0
2016-08-19,372.05,354.5141999999998,341.6631500000006,1.0,0.0
2016-08-22,371.55,355.00579999999974,341.73845000000057,1.0,0.0
2016-08-23,372.28,355.5595999999997,341.8133500000006,1.0,0.0
2016-08-24,369.12,356.1461999999997,341.87545000000057,1.0,0.0
2016-08-25,368.5,356.7251999999997,341.9701000000005,1.0,0.0
2016-08-26,371.09,357.3577999999997,342.0742000000005,1.0,0.0
2016-08-29,373.8,357.99619999999965,342.1907000000005,1.0,0.0
2016-08-30,376.0,358.54759999999965,342.3420000000005,1.0,0.0
2016-08-31,372.81,359.0437999999997,342.48980000000046,1.0,0.0
2016-09-01,372.17,359.5337999999997,342.58900000000045,1.0,0.0
2016-09-02,373.85,359.8737999999997,342.6911500000005,1.0,0.0
2016-09-06,371.59,360.6553999999997,342.74595000000045,1.0,0.0
2016-09-07,373.54,361.73539999999974,342.81820000000045,1.0,0.0
2016-09-08,372.38,362.7037999999998,342.86780000000044,1.0,0.0
2016-09-09,362.18,363.2125999999997,342.86245000000036,1.0,0.0
2016-09-12,368.1,363.7239999999997,342.9189000000004,1.0,0.0
2016-09-13,360.91,364.1165999999997,342.9203500000005,1.0,0.0
2016-09-14,360.7,364.6089999999997,342.93190000000044,1.0,0.0
2016-09-15,365.5,365.1967999999997,342.9408000000005,1.0,0.0
2016-09-16,365.97,365.81399999999974,342.9620000000005,1.0,0.0
2016-09-19,367.96,366.26919999999967,343.0072000000005,1.0,0.0
2016-09-20,365.71,366.63339999999965,343.07575000000054,1.0,0.0
2016-09-21,370.37,366.8933999999997,343.12380000000053,1.0,0.0
2016-09-22,373.87,367.22079999999966,343.2158000000005,1.0,0.0
2016-09-23,365.65,367.4299999999997,343.29935000000046,1.0,0.0
2016-09-26,360.7,367.5069999999998,343.38000000000045,1.0,0.0
2016-09-27,361.79,367.58719999999977,343.4627000000004,1.0,0.0
2016-09-28,361.68,367.68919999999974,343.6572000000004,1.0,0.0
2016-09-29,357.23,367.63819999999976,343.84535000000034,1.0,0.0
2016-09-30,362.46,367.6973999999998,344.0099500000004,1.0,0.0
2016-10-03,360.07,367.63779999999974,344.1553000000004,1.0,0.0
2016-10-04,356.03,367.5299999999998,344.2844000000004,1.0,0.0
2016-10-05,358.24,367.4561999999998,344.4682500000004,1.0,0.0
2016-10-06,356.8,367.3259999999998,344.6245000000004,1.0,0.0
2016-10-07,357.21,367.2027999999998,344.7580000000005,1.0,0.0
2016-10-10,358.8,367.05379999999974,344.8538000000005,1.0,0.0
2016-10-11,351.87,366.72479999999973,344.92615000000046,1.0,0.0
2016-10-12,351.1,366.4051999999997,344.9694000000005,1.0,0.0
2016-10-13,349.34,366.0287999999997,344.9981000000005,1.0,0.0
2016-10-14,354.91,365.8019999999997,345.0624000000005,1.0,0.0
2016-10-17,354.6,365.39899999999966,345.1328000000005,1.0,0.0
2016-10-18,356.59,365.0969999999997,345.25025000000045,1.0,0.0
2016-10-19,352.72,364.7783999999997,345.34405000000044,1.0,0.0
2016-10-20,349.17,364.43299999999965,345.4391000000004,1.0,0.0
2016-10-21,345.55,363.99619999999965,345.5882000000004,1.0,0.0
2016-10-24,343.14,363.5269999999997,345.76500000000044,1.0,0.0
2016-10-25,341.54,362.94299999999964,345.93110000000036,1.0,0.0
2016-10-26,340.15,362.4045999999997,346.06390000000033,1.0,0.0
2016-10-27,340.28,361.8081999999997,346.24225000000035,1.0,0.0
2016-10-28,339.69,361.18619999999964,346.3907000000004,1.0,0.0
2016-10-31,341.24,360.5699999999997,346.6140000000004,1.0,0.0
2016-11-01,340.96,359.9581999999997,346.84880000000044,1.0,0.0
2016-11-02,338.61,359.28479999999973,347.08185000000043,1.0,0.0
2016-11-03,341.14,358.72519999999975,347.33805000000046,1.0,0.0
2016-11-04,345.8,358.27119999999974,347.56425000000047,1.0,0.0
2016-11-07,357.64,358.00219999999973,347.90385000000043,1.0,0.0
2016-11-08,353.49,357.5959999999998,348.1750000000005,1.0,0.0
2016-11-09,364.42,357.3643999999997,348.48650000000055,1.0,0.0
2016-11-10,375.01,357.4083999999997,348.8657000000005,1.0,0.0
2016-11-11,371.19,357.38879999999966,349.15035000000057,1.0,0.0
2016-11-14,373.81,357.38799999999975,349.45815000000056,1.0,0.0
2016-11-15,372.15,357.3991999999998,349.8128500000005,1.0,0.0
2016-11-16,367.45,357.2773999999998,350.12980000000044,1.0,0.0
2016-11-17,371.37,357.2571999999997,350.4181500000005,1.0,0.0
2016-11-18,372.78,357.4691999999997,350.74330000000043,1.0,0.0
2016-11-21,374.57,357.5985999999997,351.14885000000044,1.0,0.0
2016-11-22,373.06,357.84159999999974,351.54150000000044,1.0,0.0
2016-11-23,372.99,358.0873999999998,351.9136500000005,1.0,0.0
2016-11-25,373.67,358.25079999999974,352.31095000000045,1.0,0.0
2016-11-28,368.65,358.30439999999976,352.6202000000004,1.0,0.0
2016-11-29,368.55,358.31619999999975,352.8906000000004,1.0,0.0
2016-11-30,370.79,358.4177999999998,353.14515000000034,1.0,0.0
2016-12-01,377.2,358.5543999999998,353.45130000000034,1.0,0.0
2016-12-02,371.36,358.50419999999986,353.7366500000004,1.0,0.0
2016-12-05,374.35,358.6781999999998,354.0261500000004,1.0,0.0
2016-12-06,373.97,358.9435999999998,354.3467000000004,1.0,0.0
2016-12-07,379.81,359.3039999999998,354.70585000000045,1.0,0.0
2016-12-08,390.33,359.87699999999984,355.08940000000047,1.0,0.0
2016-12-09,388.54,360.5031999999999,355.46250000000043,1.0,0.0
2016-12-12,390.28,361.0595999999998,355.8541000000004,1.0,0.0
2016-12-13,392.64,361.71099999999984,356.20445000000035,1.0,0.0
2016-12-14,390.0,362.3903999999999,356.5208000000004,1.0,0.0
2016-12-15,393.75,363.1005999999998,356.8738500000004,1.0,0.0
2016-12-16,392.62,363.81699999999984,357.2181500000004,1.0,0.0
2016-12-19,389.77,364.46819999999985,357.53335000000044,1.0,0.0
2016-12-20,398.45,365.26119999999986,357.9236000000004,1.0,0.0
2016-12-21,393.53,366.0943999999999,358.2497000000005,1.0,0.0
2016-12-22,387.12,366.8147999999999,358.5603500000004,1.0,0.0
2016-12-23,385.74,367.54279999999994,358.79080000000044,1.0,0.0
2016-12-27,387.49,368.1944,359.03915000000046,1.0,0.0
2016-12-28,381.03,368.72299999999996,359.27365000000043,1.0,0.0
2016-12-29,379.0,369.17119999999994,359.49830000000037,1.0,0.0
2016-12-30,380.54,369.72759999999994,359.69130000000035,1.0,0.0
2017-01-03,386.43,370.4728,359.9106500000003,1.0,0.0
2017-01-04,386.66,371.295,360.13405000000034,1.0,0.0
2017-01-05,382.54,372.083,360.3456500000003,1.0,0.0
2017-01-06,384.3,372.9382,360.57100000000037,1.0,0.0
2017-01-09,380.42,373.74359999999996,360.8017000000003,1.0,0.0
2017-01-10,380.31,374.5442,361.0187000000003,1.0,0.0
2017-01-11,380.95,375.36940000000004,361.2239000000003,1.0,0.0
2017-01-12,378.29,376.1104,361.4085000000003,1.0,0.0
2017-01-13,379.35,376.8782,361.6024000000003,1.0,0.0
2017-01-17,374.8,377.602,361.7637500000003,1.0,0.0
2017-01-18,378.0,378.3392,361.96115000000026,1.0,0.0
2017-01-19,377.35,378.9702,362.1739000000003,1.0,0.0
2017-01-20,381.4,379.4454,362.3949000000003,1.0,0.0
2017-01-23,378.06,379.9368,362.6433500000003,1.0,0.0
2017-01-24,381.38,380.27600000000007,362.8922500000003,1.0,0.0
2017-01-25,388.33,380.5424000000001,363.16910000000024,1.0,0.0
2017-01-26,379.42,380.7070000000001,363.36965000000026,1.0,0.0
2017-01-27,375.06,380.73200000000014,363.50350000000026,1.0,0.0
2017-01-30,375.18,380.7926000000001,363.6048500000002,1.0,0.0
2017-01-31,373.98,380.92320000000007,363.6860500000002,1.0,0.0
2017-02-01,373.0,380.95580000000007,363.7610500000002,1.0,0.0
2017-02-02,371.64,380.9330000000001,363.7959500000002,1.0,0.0
2017-02-03,378.0,381.0016000000001,363.85135000000014,1.0,0.0
2017-02-06,377.42,381.08880000000005,363.9180000000002,1.0,0.0
2017-02-07,376.89,381.1668,363.97510000000017,1.0,0.0
2017-02-08,374.56,381.18460000000005,364.02960000000013,1.0,0.0
2017-02-09,378.57,381.38300000000004,364.09265000000016,1.0,0.0
2017-02-10,382.89,381.6698,364.16975000000014,1.0,0.0
2017-02-13,385.83,381.97060000000005,364.3047500000001,1.0,0.0
2017-02-14,384.98,382.12620000000004,364.4480000000001,1.0,0.0
2017-02-15,393.04,382.55980000000005,364.60570000000007,1.0,0.0
2017-02-16,391.97,382.9122000000001,364.78710000000007,1.0,0.0
2017-02-17,388.76,383.208,364.97005000000007,1.0,0.0
2017-02-21,390.1,383.4138,365.16015000000004,1.0,0.0
2017-02-22,390.71,383.42139999999995,365.33365000000015,1.0,0.0
2017-02-23,390.61,383.4627999999999,365.51165000000015,1.0,0.0
2017-02-24,389.16,383.44039999999995,365.6565500000002,1.0,0.0
2017-02-27,391.0,383.40759999999995,365.84245000000016,1.0,0.0
2017-02-28,387.46,383.3567999999999,366.0017500000002,1.0,0.0
2017-03-01,397.81,383.43799999999993,366.2543500000002,1.0,0.0
2017-03-02,391.65,383.4186,366.45345000000015,1.0,0.0
2017-03-03,390.17,383.42659999999995,366.6602000000001,1.0,0.0
2017-03-06,387.66,383.21079999999995,366.8310500000001,1.0,0.0
2017-03-07,385.35,383.0471999999999,367.0049500000001,1.0,0.0
2017-03-08,384.55,382.9957999999999,367.15765000000016,1.0,0.0
2017-03-09,384.27,382.9663999999999,367.3095000000002,1.0,0.0
2017-03-10,384.58,382.9081999999999,367.42650000000026,1.0,0.0
2017-03-13,384.89,382.9853999999999,367.53050000000025,1.0,0.0
2017-03-14,383.29,383.0712,367.6314500000002,1.0,0.0
2017-03-15,388.22,383.22479999999996,367.7471000000002,1.0,0.0
2017-03-16,390.0,383.29619999999994,367.8778500000002,1.0,0.0
2017-03-17,382.85,383.2199999999999,367.96915000000024,1.0,0.0
2017-03-20,380.45,383.17819999999995,368.0658500000002,1.0,0.0
2017-03-21,375.16,382.99539999999996,368.14480000000026,1.0,0.0
2017-03-22,375.47,382.89639999999997,368.21185000000025,1.0,0.0
2017-03-23,375.4,382.7982,368.29355000000027,1.0,0.0
2017-03-24,374.41,382.6674,368.36385000000024,1.0,0.0
2017-03-27,375.0,382.60159999999996,368.4490500000002,1.0,0.0
2017-03-28,380.63,382.6272,368.6173500000002,1.0,0.0
2017-03-29,379.41,382.7194,368.7914500000003,1.0,0.0
2017-03-30,383.04,382.82020000000006,369.0077000000003,1.0,0.0
2017-03-31,383.51,382.94340000000005,369.2275000000002,1.0,0.0
2017-04-03,382.09,382.9572,369.4406500000002,1.0,0.0
2017-04-04,380.8,383.01199999999994,369.63525000000016,1.0,0.0
2017-04-05,380.91,383.0026,369.7976500000002,1.0,0.0
2017-04-06,384.1,382.9179999999999,369.97815000000026,1.0,0.0
2017-04-07,386.02,383.04999999999995,370.16990000000027,1.0,0.0
2017-04-10,385.89,383.26659999999987,370.31510000000026,1.0,0.0
2017-04-11,384.05,383.44399999999985,370.57280000000026,1.0,0.0
2017-04-12,381.44,383.59319999999985,370.8823000000003,1.0,0.0
2017-04-13,379.0,383.71319999999986,371.1575000000003,1.0,0.0
2017-04-17,383.8,383.95639999999986,371.3928000000003,1.0,0.0
2017-04-18,383.61,384.06859999999983,371.5982000000003,1.0,0.0
2017-04-19,377.1,384.06219999999985,371.7773000000003,1.0,0.0
2017-04-20,381.59,384.1561999999999,372.0048500000003,1.0,0.0
2017-04-21,378.06,384.2261999999999,372.2146000000003,1.0,0.0
2017-04-24,386.65,384.3877999999999,372.47230000000025,1.0,0.0
2017-04-25,388.19,384.4937999999999,372.6872500000003,1.0,0.0
2017-04-26,388.87,384.5545999999998,372.89410000000026,1.0,0.0
2017-04-27,390.71,384.6691999999998,373.0608000000003,1.0,0.0
2017-04-28,384.57,384.4997999999998,373.19615000000033,1.0,0.0
2017-05-01,383.0,384.3203999999998,373.3352000000003,1.0,0.0
2017-05-02,384.5,384.23519999999985,373.4734500000003,1.0,0.0
2017-05-03,384.29,384.11899999999986,373.6060000000003,1.0,0.0
2017-05-04,383.31,383.9709999999999,373.73965000000027,1.0,0.0
2017-05-05,383.76,383.8339999999999,373.85955000000024,1.0,0.0
2017-05-08,382.38,383.6983999999999,373.9739500000003,1.0,0.0
2017-05-09,380.5,383.4883999999999,374.06120000000027,1.0,0.0
2017-05-10,382.27,383.3845999999999,374.16545000000025,1.0,0.0
2017-05-11,382.87,383.0857999999999,374.2701500000003,1.0,0.0
2017-05-12,385.12,382.9551999999998,374.37920000000025,1.0,0.0
2017-05-15,389.36,382.93899999999985,374.5091500000003,1.0,0.0
2017-05-16,391.3,383.0117999999999,374.6344000000003,1.0,0.0
2017-05-17,383.67,382.97819999999984,374.71115000000026,1.0,0.0
2017-05-18,388.48,383.05679999999984,374.81815000000023,1.0,0.0
2017-05-19,393.32,383.2377999999998,374.94395000000026,1.0,0.0
2017-05-22,396.28,383.4717999999998,375.09410000000025,1.0,0.0
2017-05-23,395.97,383.6933999999998,375.2002000000003,1.0,0.0
2017-05-24,396.31,383.95379999999983,375.32330000000024,1.0,0.0
2017-05-25,406.36,384.3165999999998,375.51185000000027,1.0,0.0
2017-05-26,407.02,384.6569999999998,375.71475000000027,1.0,0.0
2017-05-30,406.82,385.13639999999987,375.9119000000003,1.0,0.0
2017-05-31,409.24,385.7121999999999,376.1251000000003,1.0,0.0
2017-06-01,413.38,386.4765999999999,376.3383000000003,1.0,0.0
2017-06-02,414.71,387.26139999999987,376.5765000000003,1.0,0.0
2017-06-05,414.22,388.03779999999983,376.7971000000003,1.0,0.0
2017-06-06,413.83,388.82619999999986,377.0123000000003,1.0,0.0
2017-06-07,413.8,389.60219999999987,377.22105000000033,1.0,0.0
2017-06-08,415.23,390.2941999999998,377.4394500000003,1.0,0.0
2017-06-09,418.5,391.07599999999985,377.6705500000003,1.0,0.0
2017-06-12,418.31,391.78139999999985,377.9165000000003,1.0,0.0
2017-06-13,419.31,392.4973999999999,378.1705500000003,1.0,0.0
2017-06-14,421.49,393.2853999999999,378.42255000000034,1.0,0.0
2017-06-15,422.37,394.11679999999996,378.6654000000003,1.0,0.0
2017-06-16,420.51,394.9087999999999,378.8879500000003,1.0,0.0
2017-06-19,428.38,395.79439999999994,379.16580000000033,1.0,0.0
2017-06-20,424.69,396.5677999999999,379.42840000000035,1.0,0.0
2017-06-21,420.74,397.2648,379.66285000000033,1.0,0.0
2017-06-22,423.17,398.0471999999999,379.92075000000034,1.0,0.0
2017-06-23,421.62,398.85079999999994,380.16115000000036,1.0,0.0
2017-06-26,424.69,399.7645999999999,380.4227000000003,1.0,0.0
2017-06-27,422.13,400.53119999999996,380.7224500000004,1.0,0.0
2017-06-28,426.85,401.3959999999999,381.01620000000037,1.0,0.0
2017-06-29,423.24,402.31879999999995,381.3278500000004,1.0,0.0
2017-06-30,422.41,403.13519999999994,381.63640000000044,1.0,0.0
2017-07-03,428.82,404.15039999999993,381.9530000000005,1.0,0.0
2017-07-05,428.77,404.99279999999993,382.2670000000005,1.0,0.0
2017-07-06,425.19,405.73279999999994,382.55315000000047,1.0,0.0
2017-07-07,432.38,406.60299999999995,382.88650000000047,1.0,0.0
2017-07-10,436.24,407.5136,383.2158500000005,1.0,0.0
2017-07-11,431.91,408.4604,383.5060500000005,1.0,0.0
2017-07-12,435.29,409.50620000000004,383.85425000000055,1.0,0.0
2017-07-13,437.88,410.57380000000006,384.2401500000006,1.0,0.0
2017-07-14,438.34,411.6548,384.6229000000006,1.0,0.0
2017-07-17,424.63,412.4812,384.93765000000064,1.0,0.0
2017-07-18,426.88,413.3436000000001,385.2859000000007,1.0,0.0
2017-07-19,426.46,414.22520000000003,385.6059000000007,1.0,0.0
2017-07-20,427.28,415.1608,385.94195000000065,1.0,0.0
2017-07-21,428.65,416.08840000000004,386.3050500000006,1.0,0.0
2017-07-24,428.32,416.9974,386.65545000000066,1.0,0.0
2017-07-25,431.35,417.922,387.02820000000065,1.0,0.0
2017-07-26,432.71,418.789,387.40570000000065,1.0,0.0
2017-07-27,425.51,419.4732,387.7392500000006,1.0,0.0
2017-07-28,424.0,420.2798,388.0999000000006,1.0,0.0
2017-07-31,426.53,421.0408,388.4770500000006,1.0,0.0
2017-08-01,429.98,421.774,388.8802500000006,1.0,0.0
2017-08-02,425.55,422.35940000000005,389.2334500000006,1.0,0.0
2017-08-03,426.01,422.9602,389.59050000000053,1.0,0.0
2017-08-04,426.51,423.5641999999999,389.94010000000054,1.0,0.0
2017-08-07,427.87,423.99439999999987,390.3158500000005,1.0,0.0
2017-08-08,428.82,424.43039999999985,390.71410000000054,1.0,0.0
2017-08-09,431.34,424.9207999999999,391.1430500000005,1.0,0.0
2017-08-10,422.69,425.1897999999998,391.5408000000005,1.0,0.0
2017-08-11,424.16,425.4053999999998,391.9539000000006,1.0,0.0
2017-08-14,428.06,425.6723999999998,392.3934500000006,1.0,0.0
2017-08-15,428.25,425.9529999999998,392.8333000000006,1.0,0.0
2017-08-16,427.07,426.2177999999998,393.2702000000006,1.0,0.0
2017-08-17,419.94,426.34059999999977,393.66370000000063,1.0,0.0
2017-08-18,416.55,426.36699999999973,394.0416500000006,1.0,0.0
2017-08-21,415.37,426.30439999999976,394.4254500000006,1.0,0.0
2017-08-22,421.37,426.3655999999997,394.82660000000055,1.0,0.0
2017-08-23,418.07,426.34079999999966,395.18795000000057,1.0,0.0
2017-08-24,415.94,426.2297999999996,395.47945000000055,1.0,0.0
2017-08-25,416.37,426.1097999999996,395.79385000000053,1.0,0.0
2017-08-28,414.34,425.9863999999996,396.0434500000005,1.0,0.0
2017-08-29,414.13,425.70139999999964,396.2390500000006,1.0,0.0
2017-08-30,416.2,425.5315999999997,396.46410000000054,1.0,0.0
2017-08-31,419.01,425.4969999999996,396.69010000000054,1.0,0.0
2017-09-01,421.78,425.4691999999996,396.93825000000055,1.0,0.0
2017-09-05,413.65,425.30979999999965,397.16925000000055,1.0,0.0
2017-09-06,412.19,425.05979999999965,397.3733500000006,1.0,0.0
2017-09-07,414.25,424.90219999999965,397.5807000000006,1.0,0.0
2017-09-08,415.95,424.6841999999997,397.7876000000005,1.0,0.0
2017-09-11,424.04,424.70019999999965,398.04250000000053,1.0,0.0
2017-09-12,428.57,424.82339999999965,398.3204000000005,1.0,0.0
2017-09-13,425.52,424.7573999999997,398.5796500000005,1.0,0.0
2017-09-14,425.69,424.6957999999997,398.8648500000006,1.0,0.0
2017-09-15,428.72,424.7663999999997,399.1657000000006,1.0,0.0
2017-09-18,429.44,424.7075999999997,399.45895000000064,1.0,0.0
2017-09-19,432.39,424.6305999999996,399.7349000000006,1.0,0.0
2017-09-20,434.07,424.67379999999963,400.0484500000007,1.0,0.0
2017-09-21,433.63,424.6405999999996,400.34485000000063,1.0,0.0
2017-09-22,435.49,424.5927999999996,400.65245000000067,1.0,0.0
2017-09-25,437.63,424.57859999999965,400.9415500000007,1.0,0.0
2017-09-26,434.4,424.77399999999966,401.1619000000007,1.0,0.0
2017-09-27,438.4,425.00439999999963,401.4112000000007,1.0,0.0
2017-09-28,446.11,425.39739999999966,401.6903500000007,1.0,0.0
2017-09-29,447.09,425.79359999999974,401.9626000000007,1.0,0.0
2017-10-02,449.95,426.2195999999997,402.26235000000065,1.0,0.0
2017-10-03,450.79,426.6689999999997,402.5475500000006,1.0,0.0
2017-10-04,457.91,427.20019999999977,402.87400000000065,1.0,0.0
2017-10-05,464.43,427.8345999999998,403.2473000000006,1.0,0.0
2017-10-06,463.22,428.5887999999998,403.5711500000006,1.0,0.0
2017-10-09,462.45,429.3577999999998,403.9157500000006,1.0,0.0
2017-10-10,465.49,430.1369999999999,404.30760000000066,1.0,0.0
2017-10-11,473.93,431.0159999999999,404.7485500000006,1.0,0.0
2017-10-12,480.59,432.11679999999996,405.21405000000055,1.0,0.0
2017-10-13,475.49,433.1064,405.68635000000063,1.0,0.0
2017-10-16,477.96,434.1354,406.1811500000006,1.0,0.0
2017-10-17,475.55,435.089,406.6562000000007,1.0,0.0
2017-10-18,477.5,436.06260000000003,407.1115500000007,1.0,0.0
2017-10-19,476.79,436.9716,407.56220000000064,1.0,0.0
2017-10-20,476.62,438.0502,408.0326000000007,1.0,0.0
2017-10-23,474.39,439.05480000000006,408.4830500000007,1.0,0.0
2017-10-24,473.72,439.968,408.94955000000067,1.0,0.0
2017-10-25,469.15,440.78600000000006,409.39375000000064,1.0,0.0
2017-10-26,473.48,441.71420000000006,409.85640000000063,1.0,0.0
2017-10-27,475.13,442.8180000000001,410.3406000000007,1.0,0.0
2017-10-30,472.29,443.93280000000016,410.80530000000067,1.0,0.0
2017-10-31,470.83,445.0420000000002,411.28545000000065,1.0,0.0
2017-11-01,469.29,446.00040000000024,411.7419000000006,1.0,0.0
2017-11-02,474.92,447.1374000000002,412.2297500000006,1.0,0.0
2017-11-03,479.11,448.40080000000023,412.7183000000006,1.0,0.0
2017-11-06,475.61,449.5856000000003,413.20605000000063,1.0,0.0
2017-11-07,473.37,450.76620000000025,413.66600000000057,1.0,0.0
2017-11-08,472.2,451.9276000000002,414.0853500000005,1.0,0.0
2017-11-09,466.6,452.9356000000002,414.5212500000006,1.0,0.0
2017-11-10,465.83,453.87200000000024,414.9751000000006,1.0,0.0
2017-11-13,465.11,454.7386000000003,415.42475000000064,1.0,0.0
2017-11-14,470.45,455.87460000000027,415.90710000000064,1.0,0.0
2017-11-15,470.5,457.04080000000033,416.39460000000065,1.0,0.0
2017-11-16,474.02,458.23620000000034,416.9065000000007,1.0,0.0
2017-11-17,473.99,459.39700000000033,417.3864500000007,1.0,0.0
2017-11-20,474.77,460.4116000000003,417.87320000000074,1.0,0.0
2017-11-21,481.36,461.46740000000034,418.39555000000075,1.0,0.0
2017-11-22,478.94,462.53580000000034,418.91745000000077,1.0,0.0
2017-11-24,479.74,463.61680000000035,419.4233000000007,1.0,0.0
2017-11-27,481.96,464.68160000000034,419.91865000000075,1.0,0.0
2017-11-28,493.06,465.9540000000004,420.4548000000008,1.0,0.0
2017-11-29,500.82,467.32260000000036,421.0340000000008,1.0,0.0
2017-11-30,501.19,468.66500000000036,421.57475000000085,1.0,0.0
2017-12-01,502.08,470.0340000000004,422.12530000000083,1.0,0.0
2017-12-04,513.5,471.59420000000034,422.7490000000009,1.0,0.0
2017-12-05,512.12,473.0840000000003,423.3591000000008,1.0,0.0
2017-12-06,511.82,474.63240000000025,423.96465000000086,1.0,0.0
2017-12-07,512.41,476.1126000000002,424.57365000000084,1.0,0.0
2017-12-08,515.49,477.50020000000023,425.2053000000009,1.0,0.0
2017-12-11,512.13,478.8010000000003,425.8109500000009,1.0,0.0
2017-12-12,517.73,480.15660000000025,426.4623000000008,1.0,0.0
2017-12-13,512.55,481.3918000000002,427.03600000000085,1.0,0.0
2017-12-14,506.75,482.36860000000024,427.6115000000009,1.0,0.0
2017-12-15,511.87,483.3174000000002,428.2200000000009,1.0,0.0
2017-12-18,518.86,484.4302000000002,428.8760000000009,1.0,0.0
2017-12-19,515.82,485.49760000000015,429.52835000000084,1.0,0.0
2017-12-20,514.55,486.4788000000001,430.1783500000009,1.0,0.0
2017-12-21,513.59,487.2720000000001,430.82495000000085,1.0,0.0
2017-12-22,512.12,487.9026000000001,431.4626500000008,1.0,0.0
2017-12-26,513.72,488.6672000000001,432.1068000000008,1.0,0.0
2017-12-27,514.32,489.3944000000001,432.76195000000087,1.0,0.0
2017-12-28,517.98,490.2430000000001,433.41075000000086,1.0,0.0
2017-12-29,513.71,490.9672000000001,434.0293000000009,1.0,0.0
2018-01-02,508.97,491.6108000000001,434.65990000000085,1.0,0.0
2018-01-03,514.34,492.36520000000013,435.32935000000083,1.0,0.0
2018-01-04,521.13,493.3000000000001,436.0592000000008,1.0,0.0
2018-01-05,525.57,494.3370000000001,436.8097000000009,1.0,0.0
2018-01-08,529.49,495.54380000000015,437.5801500000009,1.0,0.0
2018-01-09,533.94,496.7530000000001,438.37780000000095,1.0,0.0
2018-01-10,531.57,497.88180000000006,439.16065000000094,1.0,0.0
2018-01-11,537.92,499.19440000000003,439.94710000000094,1.0,0.0
2018-01-12,555.53,500.8884,440.8277000000009,1.0,0.0
2018-01-16,563.0,502.76259999999996,441.72750000000093,1.0,0.0
2018-01-17,576.51,504.79439999999994,442.69250000000096,1.0,0.0
2018-01-18,579.22,506.79659999999996,443.678150000001,1.0,0.0
2018-01-19,590.26,509.0895999999999,444.72545000000093,1.0,0.0
2018-01-22,593.26,511.4873999999999,445.7872000000009,1.0,0.0
2018-01-23,589.68,513.8369999999999,446.8151000000008,1.0,0.0
2018-01-24,587.67,516.2583999999999,447.8233500000008,1.0,0.0
2018-01-25,575.5,518.4517999999998,448.77140000000077,1.0,0.0
2018-01-26,586.8,520.8855999999998,449.7851500000008,1.0,0.0
2018-01-29,574.42,522.9649999999998,450.7500500000008,1.0,0.0
2018-01-30,562.29,524.8007999999998,451.6665000000007,1.0,0.0
2018-01-31,561.8,526.5563999999998,452.55650000000077,1.0,0.0
2018-02-01,565.19,528.3803999999997,453.46440000000075,1.0,0.0
2018-02-02,548.32,529.8513999999997,454.3205000000008,1.0,0.0
2018-02-05,524.97,530.7235999999997,455.0374000000008,1.0,0.0
2018-02-06,535.22,531.8491999999998,455.8232000000008,1.0,0.0
2018-02-07,532.26,532.8995999999997,456.5512500000008,1.0,0.0
2018-02-08,509.38,533.4479999999998,457.1572000000008,1.0,0.0
2018-02-09,521.51,534.0169999999997,457.8204000000008,1.0,0.0
2018-02-12,525.38,534.5081999999998,458.4937500000008,1.0,0.0
2018-02-13,521.27,534.9097999999998,459.1772500000008,1.0,0.0
2018-02-14,539.94,535.6669999999997,459.9619500000008,1.0,0.0
2018-02-15,540.65,536.2099999999997,460.74270000000075,1.0,0.0
2018-02-16,541.1,536.7895999999997,461.52675000000085,1.0,0.0
2018-02-20,542.6,537.4051999999997,462.3232000000009,1.0,0.0
2018-02-21,543.56,538.0281999999997,463.1222000000009,1.0,0.0
2018-02-22,539.53,538.5089999999997,463.9079500000009,1.0,0.0
2018-02-23,549.75,539.2613999999996,464.7542000000009,1.0,0.0
2018-02-26,563.97,540.1861999999996,465.6627000000008,1.0,0.0
2018-02-27,552.77,540.9905999999996,466.51220000000086,1.0,0.0
2018-02-28,549.43,541.8441999999997,467.33375000000086,1.0,0.0
2018-03-01,535.58,542.3183999999998,468.0648500000009,1.0,0.0
2018-03-02,537.58,542.6927999999998,468.7962500000009,1.0,0.0
2018-03-05,545.26,543.2815999999998,469.60420000000084,1.0,0.0
2018-03-06,548.66,543.9637999999998,470.4051000000009,1.0,0.0
2018-03-07,547.43,544.6405999999997,471.1756500000008,1.0,0.0
2018-03-08,553.39,545.4659999999998,471.9612000000008,1.0,0.0
2018-03-09,577.18,546.7351999999997,472.8672500000008,1.0,0.0
2018-03-12,571.79,547.8845999999998,473.7446500000008,1.0,0.0
2018-03-13,564.06,548.8061999999998,474.5331500000008,1.0,0.0
2018-03-14,558.96,549.7111999999998,475.2928500000008,1.0,0.0
2018-03-15,557.93,550.6903999999998,476.0484000000007,1.0,0.0
2018-03-16,563.66,551.6767999999997,476.82050000000066,1.0,0.0
2018-03-19,553.83,552.3307999999998,477.52275000000066,1.0,0.0
2018-03-20,557.52,552.9697999999999,478.23680000000064,1.0,0.0
2018-03-21,564.16,553.6631999999997,478.98650000000066,1.0,0.0
2018-03-22,539.42,553.7727999999997,479.61445000000066,1.0,0.0
2018-03-23,521.13,553.5639999999999,480.15110000000067,1.0,0.0
2018-03-26,540.72,553.6199999999999,480.7785500000007,1.0,0.0
2018-03-27,532.11,553.1515999999999,481.3466000000007,1.0,0.0
2018-03-28,528.03,552.4521999999998,481.89520000000067,1.0,0.0
2018-03-29,541.72,551.7563999999999,482.50725000000074,1.0,0.0
2018-04-02,519.0,550.5519999999999,482.9948000000007,1.0,0.0
2018-04-03,528.73,549.3213999999999,483.5266000000007,1.0,0.0
2018-04-04,536.31,548.1824,484.1056000000007,1.0,0.0
2018-04-05,538.4,547.1568,484.65570000000065,1.0,0.0
2018-04-06,519.92,545.8018,485.1318500000006,1.0,0.0
2018-04-09,521.14,544.7146,485.6338500000006,1.0,0.0
2018-04-10,533.96,543.6578,486.18780000000066,1.0,0.0
2018-04-11,525.31,542.6756,486.70625000000064,1.0,0.0
2018-04-12,533.01,542.09,487.2478500000006,1.0,0.0
2018-04-13,524.77,541.3494000000001,487.76105000000064,1.0,0.0
2018-04-16,524.85,540.5426,488.2510500000006,1.0,0.0
2018-04-17,526.84,540.113,488.76905000000056,1.0,0.0
2018-04-18,523.22,540.078,489.27310000000057,1.0,0.0
2018-04-19,525.06,539.8748,489.7543000000005,1.0,0.0
2018-04-20,524.42,539.7180000000001,490.23255000000046,1.0,0.0
2018-04-23,519.85,539.9274,490.7058500000005,1.0,0.0
2018-04-24,513.7,539.7712,491.1124500000005,1.0,0.0
2018-04-25,512.22,539.508,491.49235000000044,1.0,0.0
2018-04-26,522.72,539.537,491.94640000000044,1.0,0.0
2018-04-27,524.65,539.2312000000001,492.39320000000043,1.0,0.0
2018-04-30,521.5,538.8482,492.8113000000004,1.0,0.0
2018-05-01,517.97,538.3856000000001,493.20945000000046,1.0,0.0
2018-05-02,514.79,537.8294000000002,493.66025000000036,1.0,0.0
2018-05-03,511.67,537.1916000000001,494.08420000000035,1.0,0.0
2018-05-04,520.4,536.8090000000002,494.5539000000003,1.0,0.0
2018-05-07,523.6,536.2860000000002,495.0355000000003,1.0,0.0
2018-05-08,519.93,535.4052000000001,495.4919000000003,1.0,0.0
2018-05-09,531.35,534.9768,496.00705000000033,1.0,0.0
2018-05-10,536.26,534.7134000000001,496.53160000000025,1.0,0.0
2018-05-11,540.43,534.8104,497.07020000000017,1.0,0.0
2018-05-14,539.76,534.8539999999999,497.6414500000002,1.0,0.0
2018-05-15,533.21,534.6129999999999,498.1875000000002,1.0,0.0
2018-05-16,533.9,534.3178,498.7243500000002,1.0,0.0
2018-05-17,535.58,534.0808000000001,499.2523500000002,1.0,0.0
2018-05-18,538.49,533.7828000000001,499.8170500000002,1.0,0.0
2018-05-21,543.48,533.1088000000001,500.40440000000024,1.0,0.0
2018-05-22,546.88,532.6106000000001,501.0062500000003,1.0,0.0
2018-05-23,542.66,532.1826,501.58020000000033,1.0,0.0
2018-05-24,540.83,531.82,502.1402500000003,1.0,0.0
2018-05-25,539.61,531.4536,502.68160000000034,1.0,0.0
2018-05-29,524.26,530.6656,503.1894500000003,1.0,0.0
2018-05-30,534.29,530.2748,503.7401000000002,1.0,0.0
2018-05-31,534.23,529.809,504.27095000000025,1.0,0.0
2018-06-01,539.06,529.307,504.8250000000002,1.0,0.0
2018-06-04,540.67,529.332,505.3930000000002,1.0,0.0
2018-06-05,534.38,529.5970000000001,505.9652000000002,1.0,0.0
2018-06-06,551.86,529.8198,506.6417500000002,1.0,0.0
2018-06-07,549.14,530.1604,507.3106000000002,1.0,0.0
2018-06-08,549.41,530.5880000000001,507.95080000000024,1.0,0.0
2018-06-11,549.06,530.7348000000001,508.60575000000017,1.0,0.0
2018-06-12,547.11,531.297,509.26160000000016,1.0,0.0
2018-06-13,532.17,531.3658,509.8406000000002,1.0,0.0
2018-06-14,523.36,531.1068,510.3857000000002,1.0,0.0
2018-06-15,524.52,530.8292,510.9376500000002,1.0,0.0
2018-06-18,527.54,530.9816000000001,511.49435000000017,1.0,0.0
2018-06-19,526.61,531.091,512.0323500000002,1.0,0.0
2018-06-20,526.58,530.9434000000001,512.5563500000003,1.0,0.0
2018-06-21,524.98,530.9368000000001,513.1130000000003,1.0,0.0
2018-06-22,522.74,530.7314000000001,513.6657500000002,1.0,0.0
2018-06-25,515.14,530.5388000000002,514.1702000000002,1.0,0.0
2018-06-26,510.85,530.2588000000001,514.6447000000003,1.0,0.0
2018-06-27,503.53,529.7926000000001,515.0421500000003,1.0,0.0
2018-06-28,501.77,529.3636000000001,515.4081500000003,1.0,0.0
2018-06-29,499.04,528.8432,515.7757500000002,1.0,0.0
2018-07-02,499.52,528.3452000000001,516.1449000000002,1.0,0.0
2018-07-03,491.29,527.7740000000001,516.4577500000003,1.0,0.0
2018-07-05,491.98,527.3396000000001,516.7704500000002,1.0,0.0
2018-07-06,491.69,526.9290000000001,517.0669500000002,1.0,0.0
2018-07-09,504.1,526.5566,517.4171000000002,1.0,0.0
2018-07-10,504.93,526.1622,517.7736000000001,1.0,0.0
2018-07-11,502.9,525.7902,518.1106500000001,1.0,0.0
2018-07-12,506.67,525.5642,518.45585,1.0,0.0
2018-07-13,507.09,525.4101999999999,518.8193000000001,1.0,0.0
2018-07-16,503.96,525.256,519.1471000000001,1.0,0.0
2018-07-17,504.88,524.9456,519.4409500000002,1.0,0.0
2018-07-18,510.85,524.6906,519.7597500000002,1.0,0.0
2018-07-19,504.89,524.3897999999999,520.0344500000002,1.0,0.0
2018-07-20,502.78,523.8184,520.2944000000002,1.0,0.0
2018-07-23,508.51,523.2633999999999,520.5474000000002,1.0,0.0
2018-07-24,508.89,522.6325999999999,520.7697000000003,1.0,0.0
2018-07-25,512.49,522.0872,521.0160500000003,1.0,0.0
2018-07-26,505.11,521.5252,521.2293500000003,1.0,0.0
2018-07-27,502.92,520.9055999999999,521.4165000000003,0.0,-1.0
2018-07-30,500.18,520.1976,521.5477500000002,0.0,0.0
2018-07-31,502.76,519.4829999999998,521.6586000000002,0.0,0.0
2018-08-01,479.45,518.2023999999999,521.6784000000002,0.0,0.0
2018-08-02,475.31,516.771,521.6651500000002,0.0,0.0
2018-08-03,482.4,515.5658,521.6994000000001,0.0,0.0
2018-08-06,483.46,514.4183999999999,521.7292000000001,0.0,0.0
2018-08-07,487.46,513.3753999999999,521.7825500000002,0.0,0.0
2018-08-08,487.05,512.6311999999999,521.8347000000002,0.0,0.0
2018-08-09,484.1,511.62739999999985,521.8832500000003,0.0,0.0
2018-08-10,478.95,510.52179999999987,521.9094000000002,0.0,0.0
2018-08-13,475.39,509.24839999999983,521.9406000000002,0.0,0.0
2018-08-14,477.21,507.9791999999998,521.9592500000003,0.0,0.0
2018-08-15,470.82,506.7079999999998,521.9377000000003,0.0,0.0
2018-08-16,474.61,505.1629999999998,521.9493000000003,0.0,0.0
2018-08-17,474.15,503.66319999999985,521.9659000000004,0.0,0.0
2018-08-20,475.56,502.1861999999999,521.9972500000003,0.0,0.0
2018-08-21,474.93,500.7035999999999,521.9973000000003,0.0,0.0
2018-08-22,478.02,499.3217999999999,521.9918500000003,0.0,0.0
2018-08-23,470.46,498.0875999999999,521.9661000000003,0.0,0.0
2018-08-24,477.51,497.1705999999998,521.9868000000004,0.0,0.0
2018-08-27,483.61,496.3523999999998,522.0438500000004,0.0,0.0
2018-08-28,483.35,495.4685999999998,522.1276000000004,0.0,0.0
2018-08-29,485.22,494.6407999999998,522.2245500000004,0.0,0.0
2018-08-30,475.27,493.61459999999977,522.2753500000003,0.0,0.0
2018-08-31,479.06,492.6961999999998,522.3184000000005,0.0,0.0
2018-09-04,475.78,491.7569999999998,522.3448000000004,0.0,0.0
2018-09-05,478.24,491.0189999999998,522.3659000000004,0.0,0.0
2018-09-06,471.96,490.2411999999998,522.3557500000004,0.0,0.0
2018-09-07,471.44,489.59939999999983,522.3391000000004,0.0,0.0
2018-09-10,473.75,489.0389999999998,522.3010500000004,0.0,0.0
2018-09-11,471.13,488.4807999999998,522.2620000000004,0.0,0.0
2018-09-12,470.01,487.8905999999998,522.2133500000003,0.0,0.0
2018-09-13,468.98,487.44439999999975,522.1484500000003,0.0,0.0
2018-09-14,476.06,487.12599999999975,522.0634500000003,0.0,0.0
2018-09-17,470.9,486.7101999999998,521.9138500000003,0.0,0.0
2018-09-18,472.2,486.07219999999984,521.7689000000003,0.0,0.0
2018-09-19,483.54,485.6443999999999,521.6762000000002,0.0,0.0
2018-09-20,487.14,485.32919999999984,521.5444000000002,0.0,0.0
2018-09-21,487.61,484.94799999999987,521.4218500000002,0.0,0.0
2018-09-24,482.07,484.44759999999985,521.2731000000002,0.0,0.0
2018-09-25,479.09,483.9501999999999,521.1065000000002,0.0,0.0
2018-09-26,474.83,483.3491999999999,520.9032000000002,0.0,0.0
2018-09-27,477.89,482.68999999999994,520.7320000000001,0.0,0.0
2018-09-28,471.33,482.0188,520.5000000000001,0.0,0.0
2018-10-01,473.47,481.43260000000004,520.3046000000002,0.0,0.0
2018-10-02,477.21,480.80660000000006,520.1569000000002,0.0,0.0
2018-10-03,474.37,480.11620000000005,519.9694000000002,0.0,0.0
2018-10-04,474.15,479.3494,519.7458500000001,0.0,0.0
2018-10-05,470.86,478.6644,519.5210500000001,0.0,0.0
2018-10-08,471.46,478.03520000000003,519.3056000000001,0.0,0.0
2018-10-09,459.71,477.2258,519.0362000000001,0.0,0.0
2018-10-10,426.76,475.7058,518.6094000000002,0.0,0.0
2018-10-11,417.68,474.4704,518.1292000000001,0.0,0.0
2018-10-12,427.7,473.5182,517.6961000000001,0.0,0.0
2018-10-15,426.94,472.40899999999993,517.2409000000001,0.0,0.0
2018-10-16,408.0,470.89979999999997,516.7123500000001,0.0,0.0
2018-10-17,411.85,469.38759999999996,516.2267500000002,0.0,0.0
2018-10-18,399.87,467.64399999999995,515.6544000000001,0.0,0.0
2018-10-19,401.65,465.995,515.057,0.0,0.0
2018-10-22,392.36,464.2632,514.39095,0.0,0.0
2018-10-23,387.49,462.50520000000006,513.68095,0.0,0.0
2018-10-24,378.66,460.53420000000006,512.90455,0.0,0.0
2018-10-25,391.96,458.95700000000005,512.2065,0.0,0.0
2018-10-26,386.93,457.20340000000004,511.45155,0.0,0.0
2018-10-29,390.65,455.53340000000003,510.62715,0.0,0.0
2018-10-30,403.83,454.09880000000004,509.8313,0.0,0.0
2018-10-31,411.42,452.8286,509.00585,0.0,0.0
2018-11-01,412.99,451.528,508.17470000000003,0.0,0.0
2018-11-02,409.76,450.314,507.2722,0.0,0.0
2018-11-05,411.0,448.98380000000003,506.3609,0.0,0.0
2018-11-06,413.43,447.58020000000005,505.47965000000005,0.0,0.0
2018-11-07,424.73,446.40780000000007,504.66495000000003,0.0,0.0
2018-11-08,421.39,445.13120000000004,503.8944,0.0,0.0
2018-11-09,413.95,443.9048,503.03015,0.0,0.0
2018-11-12,405.42,442.43199999999996,502.18515,0.0,0.0
2018-11-13,407.31,441.06260000000003,501.41025,0.0,0.0
2018-11-14,401.98,439.5374,500.61114999999995,0.0,0.0
2018-11-15,406.88,438.23580000000004,499.8196,0.0,0.0
2018-11-16,411.0,437.02700000000004,499.133,0.0,0.0
2018-11-19,407.78,435.7076,498.54704999999996,0.0,0.0
2018-11-20,402.92,434.3434,497.8855499999999,0.0,0.0
2018-11-21,407.62,433.0956,497.2623499999999,0.0,0.0
2018-11-23,406.61,431.8482,496.7484999999999,0.0,0.0
2018-11-26,418.49,430.6968,496.23339999999996,0.0,0.0
2018-11-27,417.16,429.62199999999996,495.69229999999993,0.0,0.0
2018-11-28,427.27,428.72339999999997,495.22229999999996,0.0,0.0
2018-11-29,422.94,427.5113999999999,494.6373,0.0,0.0
2018-11-30,428.01,426.3287999999999,494.0741,0.0,0.0
2018-12-03,434.87,425.2739999999999,493.5429499999999,0.0,0.0
2018-12-04,408.75,423.80759999999987,492.8736999999999,0.0,0.0
2018-12-06,400.23,422.23039999999986,492.15704999999986,0.0,0.0
2018-12-07,393.1,420.5957999999998,491.4248999999999,0.0,0.0
2018-12-10,393.26,418.9031999999998,490.6424499999999,0.0,0.0
2018-12-11,385.66,417.18979999999976,489.7508999999999,0.0,0.0
2018-12-12,390.07,415.5217999999997,488.9373999999999,0.0,0.0
2018-12-13,387.27,413.72299999999973,488.12659999999994,0.0,0.0
2018-12-14,382.3,411.88159999999976,487.36019999999996,0.0,0.0
2018-12-17,378.25,409.9635999999997,486.56354999999996,0.0,0.0
2018-12-18,383.35,408.2133999999997,485.754,0.0,0.0
2018-12-19,372.19,406.22799999999967,484.87165,0.0,0.0
2018-12-20,371.67,404.46719999999965,483.99285000000003,0.0,0.0
2018-12-21,369.16,403.31519999999966,483.0717000000001,0.0,0.0
2018-12-24,361.77,402.19699999999966,481.9946500000001,0.0,0.0
2018-12-26,381.23,401.2675999999997,481.0418500000001,0.0,0.0
2018-12-27,387.8,400.48479999999967,480.16055000000017,0.0,0.0
2018-12-28,388.23,400.08939999999967,479.3069000000001,0.0,0.0
2018-12-31,392.82,399.70879999999966,478.4813500000002,0.0,0.0
2019-01-02,389.42,399.49979999999965,477.61015000000015,0.0,0.0
2019-01-03,377.98,399.0263999999996,476.73090000000013,0.0,0.0
2019-01-04,391.82,399.0155999999996,475.9024000000001,0.0,0.0
2019-01-07,392.91,399.12399999999957,475.0461500000001,0.0,0.0
2019-01-08,397.91,399.50899999999956,474.33860000000016,0.0,0.0
2019-01-09,400.19,399.67359999999957,473.7339000000001,0.0,0.0
2019-01-10,399.5,399.92499999999956,473.0278000000001,0.0,0.0
2019-01-11,397.91,400.07019999999955,472.35680000000013,0.0,0.0
2019-01-14,396.42,399.92199999999946,471.69875000000013,0.0,0.0
2019-01-15,400.71,399.70779999999945,470.99370000000016,0.0,0.0
2019-01-16,413.04,399.7087999999995,470.46390000000014,0.0,0.0
2019-01-17,412.52,399.7639999999995,469.8828500000002,0.0,0.0
2019-01-18,419.45,399.93299999999954,469.2985500000002,0.0,0.0
2019-01-22,413.6,399.9363999999995,468.67455000000024,0.0,0.0
2019-01-23,408.48,399.6113999999995,468.1173500000002,0.0,0.0
2019-01-24,406.56,399.31479999999954,467.5444500000002,0.0,0.0
2019-01-25,409.95,399.2347999999995,466.92440000000016,0.0,0.0
2019-01-28,405.36,399.23359999999957,466.3246500000002,0.0,0.0
2019-01-29,407.62,399.23979999999955,465.69770000000017,0.0,0.0
2019-01-30,408.33,399.36679999999956,465.11550000000017,0.0,0.0
2019-01-31,415.08,399.5307999999996,464.56665000000015,0.0,0.0
2019-02-01,416.81,399.6469999999996,464.0165000000002,0.0,0.0
2019-02-04,417.98,399.8509999999996,463.49030000000016,0.0,0.0
2019-02-05,417.56,400.14379999999966,462.95280000000014,0.0,0.0
2019-02-06,416.39,400.3191999999997,462.41265000000016,0.0,0.0
2019-02-07,415.01,400.48719999999963,461.8884500000001,0.0,0.0
2019-02-08,411.76,400.3525999999996,461.3787500000001,0.0,0.0
2019-02-11,412.7,400.2633999999996,460.88115000000005,0.0,0.0
2019-02-12,425.51,400.22819999999956,460.3951,0.0,0.0
2019-02-13,427.45,400.3183999999996,459.9091,0.0,0.0
2019-02-14,423.38,400.22579999999965,459.41850000000005,0.0,0.0
2019-02-15,431.95,400.1673999999997,458.9884,0.0,0.0
2019-02-19,431.07,400.6137999999997,458.5698000000001,0.0,0.0
2019-02-20,437.22,401.3535999999997,458.1975500000001,0.0,0.0
2019-02-21,435.02,402.1919999999998,457.77065000000016,0.0,0.0
2019-02-22,436.72,403.0611999999998,457.3362500000001,0.0,0.0
2019-02-25,438.93,404.1265999999998,456.93125000000015,0.0,0.0
2019-02-26,440.53,405.1357999999998,456.4771500000001,0.0,0.0
2019-02-27,442.01,406.23059999999975,456.0059000000001,0.0,0.0
2019-02-28,443.22,407.4489999999998,455.51985000000013,0.0,0.0
2019-03-01,443.77,408.7593999999998,455.0399000000002,0.0,0.0
2019-03-04,437.33,409.8389999999999,454.56050000000016,0.0,0.0
2019-03-05,432.52,411.0455999999999,454.05360000000024,0.0,0.0
2019-03-06,429.86,412.20939999999996,453.5250000000002,0.0,0.0
2019-03-07,423.19,413.2899999999999,452.9485000000002,0.0,0.0
2019-03-08,421.31,414.48079999999993,452.3376500000002,0.0,0.0
2019-03-11,428.1,415.4181999999999,451.7437500000002,0.0,0.0
2019-03-12,427.84,416.21899999999994,451.16965000000016,0.0,0.0
2019-03-13,431.84,417.09119999999996,450.62470000000013,0.0,0.0
2019-03-14,433.63,417.9074,450.0948000000002,0.0,0.0
2019-03-15,433.55,418.79,449.64125000000024,0.0,0.0
2019-03-18,440.48,420.04,449.1722000000002,0.0,0.0
2019-03-19,434.57,420.895,448.6739000000003,0.0,0.0
2019-03-20,429.92,421.63519999999994,448.1282000000003,0.0,0.0
2019-03-21,430.36,422.2842,447.5766500000003,0.0,0.0
2019-03-22,417.36,422.62760000000003,446.9915500000003,0.0,0.0
2019-03-25,415.41,422.9458,446.3093000000003,0.0,0.0
2019-03-26,422.67,423.441,445.67695000000026,0.0,0.0
2019-03-27,419.64,423.9054,445.0281000000003,0.0,0.0
2019-03-28,424.97,424.39060000000006,444.4076500000003,0.0,0.0
2019-03-29,427.37,424.6772,443.80895000000027,0.0,0.0
2019-04-01,438.39,425.1946,443.34005000000025,0.0,0.0
2019-04-02,436.45,425.5346,442.90550000000025,0.0,0.0
2019-04-03,439.07,426.04400000000004,442.4782500000003,0.0,0.0
2019-04-04,441.84,426.7112,442.0497500000003,0.0,0.0
2019-04-05,445.1,427.48199999999997,441.6422000000003,0.0,0.0
2019-04-08,446.14,428.20579999999995,441.2400000000003,0.0,0.0
2019-04-09,439.81,428.8948,440.8141500000003,0.0,0.0
2019-04-10,442.76,429.59759999999994,440.41425000000027,0.0,0.0
2019-04-11,446.11,430.3531999999999,440.0691000000003,0.0,0.0
2019-04-12,454.35,431.1385999999999,439.78660000000025,0.0,0.0
2019-04-15,451.86,431.83959999999985,439.52825000000024,0.0,0.0
2019-04-16,466.54,432.81079999999986,439.35210000000023,0.0,0.0
2019-04-17,467.49,433.80939999999987,439.19435000000027,0.0,0.0
2019-04-18,465.69,434.79539999999986,439.02520000000027,0.0,0.0
2019-04-22,464.02,435.7755999999999,438.88885000000033,0.0,0.0
2019-04-23,474.03,437.0209999999999,438.79910000000035,0.0,0.0
2019-04-24,480.17,438.37039999999985,438.7415000000003,0.0,0.0
2019-04-25,474.45,439.3491999999999,438.59325000000024,1.0,1.0
2019-04-26,478.98,440.3797999999999,438.4635000000003,1.0,0.0
2019-04-29,479.84,441.50899999999984,438.3482000000003,1.0,0.0
2019-04-30,485.24,442.57479999999987,438.2410500000003,1.0,0.0
2019-05-01,479.13,443.5359999999999,438.1012500000004,1.0,0.0
2019-05-02,476.41,444.3197999999999,437.96350000000035,1.0,0.0
2019-05-03,482.5,445.2693999999999,437.8516000000003,1.0,0.0
2019-05-06,476.37,446.06239999999985,437.67920000000026,1.0,0.0
2019-05-07,463.77,446.55919999999986,437.4736000000003,1.0,0.0
2019-05-08,465.47,447.0579999999999,437.2870500000003,1.0,0.0
2019-05-09,464.22,447.50219999999996,437.06560000000036,1.0,0.0
2019-05-10,463.0,447.8977999999999,436.8361500000003,1.0,0.0
2019-05-13,442.78,447.8779999999999,436.4876000000003,1.0,0.0
2019-05-14,445.86,448.04859999999985,436.1913500000003,1.0,0.0
2019-05-15,444.36,448.28539999999987,435.89855000000034,1.0,0.0
2019-05-16,447.24,448.63299999999987,435.6338500000004,1.0,0.0
2019-05-17,441.56,449.00039999999996,435.3278500000004,1.0,0.0
2019-05-20,438.09,449.3359999999999,435.1210500000004,1.0,0.0
2019-05-21,441.66,449.6071999999999,434.9528000000004,1.0,0.0
2019-05-22,439.14,449.8331999999999,434.73650000000043,1.0,0.0
2019-05-23,433.89,449.8741999999999,434.4886500000004,1.0,0.0
2019-05-24,435.76,449.91679999999985,434.2301500000004,1.0,0.0
2019-05-28,429.31,449.8319999999999,433.9414500000003,1.0,0.0
2019-05-29,427.93,449.5809999999999,433.6606000000003,1.0,0.0
2019-05-30,426.59,449.42139999999995,433.3988000000003,1.0,0.0
2019-05-31,415.56,449.13419999999996,433.0996500000003,1.0,0.0
2019-06-03,419.9,448.925,432.8131000000002,1.0,0.0
2019-06-04,434.53,449.2684,432.63165000000015,1.0,0.0
2019-06-05,438.15,449.7232,432.4493500000001,1.0,0.0
2019-06-06,439.23,450.05440000000004,432.27475000000015,1.0,0.0
2019-06-07,444.11,450.54380000000003,432.1175000000001,1.0,0.0
2019-06-10,443.81,450.92060000000004,431.9619000000002,1.0,0.0
2019-06-11,443.12,451.23560000000003,431.7874000000001,1.0,0.0
2019-06-12,446.25,451.3928000000001,431.6663500000001,1.0,0.0
2019-06-13,448.28,451.62940000000003,431.5202000000001,1.0,0.0
2019-06-14,446.97,451.78740000000005,431.3370000000001,1.0,0.0
2019-06-17,440.12,451.75300000000004,431.1208500000001,1.0,0.0
2019-06-18,449.31,451.8372000000001,430.94130000000007,1.0,0.0
2019-06-19,454.95,452.0134000000001,430.8397,1.0,0.0
2019-06-20,465.58,452.5288000000001,430.77230000000003,1.0,0.0
2019-06-21,468.24,453.0384000000002,430.73460000000006,1.0,0.0
2019-06-24,463.4,453.3842000000002,430.6604,1.0,0.0
2019-06-25,458.36,453.46440000000024,430.5924,1.0,0.0
2019-06-26,460.96,453.6464000000002,430.54,1.0,0.0
2019-06-27,464.48,453.6052000000002,430.49365,1.0,0.0
2019-06-28,469.3,453.64140000000015,430.48449999999997,1.0,0.0
2019-07-01,472.93,453.7862000000002,430.49909999999994,1.0,0.0
2019-07-02,469.87,453.90320000000014,430.50354999999996,1.0,0.0
2019-07-03,475.35,453.92960000000016,430.5,1.0,0.0
2019-07-05,478.69,453.90000000000015,430.53895000000006,1.0,0.0
2019-07-08,472.44,453.8598000000001,430.54015000000004,1.0,0.0
2019-07-09,473.82,453.7566000000001,430.49155000000013,1.0,0.0
2019-07-10,475.54,453.67060000000015,430.4335500000001,1.0,0.0
2019-07-11,480.07,453.56720000000007,430.3958500000001,1.0,0.0
2019-07-12,482.46,453.63380000000006,430.39780000000013,1.0,0.0
2019-07-15,481.7,453.73960000000005,430.41085000000015,1.0,0.0
2019-07-16,477.17,453.63300000000004,430.4225500000001,1.0,0.0
2019-07-17,471.0,453.52560000000005,430.3881000000001,1.0,0.0
2019-07-18,475.14,453.75300000000004,430.4071500000001,1.0,0.0
2019-07-19,473.24,453.90840000000003,430.4060000000001,1.0,0.0
2019-07-22,473.55,454.095,430.3877000000001,1.0,0.0
2019-07-23,477.46,454.38419999999996,430.40315000000015,1.0,0.0
2019-07-24,477.15,455.07160000000005,430.4181500000002,1.0,0.0
2019-07-25,473.87,455.6318,430.43320000000017,1.0,0.0
2019-07-26,478.17,456.30799999999994,430.4667500000001,1.0,0.0
2019-07-29,478.31,456.92939999999993,430.55975000000007,1.0,0.0
2019-07-30,478.41,457.6663999999999,430.8180000000001,1.0,0.0
2019-07-31,467.68,458.25819999999993,431.0680000000001,1.0,0.0
2019-08-01,451.95,458.46399999999994,431.18925000000013,1.0,0.0
2019-08-02,448.22,458.6456,431.2956500000001,1.0,0.0
2019-08-05,431.32,458.5942,431.41225000000014,1.0,0.0
2019-08-06,435.71,458.5932,431.53155000000015,1.0,0.0
2019-08-07,430.39,458.61479999999995,431.68415000000016,1.0,0.0
2019-08-08,437.62,458.80859999999996,431.86400000000015,1.0,0.0
2019-08-09,426.33,458.80339999999995,432.03385000000014,1.0,0.0
2019-08-12,416.44,458.8209999999999,432.17860000000013,1.0,0.0
2019-08-13,425.33,458.92959999999994,432.41195000000016,1.0,0.0
2019-08-14,411.37,458.4663999999999,432.50900000000007,1.0,0.0
2019-08-15,409.3,457.88939999999985,432.62085000000013,1.0,0.0
2019-08-16,419.46,457.49399999999986,432.7649000000002,1.0,0.0
2019-08-19,425.56,457.1229999999999,432.8735500000002,1.0,0.0
2019-08-20,418.29,456.6125999999999,432.90790000000015,1.0,0.0
2019-08-21,420.93,456.1687999999999,432.9476000000001,1.0,0.0
2019-08-22,419.0,455.6237999999999,432.99380000000014,1.0,0.0
2019-08-23,407.25,454.80319999999995,432.9750500000001,1.0,0.0
2019-08-26,405.47,453.9731999999999,432.93525000000017,1.0,0.0
2019-08-27,410.51,453.3809999999999,432.86415000000017,1.0,0.0
2019-08-28,413.84,452.6715999999999,432.82640000000015,1.0,0.0
2019-08-29,422.04,452.0133999999999,432.8668500000001,1.0,0.0
2019-08-30,422.56,451.1529999999999,432.95255000000014,1.0,0.0
2019-09-03,415.82,450.10459999999983,432.99510000000015,1.0,0.0
2019-09-04,415.64,449.1493999999998,433.0634000000002,1.0,0.0
2019-09-05,424.72,448.4765999999998,433.1526000000002,1.0,0.0
2019-09-06,423.83,447.73399999999987,433.21675000000016,1.0,0.0
2019-09-09,430.85,447.0613999999998,433.3321000000002,1.0,0.0
2019-09-10,428.34,446.24219999999985,433.4592000000002,1.0,0.0
2019-09-11,432.83,445.4401999999999,433.58525000000026,1.0,0.0
2019-09-12,434.75,444.73779999999994,433.72595000000024,1.0,0.0
2019-09-13,442.96,444.0899999999999,433.8483000000002,1.0,0.0
2019-09-16,435.71,443.2303999999999,433.94105000000025,1.0,0.0
2019-09-17,439.18,442.56519999999995,434.0006000000002,1.0,0.0
2019-09-18,443.16,441.952,434.1017000000002,1.0,0.0
2019-09-19,443.98,441.32079999999996,434.1815500000002,1.0,0.0
2019-09-20,444.39,440.6071999999999,434.22915000000023,1.0,0.0
2019-09-23,446.2,439.88199999999995,434.41640000000024,1.0,0.0
2019-09-24,442.12,439.09039999999993,434.6258500000002,1.0,0.0
2019-09-25,445.19,438.45079999999996,434.8863000000002,1.0,0.0
2019-09-26,446.0,437.95079999999996,435.1500000000002,1.0,0.0
2019-09-27,446.13,437.37059999999997,435.45235000000025,1.0,0.0
2019-09-30,445.64,436.81859999999995,435.7302000000002,1.0,0.0
2019-10-01,433.69,436.0213999999999,435.9623000000002,1.0,0.0
2019-10-02,420.36,434.8794,436.1526000000002,0.0,-1.0
2019-10-03,419.61,433.7285999999999,436.35940000000016,0.0,0.0
2019-10-04,427.44,432.79999999999995,436.57985000000014,0.0,0.0
2019-10-07,423.17,431.69999999999993,436.83475000000016,0.0,0.0
2019-10-08,413.16,430.3969999999999,437.04220000000015,0.0,0.0
2019-10-09,417.17,429.17219999999986,437.28225000000015,0.0,0.0
2019-10-10,420.38,428.2261999999999,437.57530000000014,0.0,0.0
2019-10-11,434.0,427.86719999999985,437.83915000000013,0.0,0.0
2019-10-14,434.21,427.5869999999998,438.07120000000015,0.0,0.0
2019-10-15,444.45,427.84959999999984,438.3523000000002,0.0,0.0
2019-10-16,446.4,428.0633999999999,438.6202000000001,0.0,0.0
2019-10-17,450.67,428.4689999999999,438.9264500000001,0.0,0.0
2019-10-18,445.04,428.6173999999999,439.2617500000001,0.0,0.0
2019-10-21,453.65,429.1637999999999,439.57090000000005,0.0,0.0
2019-10-22,450.32,429.8413999999999,439.8579500000001,0.0,0.0
2019-10-23,457.06,430.4759999999999,440.1537,0.0,0.0
2019-10-24,454.66,431.3417999999999,440.42605000000003,0.0,0.0
2019-10-25,459.8,432.3517999999999,440.72755000000006,0.0,0.0
2019-10-28,466.56,433.2938,441.0708,0.0,0.0
2019-10-29,466.16,434.10579999999993,441.4195,0.0,0.0
2019-10-30,466.94,435.0787999999999,441.75065,0.0,0.0
2019-10-31,461.7,435.8941999999999,441.99395000000004,0.0,0.0
2019-11-01,469.17,436.8975999999999,442.2772,0.0,0.0
2019-11-04,476.53,438.28319999999985,442.56260000000003,0.0,0.0
2019-11-05,482.44,439.8225999999998,442.9068,0.0,0.0
2019-11-06,489.54,441.40319999999986,443.3121,0.0,0.0
2019-11-07,490.16,442.9295999999998,443.7301,0.0,0.0
2019-11-08,490.21,444.29299999999984,444.13140000000004,1.0,1.0
2019-11-11,486.79,445.5775999999998,444.53855000000004,1.0,0.0
2019-11-12,486.79,446.99699999999984,444.93440000000004,1.0,0.0
2019-11-13,485.57,448.39559999999983,445.32060000000007,1.0,0.0
2019-11-14,484.59,449.5929999999998,445.66815,1.0,0.0
2019-11-15,490.96,450.93559999999974,446.03890000000007,1.0,0.0
2019-11-18,491.74,452.1533999999998,446.4077000000001,1.0,0.0
2019-11-19,492.8,453.4425999999998,446.78390000000013,1.0,0.0
2019-11-20,488.81,454.5621999999998,447.14600000000013,1.0,0.0
2019-11-21,484.98,455.5667999999998,447.49585000000013,1.0,0.0
2019-11-22,485.0,456.4075999999998,447.8620500000002,1.0,0.0
2019-11-25,491.86,457.5305999999998,448.2578500000002,1.0,0.0
2019-11-26,490.89,458.5647999999998,448.5847500000002,1.0,0.0
2019-11-27,494.21,459.5857999999998,448.91855000000027,1.0,0.0
2019-11-29,494.91,460.6043999999998,449.27620000000024,1.0,0.0
2019-12-02,489.7,461.51059999999984,449.56495000000024,1.0,0.0
2019-12-03,485.76,462.3017999999998,449.8384000000002,1.0,0.0
2019-12-04,486.69,463.19319999999976,450.0857500000002,1.0,0.0
2019-12-05,490.3,464.0953999999998,450.36215000000016,1.0,0.0
2019-12-06,495.76,465.09059999999977,450.6573500000002,1.0,0.0
2019-12-09,497.07,466.1093999999997,450.9480500000002,1.0,0.0
2019-12-10,494.03,467.0771999999997,451.21555000000023,1.0,0.0
2019-12-11,493.91,468.28159999999974,451.47505000000024,1.0,0.0
2019-12-12,502.12,469.91679999999974,451.7695500000002,1.0,0.0
2019-12-13,498.61,471.4967999999997,452.0437500000002,1.0,0.0
2019-12-16,502.05,472.98899999999975,452.3673500000002,1.0,0.0
2019-12-17,502.29,474.57139999999976,452.7162000000002,1.0,0.0
2019-12-18,499.49,476.29799999999983,453.0643500000002,1.0,0.0
2019-12-19,502.34,478.0013999999999,453.4601000000002,1.0,0.0
2019-12-20,499.59,479.58559999999983,453.85150000000016,1.0,0.0
2019-12-23,499.66,480.8987999999998,454.20930000000016,1.0,0.0
2019-12-24,499.64,482.20739999999984,454.56830000000014,1.0,0.0
2019-12-26,503.24,483.3831999999999,454.9253000000002,1.0,0.0
2019-12-27,503.01,484.5153999999998,455.27220000000017,1.0,0.0
2019-12-30,500.84,485.5187999999998,455.6086500000001,1.0,0.0
2019-12-31,502.7,486.6719999999998,455.91975000000014,1.0,0.0
2020-01-02,508.98,487.7785999999998,456.2918000000001,1.0,0.0
2020-01-03,503.57,488.8435999999998,456.6600500000001,1.0,0.0
2020-01-06,504.0,489.78239999999977,457.0282500000001,1.0,0.0
2020-01-07,507.22,490.83359999999976,457.4775500000001,1.0,0.0
2020-01-08,507.1,491.7795999999998,457.93600000000015,1.0,0.0
2020-01-09,513.1,492.7103999999997,458.38815000000017,1.0,0.0
2020-01-10,512.18,493.63079999999974,458.85085000000015,1.0,0.0
2020-01-13,523.11,494.75419999999974,459.34155000000015,1.0,0.0
2020-01-14,518.32,495.88659999999976,459.7963000000002,1.0,0.0
2020-01-15,530.26,497.10839999999973,460.2556500000002,1.0,0.0
2020-01-16,535.0,498.2777999999998,460.7484000000002,1.0,0.0
2020-01-17,535.24,499.3337999999998,461.22925000000015,1.0,0.0
2020-01-21,529.14,500.1257999999998,461.6657500000002,1.0,0.0
2020-01-22,536.86,501.0597999999998,462.12455000000017,1.0,0.0
2020-01-23,541.94,502.0943999999998,462.60355000000015,1.0,0.0
2020-01-24,536.84,503.0953999999998,463.0887000000002,1.0,0.0
2020-01-27,523.81,503.8357999999998,463.4939500000002,1.0,0.0
2020-01-28,529.97,504.7237999999998,463.9132500000002,1.0,0.0
2020-01-29,536.49,505.7617999999999,464.3239500000002,1.0,0.0
2020-01-30,539.69,506.73639999999983,464.7631000000002,1.0,0.0
2020-01-31,527.35,507.4485999999998,465.06715000000025,1.0,0.0
2020-02-03,530.08,508.19419999999985,465.38010000000025,1.0,0.0
2020-02-04,535.24,509.12279999999987,465.7278500000003,1.0,0.0
2020-02-05,543.48,510.29279999999983,466.1251500000002,1.0,0.0
2020-02-06,554.67,511.6861999999998,466.5283500000002,1.0,0.0
2020-02-07,555.74,512.9637999999999,466.90620000000024,1.0,0.0
2020-02-10,561.1,514.3679999999998,467.3394500000003,1.0,0.0
2020-02-11,570.44,515.8925999999998,467.7967500000003,1.0,0.0
2020-02-12,572.48,517.4439999999998,468.25995000000034,1.0,0.0
2020-02-13,568.55,519.0209999999997,468.6765000000003,1.0,0.0
2020-02-14,565.94,520.6245999999998,469.1105500000003,1.0,0.0
2020-02-18,564.81,522.1869999999998,469.5525500000003,1.0,0.0
2020-02-19,572.07,523.8223999999998,470.0004000000003,1.0,0.0
2020-02-20,566.92,525.2455999999999,470.45315000000033,1.0,0.0
2020-02-21,557.0,526.4441999999998,470.9193000000003,1.0,0.0
2020-02-24,528.0,527.1235999999999,471.23195000000027,1.0,0.0
2020-02-25,506.0,527.3653999999999,471.4408500000003,1.0,0.0
2020-02-26,508.47,527.4923999999999,471.6682000000003,1.0,0.0
2020-02-27,475.82,527.0365999999999,471.8334000000003,1.0,0.0
2020-02-28,463.01,526.2557999999999,471.9191500000003,1.0,0.0
2020-03-02,487.94,525.9687999999999,472.13705000000033,1.0,0.0
2020-03-03,482.07,525.6203999999998,472.3112000000003,1.0,0.0
2020-03-04,495.31,525.4797999999998,472.57995000000034,1.0,0.0
2020-03-05,472.47,524.9373999999998,472.75185000000033,1.0,0.0
2020-03-06,450.41,523.9523999999998,472.7956000000003,1.0,0.0
2020-03-09,419.01,522.3397999999999,472.6949500000003,1.0,0.0
2020-03-10,459.0,521.4549999999998,472.8205000000003,1.0,0.0
2020-03-11,430.97,520.0141999999998,472.79655000000037,1.0,0.0
2020-03-12,386.22,517.7217999999998,472.5811000000004,1.0,0.0
2020-03-13,413.78,515.9433999999998,472.5103500000004,1.0,0.0
2020-03-16,357.28,512.9093999999998,472.16380000000044,1.0,0.0
2020-03-17,386.76,510.57319999999976,472.0198000000004,1.0,0.0
2020-03-18,373.36,507.96039999999977,471.7871000000004,1.0,0.0
2020-03-19,397.36,505.76319999999976,471.60125000000045,1.0,0.0
2020-03-20,354.72,502.7155999999998,471.18410000000046,1.0,0.0
2020-03-23,327.42,499.00199999999984,470.6250500000005,1.0,0.0
2020-03-24,371.7,496.19239999999985,470.2630000000005,1.0,0.0
2020-03-25,401.38,493.75779999999986,470.0508500000005,1.0,0.0
2020-03-26,451.9,492.4293999999999,470.0947500000005,1.0,0.0
2020-03-27,434.34,490.5109999999999,470.0352000000005,1.0,0.0
2020-03-30,455.35,488.9179999999999,470.07055000000054,1.0,0.0
2020-03-31,439.97,487.01259999999985,470.0355500000005,1.0,0.0
2020-04-01,409.54,484.6205999999999,469.8826500000005,1.0,0.0
2020-04-02,426.53,482.4139999999999,469.7687500000005,1.0,0.0
2020-04-03,418.07,479.9365999999999,469.58435000000054,1.0,0.0
2020-04-06,449.52,478.1901999999999,469.5040500000006,1.0,0.0
2020-04-07,443.12,476.57639999999986,469.3784500000005,1.0,0.0
2020-04-08,450.97,474.9963999999998,469.3163000000006,1.0,0.0
2020-04-09,471.42,473.69499999999977,469.38160000000056,1.0,0.0
2020-04-13,452.39,471.9489999999998,469.3387500000005,1.0,0.0
2020-04-14,458.03,470.5625999999998,469.30650000000054,1.0,0.0
2020-04-15,443.07,468.8223999999998,469.17535000000055,0.0,-1.0
2020-04-16,458.99,467.29739999999975,469.1056500000006,0.0,0.0
2020-04-17,476.87,465.96519999999975,469.1406500000006,0.0,0.0
2020-04-20,470.8,464.2877999999998,469.1179000000006,0.0,0.0
2020-04-21,474.37,462.6603999999997,469.09630000000055,0.0,0.0
2020-04-22,481.0,461.0583999999997,469.13910000000055,0.0,0.0
2020-04-23,471.2,459.0735999999998,469.1260000000005,0.0,0.0
2020-04-24,475.14,457.1267999999998,469.12400000000054,0.0,0.0
2020-04-27,496.65,455.68879999999984,469.2069000000005,0.0,0.0
2020-04-28,497.77,454.3253999999999,469.28345000000047,0.0,0.0
2020-04-29,511.39,453.25699999999983,469.43190000000044,0.0,0.0
2020-04-30,502.04,451.85639999999984,469.55625000000043,0.0,0.0
2020-05-01,484.16,450.20119999999986,469.62205000000046,0.0,0.0
2020-05-04,481.51,448.6913999999999,469.6539000000004,0.0,0.0
2020-05-05,485.49,447.8411999999999,469.71515000000045,0.0,0.0
2020-05-06,483.4,447.3891999999999,469.76440000000036,0.0,0.0
2020-05-07,497.39,447.1675999999999,469.86405000000036,0.0,0.0
2020-05-08,498.78,447.62679999999983,469.9722000000004,0.0,0.0
2020-05-11,493.11,448.2287999999999,470.0684000000004,0.0,0.0
2020-05-12,454.44,447.5587999999999,469.94975000000045,0.0,0.0
2020-05-13,485.8,447.6333999999999,469.9872000000004,0.0,0.0
2020-05-14,498.2,447.69119999999987,470.08615000000043,0.0,0.0
2020-05-15,513.73,448.51639999999986,470.31640000000044,0.0,0.0
2020-05-18,516.43,449.83679999999987,470.6388000000004,0.0,0.0
2020-05-19,501.2,451.4805999999999,470.9037000000004,0.0,0.0
2020-05-20,508.74,452.4753999999999,471.2908000000004,0.0,0.0
2020-05-21,508.51,454.0261999999999,471.6548000000003,0.0,0.0
2020-05-22,513.3,456.56779999999986,472.0693500000003,0.0,0.0
2020-05-26,523.63,458.76479999999987,472.4994000000004,0.0,0.0
2020-05-27,536.4,462.34719999999993,473.04975000000036,0.0,0.0
2020-05-28,536.84,465.3488,473.65175000000033,0.0,0.0
2020-05-29,528.64,468.45439999999996,474.16830000000033,0.0,0.0
2020-06-01,538.23,471.2717999999999,474.8026000000003,0.0,0.0
2020-06-02,541.34,475.0041999999999,475.4628000000003,0.0,0.0
2020-06-03,547.71,479.4099999999999,476.10405000000026,1.0,1.0
2020-06-04,546.19,482.8997999999999,476.7072000000003,1.0,0.0
2020-06-05,556.53,486.00279999999987,477.3984000000003,1.0,0.0
2020-06-08,557.33,488.11139999999983,478.0804000000004,1.0,0.0
2020-06-09,558.06,490.5857999999999,478.77570000000037,1.0,0.0
2020-06-10,558.06,492.63999999999993,479.5297500000004,1.0,0.0
2020-06-11,525.21,494.3447999999999,480.1284500000004,1.0,0.0
2020-06-12,527.04,496.6947999999999,480.7111000000004,1.0,0.0
2020-06-15,543.03,499.0247999999999,481.35705000000036,1.0,0.0
2020-06-16,550.4,501.67139999999995,481.9988500000004,1.0,0.0
2020-06-17,555.23,503.78559999999993,482.6622000000004,1.0,0.0
2020-06-18,556.77,506.05859999999996,483.3669500000004,1.0,0.0
2020-06-19,555.37,508.14659999999986,484.06560000000036,1.0,0.0
2020-06-22,553.21,509.7823999999999,484.70805000000036,1.0,0.0
2020-06-23,554.65,511.82759999999996,485.3621500000003,1.0,0.0
2020-06-24,538.57,513.4384,485.90075000000036,1.0,0.0
2020-06-25,546.97,515.5164,486.49390000000034,1.0,0.0
2020-06-26,534.85,517.0336,487.00400000000036,1.0,0.0
2020-06-29,532.87,518.1536,487.49460000000033,1.0,0.0
2020-06-30,544.09,519.6193999999999,488.0002500000003,1.0,0.0
2020-07-01,544.32,521.0183999999999,488.54330000000033,1.0,0.0
2020-07-02,551.77,522.4338,489.1062500000004,1.0,0.0
2020-07-06,557.55,524.1608,489.67820000000034,1.0,0.0
2020-07-07,549.23,525.6425999999999,490.20445000000035,1.0,0.0
2020-07-08,557.61,526.8617999999999,490.77055000000036,1.0,0.0
2020-07-09,549.44,527.8951999999999,491.2867500000004,1.0,0.0
2020-07-10,554.08,528.7489999999999,491.84655000000043,1.0,0.0
2020-07-13,552.56,529.7593999999999,492.3834000000004,1.0,0.0
2020-07-14,561.33,531.3027999999999,492.9600500000004,1.0,0.0
2020-07-15,568.59,533.0444,493.57235000000037,1.0,0.0
2020-07-16,566.96,534.6738,494.1789500000004,1.0,0.0
2020-07-17,587.72,536.7601999999999,494.9491000000004,1.0,0.0
2020-07-20,579.6,538.4043999999999,495.74530000000044,1.0,0.0
2020-07-21,580.0,540.0287999999999,496.5472500000004,1.0,0.0
2020-07-22,582.54,541.8174,497.3227500000004,1.0,0.0
2020-07-23,578.15,544.2916,498.0976500000004,1.0,0.0
2020-07-24,570.62,545.988,498.88495000000034,1.0,0.0
2020-07-27,575.33,547.5306,499.67575000000033,1.0,0.0
2020-07-28,570.7,548.6700000000001,500.4273500000003,1.0,0.0
2020-07-29,577.6,549.8934,501.14535000000035,1.0,0.0
2020-07-30,573.09,551.3312000000001,501.83975000000027,1.0,0.0
2020-07-31,575.01,552.6565999999999,502.4925500000003,1.0,0.0
2020-08-03,579.95,554.0854,503.1603000000003,1.0,0.0
2020-08-04,571.04,555.2402000000001,503.76215000000025,1.0,0.0
2020-08-05,582.15,556.4106,504.4477000000003,1.0,0.0
2020-08-06,582.23,557.3272000000001,505.0906000000003,1.0,0.0
2020-08-07,588.19,558.3542,505.77995000000027,1.0,0.0
2020-08-10,580.2,559.3854,506.3956500000002,1.0,0.0
2020-08-11,586.64,560.3536,507.0555500000002,1.0,0.0
2020-08-12,590.24,561.3316,507.70775000000026,1.0,0.0
2020-08-13,589.56,562.1686000000001,508.3227500000002,1.0,0.0
2020-08-14,588.46,563.0140000000001,508.93425000000025,1.0,0.0
2020-08-17,592.03,563.724,509.55970000000025,1.0,0.0
2020-08-18,589.21,564.3616000000001,510.1972500000003,1.0,0.0
2020-08-19,589.75,564.9954,510.80015000000026,1.0,0.0
2020-08-20,583.36,565.5014,511.33430000000027,1.0,0.0
2020-08-21,584.04,566.678,511.84230000000025,1.0,0.0
2020-08-24,591.45,567.9662000000001,512.3518500000002,1.0,0.0
2020-08-25,591.15,568.9286000000001,512.8568000000002,1.0,0.0
2020-08-26,592.1,569.7626,513.3662500000003,1.0,0.0
2020-08-27,594.98,570.5576,513.9072000000002,1.0,0.0
2020-08-28,601.06,571.4434,514.4785500000003,1.0,0.0
2020-08-31,594.19,572.2198000000001,515.0216500000002,1.0,0.0
2020-09-01,596.24,573.0804,515.5799000000003,1.0,0.0
2020-09-02,608.0,574.1474000000001,516.1651000000003,1.0,0.0
2020-09-03,579.12,574.9584,516.6020000000002,1.0,0.0
2020-09-04,564.63,575.3116,516.9611500000002,1.0,0.0
2020-09-08,552.54,575.6654000000001,517.2798000000001,1.0,0.0
2020-09-09,560.18,576.2116000000001,517.6558000000001,1.0,0.0
2020-09-10,543.31,576.1960000000001,517.9473500000001,1.0,0.0
2020-09-11,541.2,576.1336000000001,518.1940500000002,1.0,0.0
2020-09-14,547.38,576.0458000000002,518.4765000000002,1.0,0.0
2020-09-15,548.16,575.8580000000002,518.7462500000001,1.0,0.0
2020-09-16,561.73,576.1080000000002,519.0803500000001,1.0,0.0
2020-09-17,548.41,575.9240000000002,519.3739000000002,1.0,0.0
2020-09-18,556.92,576.0736000000002,519.7297000000002,1.0,0.0
2020-09-21,552.59,576.0438000000001,520.0592000000001,1.0,0.0
2020-09-22,550.8,576.0086000000001,520.3617000000002,1.0,0.0
2020-09-23,538.54,575.5528,520.5756000000001,1.0,0.0
2020-09-24,535.05,574.8820000000001,520.7655000000001,1.0,0.0
2020-09-25,547.81,574.4990000000001,521.0344000000001,1.0,0.0
2020-09-28,558.65,573.9176000000001,521.3581,1.0,0.0
2020-09-29,554.8,573.4216000000001,521.6215000000001,1.0,0.0
2020-09-30,563.55,573.0926000000001,521.9462000000001,1.0,0.0
2020-10-01,567.91,572.8000000000001,522.2755000000001,1.0,0.0
2020-10-02,570.12,572.6394,522.6146500000001,1.0,0.0
2020-10-05,580.98,572.8466000000001,523.0221,1.0,0.0
2020-10-06,580.23,572.9446,523.41155,1.0,0.0
2020-10-07,592.05,573.3716,523.8738500000001,1.0,0.0
2020-10-08,604.44,573.9083999999999,524.3977500000001,1.0,0.0
2020-10-09,611.57,574.678,524.9574000000001,1.0,0.0
2020-10-12,614.89,575.4756,525.51565,1.0,0.0
2020-10-13,638.96,576.6558,526.1954000000002,1.0,0.0
2020-10-14,639.85,578.0319999999999,526.8904500000002,1.0,0.0
2020-10-15,646.24,579.3137999999999,527.6081500000003,1.0,0.0
2020-10-16,657.38,580.8168,528.3501500000003,1.0,0.0
2020-10-19,634.89,581.7507999999999,529.0067500000002,1.0,0.0
2020-10-20,645.07,583.0482,529.7121000000003,1.0,0.0
2020-10-21,634.99,584.0151999999999,530.3509500000004,1.0,0.0
2020-10-22,635.18,584.914,530.9913500000002,1.0,0.0
2020-10-23,637.31,585.8689999999999,531.6124000000002,1.0,0.0
2020-10-26,622.19,586.5436,532.1624500000003,1.0,0.0
2020-10-27,614.53,586.9935999999999,532.6195500000002,1.0,0.0
2020-10-28,600.71,587.2235999999999,533.0315000000003,1.0,0.0
2020-10-29,602.33,587.4752,533.3918500000003,1.0,0.0
2020-10-30,599.21,587.7922,533.7129000000003,1.0,0.0
2020-11-02,614.87,588.4087999999999,534.1110500000002,1.0,0.0
2020-11-03,629.26,589.1649999999998,534.6116500000003,1.0,0.0
2020-11-04,651.6,590.3739999999998,535.1853500000002,1.0,0.0
2020-11-05,668.19,591.8957999999998,535.8166000000002,1.0,0.0
2020-11-06,654.9,593.0941999999999,536.4069000000003,1.0,0.0
2020-11-09,666.02,594.3933999999998,537.1179500000003,1.0,0.0
2020-11-10,660.6,595.7215999999999,537.7711000000003,1.0,0.0
2020-11-11,670.62,597.2091999999998,538.4417500000003,1.0,0.0
2020-11-12,659.79,598.2449999999998,539.0422500000002,1.0,0.0
2020-11-13,669.77,600.0579999999998,539.7543500000002,1.0,0.0
2020-11-16,676.43,602.2939999999998,540.4861000000002,1.0,0.0
2020-11-17,667.49,604.5929999999998,541.1473500000002,1.0,0.0
2020-11-18,669.89,606.7871999999998,541.7794000000001,1.0,0.0
2020-11-19,673.48,609.3905999999997,542.3734500000002,1.0,0.0
2020-11-20,672.71,612.0207999999998,542.9583000000001,1.0,0.0
2020-11-23,682.87,614.7305999999996,543.5671500000001,1.0,0.0
2020-11-24,699.3,617.7533999999997,544.2114500000001,1.0,0.0
2020-11-25,703.61,620.5909999999997,544.8671000000002,1.0,0.0
2020-11-27,715.11,623.9249999999997,545.5999000000002,1.0,0.0
2020-11-30,698.35,626.7535999999997,546.2619500000002,1.0,0.0
2020-12-01,715.23,630.0063999999998,547.0140500000001,1.0,0.0
2020-12-02,718.36,633.3575999999997,547.7455000000001,1.0,0.0
2020-12-03,715.42,636.8951999999997,548.488,1.0,0.0
2020-12-04,703.47,640.2635999999998,549.22035,1.0,0.0
2020-12-07,709.49,643.4971999999997,550.1278000000001,1.0,0.0
2020-12-08,713.92,646.6025999999997,551.1674000000002,1.0,0.0
2020-12-09,701.68,649.5401999999997,552.13345,1.0,0.0
2020-12-10,698.41,652.2373999999996,553.2464000000001,1.0,0.0
2020-12-11,695.2,654.7831999999997,554.4073500000001,1.0,0.0
2020-12-14,683.92,657.0591999999997,555.3872500000001,1.0,0.0
2020-12-15,698.18,659.4031999999996,556.4678,1.0,0.0
2020-12-16,698.37,661.7659999999996,557.4830999999999,1.0,0.0
2020-12-17,706.01,664.0451999999996,558.6507999999999,1.0,0.0
2020-12-18,698.8,665.9323999999996,559.89275,1.0,0.0
2020-12-21,698.83,667.6775999999996,561.29185,1.0,0.0
2020-12-22,693.52,669.2501999999996,562.4644499999999,1.0,0.0
2020-12-23,703.64,670.5437999999996,563.8278,1.0,0.0
2020-12-24,707.18,671.8903999999997,565.4326,1.0,0.0
2020-12-28,710.18,673.1691999999997,566.9146,1.0,0.0
2020-12-29,706.28,674.1471999999998,568.6596,1.0,0.0
2020-12-30,708.94,675.6281999999998,570.2705,1.0,0.0
2020-12-31,721.54,677.1575999999998,572.0113999999999,1.0,0.0
