payment_id,mortgage_id,customer_id,payment,payment_date
6530784,530180,0,849,2007-02-12
5332543,625617,1,1116,2007-10-21
6633146,588605,2,2465,2002-06-22
3387347,761909,3,1766,2009-06-20
2118587,613158,4,2105,2004-04-13
6626157,599020,5,1178,2009-02-06
6138064,658614,6,1606,2001-01-26
2940667,749110,7,1593,2002-02-11
2689740,697489,8,1942,2009-02-23
7141904,952184,9,2155,2009-04-18
5875860,645805,10,929,2003-01-21
5952495,533862,11,939,2002-03-06
6792067,971448,12,2320,2002-09-09
2727921,849843,13,1706,2007-03-27
3628338,550311,14,1656,2004-03-01
2320018,670093,15,903,2009-04-10
4229097,977519,16,894,2007-01-16
5548979,601562,17,2146,2000-10-22
5381249,820801,18,629,2001-09-16
7062562,532717,19,1431,2006-05-08
2951519,762656,20,1403,2006-09-13
6066649,545724,21,1036,2008-06-25
6913707,791249,22,1626,2008-09-24
2644773,677414,23,1547,2000-01-14
4196637,958093,24,2482,2005-02-11
6272921,772630,25,1766,2003-02-17
2240056,961758,26,1134,2000-09-06
5744812,923818,27,2051,2009-09-07
1309262,885269,28,1578,2006-01-02
2821815,548780,29,2024,2003-05-06
3261487,964771,30,2440,2008-04-26
5644187,810550,31,1558,2002-11-04
2314053,560831,32,505,2003-09-06
1482365,680339,33,858,2003-11-14
4601141,891765,34,1934,2001-11-19
6274059,812293,35,1822,2004-02-17
2051858,584793,36,1505,2006-01-20
3211488,600362,37,1602,2003-05-10
4946640,866783,38,1318,2002-01-20
4237304,865370,39,1752,2001-04-23
1829969,925373,40,2451,2008-01-17
4823670,737884,41,1992,2001-11-10
5422092,671358,42,2427,2001-02-25
1726110,798571,43,2452,2003-04-12
6376112,830439,44,684,2000-01-07
1728393,578215,45,2264,2002-06-04
6197282,878611,46,1181,2009-07-20
4260837,872027,47,1694,2009-06-19
3472992,609611,48,1785,2001-04-15
5494943,543421,49,661,2004-05-14
2649866,873167,50,1012,2005-09-03
3844740,844260,51,879,2007-02-01
4072279,927864,52,584,2005-08-11
3473204,831363,53,1201,2008-10-25
2553773,939658,54,1281,2008-08-14
3358179,750679,55,2021,2004-05-11
3571504,570411,56,1659,2005-11-22
5579758,608196,57,2281,2006-08-10
1597850,644945,58,2157,2007-11-23
3584808,592775,59,1458,2004-01-22
7006228,929845,60,1450,2000-05-13
4004105,749211,61,929,2003-11-13
5295235,640041,62,2383,2000-04-24
6767133,885039,63,2029,2005-04-21
3127428,641396,64,2396,2003-07-16
2514506,834731,65,2379,2005-05-21
6392407,717418,66,2099,2004-06-25
5541800,950938,67,1494,2003-02-11
5694453,705818,68,1671,2003-11-22
5098075,953403,69,2474,2009-06-23
2434924,868897,70,986,2001-06-11
6724178,577486,71,1325,2004-11-13
3659619,978777,72,1456,2008-07-19
5854981,677600,73,1960,2002-08-26
4709212,758953,74,1820,2007-10-18
6681399,685457,75,2032,2003-03-12
3040718,731265,76,605,2002-09-07
5576030,906666,77,2055,2001-02-08
4715310,678567,78,1162,2009-08-12
2078677,669966,79,1867,2007-06-01
2857543,777659,80,1772,2001-09-19
2398380,748861,81,1756,2009-11-19
3004352,776684,82,1616,2004-03-06
6234227,942099,83,2466,2003-07-08
6201709,742486,84,2037,2005-08-06
2621437,928995,85,2045,2006-02-20
5944830,626793,86,2435,2006-11-02
3840094,933944,87,2330,2007-11-24
4722406,704564,88,609,2006-01-02
5385915,540947,89,1131,2006-04-04
4072889,719184,90,1957,2009-01-23
3060998,692698,91,1439,2001-03-17
2871591,589648,92,1288,2003-06-09
4305134,796909,93,990,2001-06-16
5756469,633149,94,832,2008-05-18
6220386,774204,95,1064,2007-07-11
1965574,639734,96,1316,2006-07-01
4632109,689731,97,734,2003-09-01
2877749,652017,98,815,2005-06-27
1670438,831869,99,848,2002-10-24
3498834,662621,100,1726,2009-10-02
5131816,750250,101,542,2007-04-27
5603155,605413,102,1234,2002-11-13
1998195,828370,103,2195,2009-01-15
3520904,629791,104,2256,2009-04-10
5820035,974780,105,764,2002-04-25
6620263,632384,106,2072,2009-01-03
1776646,829115,107,1178,2001-05-05
1686889,616080,108,2195,2004-01-03
5619180,734164,109,1233,2005-11-11
3429852,567191,110,982,2000-06-03
3400148,831153,111,2235,2007-04-15
2833227,874773,112,1215,2002-02-06
3502300,771918,113,1431,2003-09-20
5371294,888180,114,755,2009-06-27
1420185,677805,115,1719,2009-11-02
4330391,853543,116,1439,2002-07-06
7098485,737851,117,1404,2008-11-26
6405345,557851,118,1825,2002-10-18
5862909,752294,119,2443,2008-09-18
3875920,687139,120,1401,2006-06-20
3641197,737680,121,2295,2002-08-19
2407908,586036,122,918,2000-03-02
2908136,569331,123,2426,2006-09-18
2385805,530944,124,1093,2006-03-17
1727708,940835,125,2363,2002-08-24
1924959,773118,126,546,2006-01-23
1561247,929070,127,503,2001-03-08
4707348,618010,128,508,2003-01-07
2053254,532129,129,1814,2004-11-02
1357805,628707,130,1269,2000-02-21
6694616,572587,131,674,2003-04-03
5633722,671182,132,702,2003-09-07
1326681,872093,133,1243,2004-03-16
6360868,778555,134,1218,2004-02-26
3329269,568546,135,1916,2003-11-02
6499032,821014,136,752,2005-04-07
1709931,810028,137,1016,2005-09-09
5781439,948658,138,1317,2001-10-02
5552791,902278,139,2174,2008-07-23
5591366,912903,140,1470,2006-04-14
5134468,828079,141,1456,2000-01-10
7163592,787895,142,513,2009-10-09
3994614,668475,143,553,2007-09-06
2173167,869004,144,1456,2004-08-15
7062595,812391,145,1399,2000-10-04
2558320,809347,146,1231,2004-10-03
3714830,614182,147,1394,2007-05-03
3197234,580589,148,1493,2002-11-03
1236951,656526,149,1723,2008-11-20
5433465,682391,150,1300,2002-01-25
3252875,598591,151,1384,2003-03-20
4717677,895261,152,1465,2004-08-21
6355859,679919,153,696,2004-07-15
3543383,963018,154,1150,2007-01-01
5093900,556967,155,1616,2004-03-17
5794428,864692,156,634,2000-11-18
5338034,534007,157,1088,2000-04-18
4719340,580484,158,1324,2007-03-16
4866612,836158,159,1414,2003-10-13
5989938,731173,160,2010,2006-09-23
7216996,922380,161,1404,2009-05-17
2562800,908546,162,2392,2006-04-25
2588630,801272,163,1590,2005-06-11
3725950,974795,164,1752,2005-06-16
2599255,784153,165,532,2004-09-07
6806109,789941,166,1423,2009-01-24
3774848,637635,167,621,2008-09-27
2164738,968677,168,745,2006-02-06
3467191,632938,169,2388,2006-05-27
5014679,552484,170,2356,2006-01-13
4405682,938375,171,2257,2003-01-05
5168018,643056,172,1097,2001-03-18
4270239,705448,173,890,2005-09-14
6226570,781844,174,1991,2000-06-01
2059872,610532,175,512,2009-08-24
1493292,792742,176,2275,2007-05-14
5162412,939535,177,1673,2002-02-20
2438082,629283,178,1633,2006-04-22
4330153,943130,179,1296,2006-07-10
6844709,938403,180,1374,2000-09-17
5336189,972990,181,1327,2008-10-12
7090889,971283,182,1774,2009-02-05
3534491,775719,183,2100,2007-08-21
3149781,730948,184,1120,2008-06-27
4058921,859515,185,1105,2009-10-27
4436891,823920,186,1281,2009-11-24
6111024,898059,187,1647,2008-08-26
2585099,872454,188,2416,2004-01-17
4261817,911477,189,1487,2001-07-26
4954676,810128,190,1966,2005-02-17
6716472,898939,191,964,2009-02-04
4093960,530399,192,2352,2000-04-18
6560738,916353,193,913,2003-06-06
1378753,748004,194,2183,2009-01-17
6821675,640934,195,1565,2000-05-06
2710958,816466,196,1580,2003-05-24
3673202,783031,197,557,2002-08-24
2048874,592132,198,501,2004-08-24
5550683,601681,199,2405,2004-10-09
5507943,583805,200,971,2007-02-18
4997581,781206,201,905,2001-09-11
2230047,869491,202,1027,2004-11-08
2851778,676873,203,1146,2001-06-08
5036951,568717,204,577,2007-03-16
2776239,721519,205,1854,2000-01-06
6041032,570280,206,831,2002-06-06
1668147,905435,207,2297,2003-09-16
6762766,672449,208,1382,2005-06-07
5486643,604068,209,1679,2006-10-02
1577562,574470,210,1581,2002-10-26
3434628,625686,211,2024,2001-05-08
4396440,945279,212,1046,2008-11-12
4053359,883338,213,2189,2000-09-13
2096665,781852,214,990,2008-06-05
4522222,955295,215,769,2008-05-02
6380023,924667,216,1796,2004-02-17
4249620,711839,217,2017,2004-03-25
3537779,868801,218,1403,2005-01-25
5785312,611846,219,1514,2006-08-09
7171254,595668,220,572,2004-03-23
5105829,696348,221,2158,2009-05-08
6847203,585837,222,948,2005-03-08
3940737,590485,223,1255,2009-08-19
3050294,948046,224,629,2005-06-11
2593411,553800,225,1437,2009-04-01
3228529,809655,226,1306,2000-02-04
2008689,683797,227,1979,2002-02-12
3867029,836428,228,1124,2004-01-03
4452279,784288,229,1979,2002-05-27
6982639,837220,230,1101,2008-08-06
4031585,785182,231,2233,2007-07-24
1807288,821374,232,2478,2008-09-13
4157177,559633,233,2196,2008-08-20
4493695,546491,234,1670,2009-11-25
1354629,763195,235,1509,2006-09-16
2379550,600622,236,1311,2007-02-11
2121410,950626,237,2342,2006-11-18
3011069,763212,238,1484,2002-08-17
6004385,623607,239,2201,2003-05-07
4520696,639368,240,1454,2002-08-20
6271107,768366,241,1036,2007-08-01
3723998,882163,242,2031,2000-08-08
6314613,738897,243,1090,2009-05-24
2039765,669203,244,1098,2008-01-09
5130565,674744,245,1719,2009-03-13
6318149,786961,246,1786,2002-04-20
3149928,798539,247,1018,2008-11-18
3732502,977602,248,1840,2007-01-14
1956483,753925,249,2212,2003-07-26
4684072,655487,250,798,2005-08-21
1243306,759664,251,1903,2005-02-20
6557149,709741,252,634,2007-11-01
5205342,716703,253,1176,2006-01-09
1665844,789171,254,662,2007-04-13
5982417,720260,255,1339,2009-04-02
1887711,541505,256,614,2001-01-11
4170198,881778,257,2101,2009-01-03
6034511,926865,258,1645,2008-04-05
4589163,847630,259,1214,2000-01-17
1253797,919836,260,1740,2007-09-19
4830183,582396,261,1247,2006-09-15
3479321,588312,262,2321,2009-03-23
2383788,936765,263,1193,2004-03-23
4060374,932623,264,2490,2004-01-18
5281877,746851,265,948,2001-09-26
2329309,611244,266,2458,2002-05-08
2675533,802494,267,1562,2008-06-11
7116476,679110,268,2390,2000-04-20
6563295,780291,269,2495,2002-04-18
1636032,840502,270,1290,2009-11-23
5750036,933461,271,1601,2004-10-21
3336642,921522,272,1976,2003-10-25
2413469,588900,273,833,2000-07-10
5387183,874933,274,2391,2006-06-22
7165338,746691,275,679,2002-04-24
4232936,857579,276,1559,2000-09-18
2534330,622386,277,1300,2004-06-03
5137161,543948,278,1433,2004-01-25
5009041,811908,279,596,2001-10-04
2306698,959110,280,2157,2009-02-03
2351216,910816,281,1023,2003-05-22
3510359,652519,282,1572,2006-06-14
4810810,598824,283,539,2000-04-20
4486078,879024,284,976,2008-04-10
6897978,870951,285,1589,2005-02-12
3510413,842556,286,902,2006-06-24
5384194,658943,287,954,2009-08-13
4418265,906240,288,630,2004-07-09
1559243,887220,289,1711,2001-08-06
4105827,753640,290,2310,2003-01-21
4880179,845680,291,1889,2004-08-09
6274176,599288,292,1595,2005-10-05
6921417,863775,293,1152,2002-03-16
2693395,728144,294,2472,2005-02-13
3804017,933935,295,1016,2001-03-24
4119674,692035,296,1175,2000-01-15
3552409,647967,297,2219,2008-07-07
5027279,853064,298,525,2005-09-03
5855437,774014,299,516,2008-09-22
5289033,827094,300,2386,2007-01-10
4931772,862851,301,1689,2003-07-20
4271359,714671,302,1634,2002-07-06
1712477,600102,303,1996,2006-08-13
6576744,739103,304,918,2000-07-23
4415709,948882,305,1734,2002-06-08
6305637,733428,306,827,2001-03-27
6699220,736051,307,1145,2008-03-24
1739903,922599,308,2289,2004-04-26
3171091,892432,309,1207,2004-07-21
3825070,559798,310,2359,2003-04-10
2682550,621433,311,1440,2007-11-01
2428024,883203,312,2432,2001-02-27
4965473,913911,313,924,2009-09-05
1516162,634820,314,1828,2009-08-15
4036335,768557,315,1100,2007-09-23
4609648,889822,316,842,2009-07-19
2168079,897757,317,1576,2005-04-05
3899237,848518,318,545,2004-05-12
3380699,869069,319,2172,2007-02-19
2936815,898070,320,1611,2003-03-24
1548309,771184,321,1465,2004-04-10
4301908,624475,322,2140,2001-01-02
6430742,716995,323,966,2002-01-17
5819230,624022,324,2148,2001-05-03
3049921,632471,325,1795,2006-11-03
4762292,899855,326,1438,2002-08-22
6641190,878629,327,1620,2003-08-09
5449459,532506,328,1888,2005-09-24
1870586,890454,329,1997,2002-07-15
1377258,775544,330,1183,2001-09-11
6614795,524499,331,1367,2002-02-02
4310575,840118,332,1958,2004-01-08
4558346,901301,333,2136,2009-03-26
1623750,624299,334,706,2003-10-02
1424045,714423,335,1602,2000-10-18
2414742,962069,336,747,2009-03-04
6651495,800376,337,2460,2005-02-05
2605163,952120,338,1375,2007-07-03
6434571,809835,339,2455,2006-11-22
4283980,536279,340,2248,2006-03-01
1705818,823081,341,802,2009-09-25
5713564,538222,342,550,2002-05-13
7147278,607368,343,1833,2006-03-03
4195279,908095,344,1821,2009-09-22
6566274,569993,345,1121,2008-10-22
1864147,825942,346,1680,2000-03-06
3841093,913896,347,928,2007-08-23
2864221,852784,348,1717,2000-11-08
2712578,797268,349,2393,2004-11-14
2315320,959291,350,1088,2008-07-21
4025211,892509,351,1427,2009-06-13
2330156,890439,352,1013,2001-10-15
6219649,882087,353,2400,2008-03-03
5685994,684945,354,1352,2000-11-14
2198142,869197,355,2473,2006-04-14
6784675,536850,356,2214,2001-01-13
6174143,875231,357,2097,2008-09-01
2599852,802251,358,1216,2001-09-14
3937769,748013,359,1591,2004-07-04
5289063,969377,360,1969,2007-11-19
1365172,580696,361,1499,2007-01-07
4551904,591645,362,738,2008-08-11
6252202,692688,363,1084,2003-08-08
3304165,793368,364,1750,2006-07-14
4449863,899132,365,1341,2009-04-04
5052061,762670,366,799,2000-02-16
3815600,918209,367,2029,2007-01-02
3606928,631799,368,594,2005-02-19
4113217,588354,369,649,2002-06-16
2574332,526081,370,2082,2006-11-03
6060623,708010,371,1859,2004-10-25
6693819,696732,372,533,2003-08-26
6883810,647968,373,2371,2003-07-07
1860988,777302,374,645,2007-09-16
3253312,955624,375,931,2009-04-03
2066010,878725,376,1815,2002-09-26
5838170,615930,377,2347,2004-05-10
1668455,900288,378,656,2006-06-07
4686960,912904,379,2319,2004-02-20
6234853,880314,380,2245,2005-02-21
5158803,617566,381,1410,2001-05-11
6709843,956468,382,795,2006-02-04
6913924,849563,383,1103,2004-03-23
6979276,614708,384,600,2005-03-09
5647789,683618,385,923,2008-09-08
2624743,687280,386,2151,2007-03-07
4846895,856912,387,2040,2006-03-08
2757083,857176,388,2446,2007-02-22
4802565,586387,389,721,2004-08-03
5775916,675778,390,880,2003-08-05
4429611,890660,391,1459,2009-04-25
6042497,786146,392,912,2008-09-12
3261018,740528,393,1780,2007-04-01
2642926,644859,394,1486,2006-09-02
5181700,939325,395,2021,2006-11-11
3062039,650649,396,1680,2001-04-27
5072480,786281,397,1000,2002-01-02
2027004,543322,398,2047,2006-02-23
3416510,823590,399,1060,2000-10-04
6356614,806384,400,899,2001-08-23
4327495,908566,401,1607,2002-07-11
3608618,963307,402,1260,2000-01-26
4404719,719404,403,2434,2001-01-09
4939718,780893,404,1146,2002-01-11
1659802,894800,405,1763,2003-02-26
3396190,569482,406,2370,2005-05-23
4927132,722256,407,2382,2001-10-05
4456205,780234,408,856,2003-05-06
3721530,977177,409,1884,2003-08-08
2895199,588370,410,1546,2000-07-14
6621381,943505,411,1388,2001-01-10
3989923,872565,412,884,2004-03-26
6122978,822498,413,2133,2007-07-03
6258205,930929,414,1314,2003-08-14
6528330,937133,415,781,2005-04-17
6889401,788727,416,625,2001-06-12
4441838,676470,417,2089,2004-07-22
2318822,657702,418,2435,2004-02-12
6215335,737378,419,2405,2000-01-02
7058599,675512,420,581,2005-10-10
2503140,761838,421,2198,2007-06-18
6962203,733874,422,2029,2007-02-26
6171879,902284,423,1523,2005-02-02
4478159,547852,424,1190,2000-10-08
2095322,727876,425,1172,2000-09-15
4408332,785618,426,1999,2009-08-17
4980126,871837,427,684,2000-03-14
2452248,543976,428,2178,2004-05-23
6853389,698418,429,1527,2003-04-13
1867597,583702,430,925,2001-11-09
5967503,831595,431,1078,2002-04-05
6249482,691514,432,1169,2004-07-11
1503642,620279,433,911,2008-03-12
5817244,529208,434,1926,2002-10-12
3071963,768147,435,659,2007-04-02
6939670,866390,436,1164,2002-01-04
6160177,625314,437,621,2004-07-21
1544178,846070,438,1754,2004-04-27
6682856,674224,439,1501,2003-08-02
5234979,778817,440,1000,2005-10-15
3123037,903042,441,529,2009-01-01
3962273,626237,442,853,2001-09-25
1262092,616157,443,2346,2003-11-15
5281453,579446,444,1040,2006-05-18
6310302,803623,445,664,2005-06-19
2977052,712601,446,1078,2000-03-11
2500592,840149,447,744,2008-05-14
3919819,655728,448,957,2002-08-06
6943537,859373,449,908,2003-08-03
3607515,913278,450,1959,2003-02-21
5272575,573675,451,758,2005-08-24
2764609,899899,452,855,2005-04-27
5458281,716033,453,1306,2007-11-01
6365735,735003,454,1608,2001-01-12
5566761,840170,455,1681,2007-03-16
1503546,863346,456,766,2004-06-07
2680008,805936,457,1128,2008-05-15
4962549,708178,458,947,2001-08-13
6477628,731208,459,1604,2003-04-19
5676840,592479,460,2131,2005-07-24
4288884,850866,461,869,2000-02-18
4324830,670924,462,1820,2007-01-14
2322600,924011,463,520,2008-10-25
3330130,867214,464,1217,2002-06-05
1840008,870701,465,2461,2003-09-19
6091134,650935,466,1443,2003-07-10
1526470,649179,467,2254,2006-06-10
3544705,592427,468,1317,2006-04-21
1704136,659294,469,881,2003-03-10
7128917,646475,470,1389,2007-01-04
1960543,900275,471,992,2006-08-16
5523958,768288,472,1536,2008-05-19
6534301,662385,473,1800,2000-01-14
5404954,821450,474,1144,2000-04-20
3057906,715069,475,1147,2007-10-21
3255188,812647,476,538,2005-07-05
2997253,820596,477,736,2002-03-05
3241851,795404,478,793,2005-02-18
5461808,834198,479,1698,2006-01-02
3508441,583366,480,2081,2008-11-02
3003172,576924,481,891,2004-05-10
3253211,711580,482,2012,2002-04-10
5418516,673433,483,611,2002-02-14
1354343,790893,484,910,2004-05-08
1588349,661822,485,1480,2002-07-27
6320542,615819,486,2479,2003-10-18
5506539,568896,487,1050,2001-11-25
2591437,535789,488,1120,2001-06-13
2458689,720586,489,2169,2006-02-17
3619860,758715,490,2327,2002-09-05
4181872,536862,491,1421,2004-06-25
6968205,965308,492,1779,2000-02-27
5761612,624574,493,1572,2009-11-09
2600354,770161,494,770,2000-07-08
3119118,952880,495,1676,2006-01-19
2442305,699467,496,1659,2005-05-13
2929108,824317,497,1875,2000-04-22
5186035,757144,498,2465,2000-01-12
4770223,636807,499,1699,2001-07-23
4632562,594631,500,724,2002-02-24
5893713,588095,501,917,2002-08-03
4802363,685374,502,1367,2005-11-04
3716365,909928,503,1654,2003-08-21
2594211,692913,504,1071,2003-11-27
4480344,679941,505,1151,2008-05-21
7211223,746292,506,1752,2006-05-01
5903942,659325,507,1685,2003-09-20
4971116,846633,508,1450,2003-08-13
2832850,921105,509,1050,2005-01-19
3845635,739445,510,2450,2002-07-15
2675820,782658,511,1553,2009-01-24
5887527,745215,512,731,2000-03-17
7127122,864374,513,1408,2002-08-15
4610396,730307,514,704,2003-07-24
6844531,816083,515,1006,2001-09-07
3323217,786983,516,1453,2004-08-15
3739406,866294,517,1946,2003-03-13
2964036,548885,518,2485,2004-01-11
1932342,527129,519,543,2004-08-20
6156142,720104,520,2263,2008-09-12
4203049,847893,521,1393,2006-04-06
3482130,930746,522,562,2004-07-02
6093636,830842,523,797,2007-08-19
5439759,777196,524,646,2002-09-03
6385142,854450,525,1001,2007-11-04
3022312,853036,526,1566,2006-05-25
6418686,876617,527,1540,2009-09-27
1739448,604434,528,2446,2002-11-13
6353127,938140,529,2430,2001-03-10
2744137,773839,530,571,2000-09-27
4018204,527125,531,1035,2006-03-03
4742155,725215,532,627,2000-04-26
5123120,903346,533,2047,2008-08-03
4963007,800765,534,904,2009-07-22
6887011,554662,535,1328,2009-10-05
4962469,618245,536,1997,2009-05-09
6496290,545686,537,1155,2009-02-21
4085630,679761,538,1555,2000-08-15
4925818,826875,539,891,2002-11-11
5226176,683497,540,2436,2000-11-18
7114202,896004,541,2174,2005-11-04
5659500,827732,542,528,2005-01-05
5769409,913715,543,1878,2002-10-25
1238052,904105,544,2100,2005-04-22
3889221,802912,545,1130,2008-10-14
6617287,909549,546,1669,2006-06-02
5867274,742253,547,2045,2006-09-23
2307196,830395,548,643,2001-04-17
2158616,929982,549,1669,2007-02-15
5443335,536447,550,970,2006-10-11
6982497,630861,551,1409,2006-05-05
4079488,918110,552,730,2003-09-26
4731150,535074,553,1636,2005-05-19
3105850,792733,554,2095,2007-01-19
2176848,723548,555,2364,2008-08-19
6859976,869145,556,1277,2001-08-10
5647110,773736,557,1297,2008-10-02
4160978,723521,558,2173,2003-04-13
4933529,732406,559,1511,2008-06-15
6048698,615591,560,1292,2006-10-14
6018872,831719,561,1874,2003-06-24
2347698,768175,562,1959,2002-06-16
4361977,823654,563,2111,2004-09-08
1414150,541866,564,653,2003-11-14
7179703,768483,565,1937,2009-05-05
4434263,899346,566,804,2008-11-10
2366113,541083,567,625,2003-04-16
6913105,789587,568,1594,2008-07-16
3067994,601446,569,1785,2009-08-25
4962136,817729,570,1625,2009-01-08
5105173,776379,571,1599,2008-08-18
6594249,554351,572,630,2008-02-10
6360155,755622,573,1365,2004-06-07
4018358,749571,574,2137,2005-02-07
2506525,705067,575,685,2000-05-03
6841729,553690,576,1602,2004-03-20
1388220,721575,577,1786,2009-10-06
5618193,956267,578,1391,2009-01-06
1608005,806716,579,843,2007-10-09
1280530,644169,580,2343,2009-03-06
6321143,949355,581,1422,2003-11-01
5670544,926715,582,2114,2001-09-15
6753059,709027,583,1366,2009-10-24
6377821,617119,584,1242,2001-07-01
4704452,605269,585,1367,2000-04-01
4688060,950488,586,1904,2004-05-27
1612268,667139,587,1412,2002-05-16
4769306,931568,588,2439,2001-11-03
1988668,945651,589,2046,2008-07-10
5689774,871358,590,2069,2003-06-12
3096998,537070,591,2213,2002-02-10
2017894,662829,592,1252,2009-04-21
5194153,715901,593,566,2002-01-21
2866579,876878,594,1977,2002-05-22
4593723,738131,595,1988,2007-03-15
3126195,809071,596,611,2001-05-01
2926452,904514,597,1314,2001-04-17
2415316,833268,598,629,2003-11-25
5598772,857675,599,2387,2003-06-21
3901431,741491,600,1257,2005-07-14
5165460,535847,601,2410,2007-05-14
5436013,761044,602,1294,2004-02-16
5434199,930114,603,1668,2004-02-27
3669575,646342,604,1208,2000-03-15
5456418,710485,605,1765,2002-07-11
3102371,689308,606,823,2003-05-24
1534885,684032,607,1639,2006-04-16
4683107,838820,608,2217,2008-01-16
4642321,540038,609,769,2006-05-06
5839534,802574,610,1223,2003-11-21
7047072,607663,611,756,2008-10-18
6580022,648163,612,2295,2004-09-01
2754551,690626,613,1695,2008-06-14
4299355,609199,614,2473,2000-09-01
6118343,979711,615,1691,2006-02-14
1276394,597040,616,1077,2001-07-13
5085306,691567,617,2491,2000-10-05
3472542,643031,618,999,2009-10-01
7120328,634587,619,1742,2008-03-15
1253448,574734,620,1539,2001-04-16
5242525,840797,621,1638,2009-09-03
2412643,900357,622,1316,2005-09-11
2313551,952423,623,893,2000-07-02
4800465,649127,624,1809,2008-08-25
3891707,524405,625,1989,2001-09-17
6286734,628110,626,2068,2006-03-12
2603049,959594,627,658,2001-11-18
3042834,547185,628,1982,2006-08-17
6952736,950295,629,1490,2005-04-23
1743062,957031,630,2096,2004-06-16
1991394,598572,631,1856,2003-11-10
1590328,532413,632,1976,2005-10-18
2149885,945692,633,1109,2006-03-14
3312427,896288,634,2362,2005-10-06
5131303,826411,635,1453,2003-05-13
3393528,792348,636,868,2008-09-17
2489633,718517,637,1924,2000-05-05
2235052,920758,638,1931,2009-02-09
1990651,876769,639,2033,2004-02-08
2950598,665601,640,841,2007-03-27
6690032,561455,641,2428,2006-01-13
2858642,846410,642,649,2003-11-12
5750717,724866,643,1267,2007-08-11
2458164,714236,644,2492,2009-10-11
1949097,673172,645,1899,2007-06-12
3515656,823943,646,951,2003-03-25
4442366,721600,647,591,2007-10-02
1803530,749506,648,811,2008-02-02
3327874,601439,649,2403,2005-09-19
4819605,884342,650,1923,2007-09-13
1548856,605641,651,1048,2008-07-15
5173211,947386,652,1797,2005-09-26
4244990,539242,653,2383,2003-05-20
5833715,839501,654,1106,2007-01-13
3459870,882387,655,697,2004-01-21
4708968,640589,656,1424,2001-02-02
2803729,802134,657,2143,2006-07-06
1459326,812965,658,1004,2005-01-10
6357896,630338,659,2207,2003-05-24
3610780,578897,660,1629,2004-07-12
2202892,951167,661,1646,2004-05-19
4512423,590568,662,2491,2006-02-08
6772942,762219,663,1869,2009-11-02
4512549,529522,664,854,2000-01-15
3639592,577995,665,915,2001-08-05
5145643,674904,666,1966,2002-04-11
6090446,969378,667,1436,2004-07-03
1862571,667926,668,874,2000-10-02
6631950,652516,669,606,2000-04-22
4067437,596979,670,527,2003-02-19
3800990,647977,671,1907,2007-02-09
4912575,678512,672,1679,2003-06-25
4272132,743315,673,1391,2000-02-17
6207757,566972,674,1822,2009-05-20
1730153,681661,675,1908,2009-09-12
2585468,917486,676,1431,2003-11-16
3990537,847572,677,2283,2002-01-02
5968774,666305,678,2495,2008-08-18
5836727,748291,679,2125,2003-01-22
6764827,590337,680,1518,2008-05-27
3571192,685176,681,932,2008-04-22
4262510,753123,682,2428,2000-03-23
6791372,862071,683,1473,2000-01-12
6496209,819373,684,1640,2005-11-18
4478522,612160,685,825,2001-02-04
5631698,949058,686,1131,2003-05-03
3935837,684060,687,1110,2004-05-03
4982819,726968,688,1009,2000-04-21
5070447,854930,689,1098,2004-08-11
6887510,748738,690,1400,2001-05-26
2586092,580700,691,1493,2002-10-11
5345466,904523,692,717,2005-07-25
6944368,884777,693,1905,2007-04-27
6600832,659034,694,1868,2002-04-20
2232159,643012,695,893,2001-10-17
4018517,653821,696,2488,2003-10-08
5474256,940503,697,1454,2005-02-11
4217110,539057,698,2256,2008-01-16
3643801,907712,699,1697,2006-02-19
6637621,699187,700,1056,2004-02-15
1685120,844205,701,2241,2000-08-17
3319242,716628,702,1274,2008-09-23
4894262,605962,703,1812,2005-06-17
2389157,649385,704,2163,2002-09-08
5689726,852408,705,2290,2005-01-11
3145826,745923,706,1502,2005-10-26
2736304,627105,707,1206,2003-05-27
2195486,723433,708,1313,2008-06-10
6206922,903136,709,570,2006-07-05
6092203,737272,710,1316,2007-04-26
2148627,768162,711,1876,2004-10-09
6801179,734802,712,2314,2009-02-17
6246281,619548,713,722,2006-04-05
5692976,803846,714,2169,2004-02-11
4564589,544549,715,1565,2009-02-19
3203212,528953,716,2344,2004-01-09
6719751,659744,717,1255,2000-06-10
4389707,931433,718,2311,2002-08-05
6369692,608470,719,1444,2000-04-01
4778407,876834,720,772,2003-01-26
1496436,851833,721,1695,2006-07-01
5637457,672831,722,881,2000-09-20
5334827,895661,723,529,2001-11-23
2456152,737964,724,2062,2006-05-10
3139462,832605,725,1021,2003-01-03
3868059,732915,726,1121,2003-06-18
6707572,783361,727,1699,2002-07-02
1635443,634724,728,1591,2003-10-19
4156822,643063,729,1658,2006-05-15
3929339,892977,730,2298,2003-11-08
1993207,756525,731,1510,2009-09-15
5194280,724906,732,2488,2002-06-01
2281819,930712,733,853,2002-03-10
5835783,621371,734,580,2005-03-11
5798548,587663,735,1147,2007-04-06
1382799,869120,736,1429,2002-10-04
1938922,791592,737,1613,2003-03-01
2218936,624843,738,701,2001-03-21
6451798,614374,739,1386,2003-02-25
6316312,700003,740,1932,2000-11-03
6322659,525638,741,2401,2005-06-14
2676497,682994,742,2230,2006-05-13
7211960,963953,743,715,2004-07-12
5510232,606709,744,1624,2007-03-25
2784509,974845,745,1920,2009-11-06
4960868,692000,746,2377,2003-09-15
2231342,932401,747,2320,2009-02-26
2800452,648200,748,2357,2007-07-19
7095225,575999,749,1441,2007-10-24
4402551,976979,750,1760,2005-09-07
2491241,787241,751,954,2006-03-02
2998215,654188,752,1507,2004-08-24
7077085,938371,753,1164,2001-08-25
4715573,628206,754,1758,2009-01-05
6902146,715671,755,755,2003-01-09
5919715,841743,756,2482,2000-07-07
6752824,950002,757,825,2008-09-21
2057595,691503,758,724,2001-02-20
5768099,800956,759,1275,2009-01-13
3048533,959252,760,1460,2008-08-23
2500898,828034,761,1279,2006-08-10
1860841,585906,762,2109,2003-06-27
5964204,947519,763,2273,2005-04-20
3771860,930309,764,2244,2009-06-05
7046353,843695,765,2328,2004-05-16
1776276,736626,766,748,2007-08-02
4713459,840335,767,1852,2005-02-18
2208575,681478,768,2303,2001-02-13
3918720,948032,769,1564,2004-08-12
2563984,589658,770,2070,2004-01-07
4962424,772745,771,2281,2007-04-14
3303295,743030,772,2159,2001-04-03
4980624,581033,773,1303,2004-09-18
3103344,951468,774,643,2005-10-05
5081533,672957,775,1405,2002-04-25
3603976,705011,776,1896,2003-02-14
5406444,781630,777,2293,2007-08-19
1401371,575440,778,1307,2008-03-22
7207889,547962,779,822,2008-01-02
1711649,710583,780,802,2000-06-16
1806158,873803,781,1569,2004-03-18
4867123,665605,782,1562,2002-10-17
5874804,817031,783,770,2007-05-20
1933316,583357,784,2234,2007-11-24
2300201,861744,785,1456,2006-03-09
5378680,524201,786,1281,2006-03-12
5509903,533157,787,1128,2007-07-13
5569080,859684,788,2368,2001-11-26
4604933,540578,789,650,2009-10-01
1779090,977959,790,1343,2004-05-21
4684584,645258,791,1892,2005-11-07
2901328,903605,792,525,2006-11-21
4267181,607717,793,1952,2006-02-11
1474742,544523,794,866,2005-08-08
7075725,849465,795,1806,2008-05-27
2534817,602252,796,760,2002-02-05
3079629,677549,797,753,2005-08-22
2080776,706738,798,2069,2006-01-16
2247619,715530,799,963,2002-11-14
3513336,862316,800,2350,2003-06-07
6672732,624550,801,2393,2007-11-03
6226308,847083,802,1285,2006-10-17
1356808,691160,803,980,2000-10-21
4805058,628425,804,1017,2003-07-26
1299927,676414,805,1324,2004-05-21
4285401,966004,806,2035,2002-01-21
7101967,775767,807,664,2001-01-27
6398652,761635,808,822,2006-04-18
5500447,703929,809,1818,2006-11-15
1284535,919895,810,1188,2002-04-02
4613500,630462,811,1626,2001-09-22
6648780,614987,812,2349,2009-11-20
3714863,575866,813,988,2007-08-18
4108335,582931,814,1204,2003-11-04
2726435,796447,815,1355,2008-05-09
5259848,567364,816,1049,2005-09-04
6456137,839379,817,644,2000-06-12
5644813,671438,818,1356,2000-02-01
6390357,957096,819,1356,2007-10-18
6417725,585371,820,972,2007-05-26
4243214,707285,821,2255,2006-09-25
4034710,561645,822,1715,2008-08-22
3933175,873196,823,1108,2001-01-26
3499228,917588,824,1126,2006-07-09
2457197,636779,825,1880,2002-03-06
2060023,790357,826,2367,2004-10-22
2468690,636830,827,1612,2009-07-02
2593248,888716,828,1927,2009-11-21
3996716,952710,829,2076,2005-05-18
2420214,844778,830,1054,2000-11-26
7162721,629619,831,2462,2001-06-18
2999484,618713,832,1086,2007-02-06
3275893,533686,833,1098,2009-05-09
6853000,940851,834,1974,2005-04-17
3848234,960677,835,1266,2006-06-25
5985935,565722,836,2266,2008-04-03
1331631,588332,837,1811,2008-07-14
6375924,760326,838,711,2000-05-17
5701477,831346,839,2232,2006-11-16
2214444,603621,840,842,2003-04-18
7042555,563249,841,1557,2000-05-20
6976554,813018,842,1309,2009-08-16
1292498,894496,843,1522,2009-04-11
5710780,971092,844,1916,2001-11-03
2276063,961480,845,1877,2006-01-04
1507676,742416,846,2441,2008-04-18
4030179,653546,847,1802,2009-08-15
3386633,656288,848,941,2008-03-06
4343259,792781,849,762,2008-09-23
2364636,768437,850,2175,2000-05-08
5834193,606041,851,2251,2000-07-17
4652799,787227,852,1898,2000-09-17
4446706,602810,853,2480,2005-11-18
6720019,581519,854,1205,2004-06-12
4947627,622976,855,762,2008-05-17
6570443,841476,856,1725,2007-04-07
2174130,762522,857,1772,2007-02-18
4442563,780832,858,893,2006-08-03
3860393,957924,859,1937,2008-04-23
5582358,810007,860,2128,2001-01-11
6093203,731305,861,1992,2007-08-23
4869351,726936,862,1030,2004-07-01
7014581,915395,863,1168,2003-01-01
3837282,766496,864,2383,2001-04-13
4521617,620474,865,2328,2001-08-21
4736257,626017,866,1287,2007-10-17
1561911,926933,867,1436,2009-10-10
6969194,964305,868,1795,2009-09-18
4016872,555381,869,599,2009-09-03
3270480,967194,870,861,2001-03-19
4388650,623947,871,2057,2008-06-21
6990550,771371,872,1783,2007-10-22
1540302,570016,873,1054,2002-01-23
5430939,720279,874,2363,2005-05-21
4990424,965510,875,1898,2001-11-17
7114261,974839,876,1189,2008-06-12
4454449,696741,877,664,2006-04-08
4648657,832027,878,659,2006-08-17
6977376,912926,879,1476,2005-09-22
3611399,599764,880,2407,2000-11-12
5618818,879189,881,1735,2001-02-13
6145154,601774,882,2277,2003-02-01
6571893,760885,883,2215,2002-04-11
2378632,837341,884,1832,2001-07-22
1322067,765150,885,2241,2000-06-08
6924879,696673,886,1484,2002-07-22
7137299,917028,887,1416,2003-02-12
1553223,604903,888,2041,2006-07-10
5095116,890478,889,1481,2007-01-10
5520195,613170,890,757,2007-07-17
6600831,709405,891,2098,2006-01-26
6061178,580808,892,514,2009-05-20
6444757,766286,893,638,2009-06-13
4551228,706910,894,1683,2007-09-20
7160383,564787,895,500,2004-01-11
3671318,658772,896,2151,2006-07-03
2589541,855635,897,1371,2001-09-19
5831773,777222,898,1958,2009-08-01
6452002,789373,899,2134,2006-10-19
7108559,777284,900,1946,2003-09-20
5519847,538409,901,1557,2000-01-15
5222746,707492,902,1238,2009-01-15
4089243,524320,903,1477,2007-05-07
3897671,682366,904,892,2002-05-16
5793660,902959,905,2210,2008-10-01
3589737,796053,906,869,2009-09-06
3316553,754028,907,1797,2005-11-15
2747526,675496,908,1284,2001-10-17
5808622,901555,909,1244,2008-05-14
4487815,772930,910,2123,2006-09-02
4038110,650752,911,997,2001-08-06
5862383,770384,912,1273,2002-03-05
2946373,949576,913,1365,2008-11-25
5004764,928624,914,1774,2007-03-13
4694079,931229,915,2466,2003-04-27
1568425,640653,916,2044,2007-09-25
6970967,703735,917,1510,2004-05-15
3179308,951983,918,2138,2008-07-01
5521967,757905,919,2058,2002-06-22
2726739,658433,920,1282,2002-06-12
3535371,683493,921,961,2007-04-27
4574706,849234,922,648,2000-06-23
6416181,821382,923,653,2000-09-04
7192680,864381,924,1347,2008-11-25
7054560,952361,925,1792,2006-04-01
3272852,686642,926,1179,2002-07-07
3112871,675742,927,536,2003-03-13
5939167,837324,928,663,2000-07-13
5716078,814555,929,1829,2007-07-14
5250244,781003,930,1334,2005-06-04
6851444,817788,931,1922,2008-05-23
2567513,698384,932,1853,2004-10-14
1246468,722107,933,1850,2006-08-14
5213344,593984,934,1570,2003-01-26
4651758,818420,935,1929,2005-01-05
7141804,970357,936,677,2003-07-18
6630322,697910,937,1319,2002-11-15
4644694,607902,938,531,2003-03-21
5407940,616619,939,1447,2004-04-20
4275728,926202,940,1759,2005-10-15
2958815,860295,941,701,2008-05-01
4036222,793478,942,529,2009-11-16
5795588,537043,943,695,2005-06-16
2583018,623405,944,967,2009-01-18
4885534,530325,945,733,2008-06-17
4843836,817760,946,612,2001-10-22
6280008,729794,947,2149,2001-08-11
4405705,570489,948,613,2005-11-01
3931194,950339,949,1019,2005-10-13
5271436,567080,950,2152,2007-06-04
4609865,948393,951,1419,2003-11-14
4751611,526391,952,1888,2003-06-11
2594526,805006,953,1377,2005-05-09
3433790,651554,954,868,2004-08-04
2668115,696829,955,1630,2005-02-19
3031143,809393,956,1534,2005-03-22
3087881,735949,957,2490,2003-03-01
4000922,961008,958,1149,2003-03-07
6221812,574456,959,1448,2005-04-04
1981722,740312,960,1183,2006-09-27
5893470,630052,961,2323,2007-10-12
4505530,922693,962,1376,2000-05-11
4872527,645953,963,976,2006-07-02
2107349,726831,964,702,2004-01-17
3013175,812340,965,1174,2008-04-23
5981912,950653,966,1597,2009-04-02
4956405,809903,967,2396,2008-08-06
2724212,653341,968,1504,2002-07-15
1658960,646978,969,874,2005-02-20
7127574,588562,970,1405,2007-06-22
2508831,855400,971,1242,2008-10-21
1784580,979126,972,2006,2004-03-02
5656750,535953,973,1379,2002-06-18
4792151,966579,974,1366,2004-05-18
1441469,624658,975,2040,2006-02-19
6941040,866564,976,1880,2009-06-12
5831672,828265,977,2440,2002-01-23
3826545,906828,978,1956,2000-03-11
6654349,550248,979,586,2001-05-22
7151271,528140,980,1234,2004-01-05
2245066,716969,981,752,2009-01-14
1996884,765627,982,1294,2004-09-09
3296900,533698,983,1323,2008-02-03
2156016,855041,984,2313,2000-03-04
3807747,738094,985,777,2005-02-13
3375059,828816,986,1504,2007-09-01
6981872,738778,987,1708,2001-02-24
6255012,735856,988,1804,2002-06-04
5723794,864035,989,898,2001-09-08
3903723,718079,990,1272,2004-06-26
3249606,829309,991,1733,2007-08-16
3779345,573175,992,738,2009-08-03
6645628,792607,993,2124,2000-08-03
3469609,905380,994,2120,2009-03-15
3481116,906575,995,1552,2006-04-02
3824131,536100,996,2483,2000-11-24
1749444,922754,997,2093,2009-06-08
5719531,598986,998,2003,2006-04-06
3834895,969854,999,1130,2004-08-07
