Date,close,volume
2020-03-12 08:00:00,258.6,229683
2020-03-12 09:00:00,257.76,457488
2020-03-12 10:00:00,252.81,291881
2020-03-12 11:00:00,259.99,353484
2020-03-12 12:00:00,257.12,520699
2020-03-12 13:00:00,252.07,258979
2020-03-12 14:00:00,248.08,563153
2020-03-13 08:00:00,256.56,292632
2020-03-13 09:00:00,254.44,335677
2020-03-13 10:00:00,252.98,326720
2020-03-13 11:00:00,255.34,218084
2020-03-13 12:00:00,259.33,182785
2020-03-13 13:00:00,257.02,240101
2020-03-13 14:00:00,270.93,623451
2020-03-16 08:00:00,245.57,158611
2020-03-16 09:00:00,250.77,358565
2020-03-16 10:00:00,254.13,253203
2020-03-16 11:00:00,248.97,177035
2020-03-16 12:00:00,247.21,179162
2020-03-16 13:00:00,249.11,265068
2020-03-16 14:00:00,239.54,676711
2020-03-17 08:00:00,238.16,218840
2020-03-17 09:00:00,245.22,275389
2020-03-17 10:00:00,251.03,256966
2020-03-17 11:00:00,249.1,256459
2020-03-17 12:00:00,249.62,160148
2020-03-17 13:00:00,251.01,213775
2020-03-17 14:00:00,254.19,402533
2020-03-18 08:00:00,242.58,246310
2020-03-18 09:00:00,240.27,233479
2020-03-18 10:00:00,241.06,280093
2020-03-18 11:00:00,235.73,237196
2020-03-18 12:00:00,231.88,311952
2020-03-18 13:00:00,235.09,343253
2020-03-18 14:00:00,241.01,632792
2020-03-19 08:00:00,237.98,240379
2020-03-19 09:00:00,239.28,357360
2020-03-19 10:00:00,242.73,313556
2020-03-19 11:00:00,242.25,212276
2020-03-19 12:00:00,244.47,201002
2020-03-19 13:00:00,244.43,202772
2020-03-19 14:00:00,241.17,495102
2020-03-20 08:00:00,239.11,244872
2020-03-20 09:00:00,244.05,271045
2020-03-20 10:00:00,238.82,277311
2020-03-20 11:00:00,237.47,242315
2020-03-20 12:00:00,237.83,136050
2020-03-20 13:00:00,232.31,227300
2020-03-20 14:00:00,228.87,562761
2020-03-23 08:00:00,227.41,321061
2020-03-23 09:00:00,223.54,236878
2020-03-23 10:00:00,220.48,274803
2020-03-23 11:00:00,227.38,304482
2020-03-23 12:00:00,222.95,233074
2020-03-23 13:00:00,222.17,213356
2020-03-23 14:00:00,222.48,410423
2020-03-24 08:00:00,235.51,233140
2020-03-24 09:00:00,237.46,245352
2020-03-24 10:00:00,240.43,193829
2020-03-24 11:00:00,239.65,218970
2020-03-24 12:00:00,237.25,224133
2020-03-24 13:00:00,240.58,221107
2020-03-24 14:00:00,243.54,391719
2020-03-25 08:00:00,242.53,318976
2020-03-25 09:00:00,245.39,271101
2020-03-25 10:00:00,245.84,154360
2020-03-25 11:00:00,250.81,229662
2020-03-25 12:00:00,254.03,256975
2020-03-25 13:00:00,254.42,261062
2020-03-25 14:00:00,246.75,457129
2020-03-26 08:00:00,253.71,196444
2020-03-26 09:00:00,255.56,265976
2020-03-26 10:00:00,258.4,204187
2020-03-26 11:00:00,258.72,154051
2020-03-26 12:00:00,256.75,205094
2020-03-26 13:00:00,258.56,172273
2020-03-26 14:00:00,261.39,425896
2020-03-27 08:00:00,253.17,174494
2020-03-27 09:00:00,253.17,155211
2020-03-27 10:00:00,252.68,182542
2020-03-27 11:00:00,255.15,130938
2020-03-27 12:00:00,255.67,166830
2020-03-27 13:00:00,257.6,131893
2020-03-27 14:00:00,253.38,464115
2020-03-30 08:00:00,255.31,118096
2020-03-30 09:00:00,257.08,135812
2020-03-30 10:00:00,259.16,132549
2020-03-30 11:00:00,260.32,112349
2020-03-30 12:00:00,259.09,104110
2020-03-30 13:00:00,260.32,137483
2020-03-30 14:00:00,261.68,274939
2020-03-31 08:00:00,259.19,130463
2020-03-31 09:00:00,261.79,185607
2020-03-31 10:00:00,262.51,117235
2020-03-31 11:00:00,259.38,159510
2020-03-31 12:00:00,260.1,125154
2020-03-31 13:00:00,259.81,114213
2020-03-31 14:00:00,257.66,331483
2020-04-01 08:00:00,248.89,143333
2020-04-01 09:00:00,250.23,179694
2020-04-01 10:00:00,248.75,138246
2020-04-01 11:00:00,246.24,166503
2020-04-01 12:00:00,247.9,120919
2020-04-01 13:00:00,245.79,124145
2020-04-01 14:00:00,246.13,307737
2020-04-02 08:00:00,246.5,148242
2020-04-02 09:00:00,250.86,264432
2020-04-02 10:00:00,250.79,164667
2020-04-02 11:00:00,250.98,108858
2020-04-02 12:00:00,248.25,156439
2020-04-02 13:00:00,249.31,143519
2020-04-02 14:00:00,251.9,273876
2020-04-03 08:00:00,251.8,118903
2020-04-03 09:00:00,249.64,150374
2020-04-03 10:00:00,248.22,138189
2020-04-03 11:00:00,247.58,116542
2020-04-03 12:00:00,246.09,89272
2020-04-03 13:00:00,247.71,120858
2020-04-03 14:00:00,248.22,278670
2020-04-06 08:00:00,259.8,132113
2020-04-06 09:00:00,259.33,174378
2020-04-06 10:00:00,260.85,123447
2020-04-06 11:00:00,262.38,159098
2020-04-06 12:00:00,262.81,110375
2020-04-06 13:00:00,262.43,116668
2020-04-06 14:00:00,264.98,449192
2020-04-07 08:00:00,273.75,216462
2020-04-07 09:00:00,269.03,234448
2020-04-07 10:00:00,271.49,176372
2020-04-07 11:00:00,272.65,138300
2020-04-07 12:00:00,270.78,114443
2020-04-07 13:00:00,266.71,201649
2020-04-07 14:00:00,265.11,405351
2020-04-08 08:00:00,266.48,100743
2020-04-08 09:00:00,268.92,133679
2020-04-08 10:00:00,270.79,149734
2020-04-08 11:00:00,271.5,135703
2020-04-08 12:00:00,270.31,120778
2020-04-08 13:00:00,273.75,145311
2020-04-08 14:00:00,274.11,322985
2020-04-09 08:00:00,280.51,183477
2020-04-09 09:00:00,279.36,248549
2020-04-09 10:00:00,279.43,148525
2020-04-09 11:00:00,280.59,133493
2020-04-09 12:00:00,279.89,134827
2020-04-09 13:00:00,276.59,195335
2020-04-09 14:00:00,278.23,272080
2020-04-13 08:00:00,274.15,111725
2020-04-13 09:00:00,272.73,157041
2020-04-13 10:00:00,273.62,115358
2020-04-13 11:00:00,273.27,93419
2020-04-13 12:00:00,274.1,84716
2020-04-13 13:00:00,274.25,91398
2020-04-13 14:00:00,275.56,203227
2020-04-14 08:00:00,282.84,128935
2020-04-14 09:00:00,281.57,173874
2020-04-14 10:00:00,281.16,138303
2020-04-14 11:00:00,282.91,98042
2020-04-14 12:00:00,283.73,86022
2020-04-14 13:00:00,283.94,103551
2020-04-14 14:00:00,283.87,232800
2020-04-15 08:00:00,277.37,128287
2020-04-15 09:00:00,276.78,140260
2020-04-15 10:00:00,276.14,104167
2020-04-15 11:00:00,277.36,92434
2020-04-15 12:00:00,277.17,96292
2020-04-15 13:00:00,279.38,101153
2020-04-15 14:00:00,277.74,184151
2020-04-16 08:00:00,276.82,89889
2020-04-16 09:00:00,278.52,139667
2020-04-16 10:00:00,279.72,105735
2020-04-16 11:00:00,277.27,154700
2020-04-16 12:00:00,277.44,97335
2020-04-16 13:00:00,278.34,93994
2020-04-16 14:00:00,279.21,183548
2020-04-17 08:00:00,285.47,130105
2020-04-17 09:00:00,283.38,167811
2020-04-17 10:00:00,283.51,87852
2020-04-17 11:00:00,284.34,76997
2020-04-17 12:00:00,284.08,81939
2020-04-17 13:00:00,283.62,80296
2020-04-17 14:00:00,286.75,263274
2020-04-20 08:00:00,283.35,84465
2020-04-20 09:00:00,285.15,106005
2020-04-20 10:00:00,285.93,85238
2020-04-20 11:00:00,285.4,66848
2020-04-20 12:00:00,284.84,71755
2020-04-20 13:00:00,281.72,128161
2020-04-20 14:00:00,281.59,179421
2020-04-21 08:00:00,277.65,120727
2020-04-21 09:00:00,274.17,141911
2020-04-21 10:00:00,273.61,156315
2020-04-21 11:00:00,273.41,93449
2020-04-21 12:00:00,274.02,110980
2020-04-21 13:00:00,273.49,99702
2020-04-21 14:00:00,273.02,229274
2020-04-22 08:00:00,277.81,82008
2020-04-22 09:00:00,277.59,99513
2020-04-22 10:00:00,278.68,80102
2020-04-22 11:00:00,278.59,56357
2020-04-22 12:00:00,279.24,48494
2020-04-22 13:00:00,279.99,72138
2020-04-22 14:00:00,279.18,187013
2020-04-23 08:00:00,281.52,86215
2020-04-23 09:00:00,283.28,123201
2020-04-23 10:00:00,282.29,91204
2020-04-23 11:00:00,281.01,188347
2020-04-23 12:00:00,279.88,148129
2020-04-23 13:00:00,281.33,90717
2020-04-23 14:00:00,279.08,152780
2020-04-24 08:00:00,278.86,60573
2020-04-24 09:00:00,279.59,81565
2020-04-24 10:00:00,279.35,73337
2020-04-24 11:00:00,280.22,54422
2020-04-24 12:00:00,281.52,55055
2020-04-24 13:00:00,282.21,83379
2020-04-24 14:00:00,283.04,169327
2020-04-27 08:00:00,285.52,57733
2020-04-27 09:00:00,285.69,92970
2020-04-27 10:00:00,286.91,67424
2020-04-27 11:00:00,287.07,63329
2020-04-27 12:00:00,286.51,56063
2020-04-27 13:00:00,287.36,55405
2020-04-27 14:00:00,287.11,163823
2020-04-28 08:00:00,289.48,112106
2020-04-28 09:00:00,285.82,175398
2020-04-28 10:00:00,286.81,120037
2020-04-28 11:00:00,287.31,79893
2020-04-28 12:00:00,287.45,59871
2020-04-28 13:00:00,287.35,74392
2020-04-28 14:00:00,285.77,173842
2020-04-29 08:00:00,291.98,108060
2020-04-29 09:00:00,292.39,125666
2020-04-29 10:00:00,292.89,105496
2020-04-29 11:00:00,293.94,95049
2020-04-29 12:00:00,293.69,86816
2020-04-29 13:00:00,293.97,122581
2020-04-29 14:00:00,293.19,225357
2020-04-30 08:00:00,291.24,127567
2020-04-30 09:00:00,291.04,149592
2020-04-30 10:00:00,289.6,103582
2020-04-30 11:00:00,289.98,119542
2020-04-30 12:00:00,289.22,69023
2020-04-30 13:00:00,289.33,76714
2020-04-30 14:00:00,290.26,211946
2020-05-01 08:00:00,285.07,123053
2020-05-01 09:00:00,285.08,138792
2020-05-01 10:00:00,282.72,110381
2020-05-01 11:00:00,282.31,112499
2020-05-01 12:00:00,281.95,71167
2020-05-01 13:00:00,282.55,87137
2020-05-01 14:00:00,282.73,231889
2020-05-04 08:00:00,280.57,94113
2020-05-04 09:00:00,280.69,115099
2020-05-04 10:00:00,281.42,77822
2020-05-04 11:00:00,281.09,50331
2020-05-04 12:00:00,281.46,57362
2020-05-04 13:00:00,282.48,70831
2020-05-04 14:00:00,283.68,134046
2020-05-05 08:00:00,288.15,77070
2020-05-05 09:00:00,287.96,92997
2020-05-05 10:00:00,288.86,64521
2020-05-05 11:00:00,288.4,56256
2020-05-05 12:00:00,288.74,52017
2020-05-05 13:00:00,289.23,54550
2020-05-05 14:00:00,286.2,216707
2020-05-06 08:00:00,286.36,63937
2020-05-06 09:00:00,287.17,109397
2020-05-06 10:00:00,286.12,79748
2020-05-06 11:00:00,286.63,49608
2020-05-06 12:00:00,287.01,52182
2020-05-06 13:00:00,286.26,61232
2020-05-06 14:00:00,284.29,155227
2020-05-07 08:00:00,288.63,80747
2020-05-07 09:00:00,287.62,84778
2020-05-07 10:00:00,289.44,87960
2020-05-07 11:00:00,289.25,60966
2020-05-07 12:00:00,288.82,47873
2020-05-07 13:00:00,288.06,58628
2020-05-07 14:00:00,287.7,140629
2020-05-08 08:00:00,290.8,59922
2020-05-08 09:00:00,290.84,78241
2020-05-08 10:00:00,291.73,62625
2020-05-08 11:00:00,291.94,39982
2020-05-08 12:00:00,291.11,50550
2020-05-08 13:00:00,291.66,50329
2020-05-08 14:00:00,292.46,161984
2020-05-11 08:00:00,290.48,71367
2020-05-11 09:00:00,290.88,92685
2020-05-11 10:00:00,291.95,59363
2020-05-11 11:00:00,292.98,59068
2020-05-11 12:00:00,293.36,56858
2020-05-11 13:00:00,293.49,64359
2020-05-11 14:00:00,292.55,139690
2020-05-12 08:00:00,292.28,78984
2020-05-12 09:00:00,292.53,91995
2020-05-12 10:00:00,292.51,58072
2020-05-12 11:00:00,292.51,40790
2020-05-12 12:00:00,291.48,67663
2020-05-12 13:00:00,291.04,75693
2020-05-12 14:00:00,286.61,260762
2020-05-13 08:00:00,284.85,112229
2020-05-13 09:00:00,284.75,146430
2020-05-13 10:00:00,281.87,167373
2020-05-13 11:00:00,281.73,191282
2020-05-13 12:00:00,280.78,80781
2020-05-13 13:00:00,279.67,97409
2020-05-13 14:00:00,281.67,280074
2020-05-14 08:00:00,276.89,140315
2020-05-14 09:00:00,279.87,195941
2020-05-14 10:00:00,279.77,163210
2020-05-14 11:00:00,282.41,99230
2020-05-14 12:00:00,282.09,92205
2020-05-14 13:00:00,282.18,88436
2020-05-14 14:00:00,285.05,206369
2020-05-15 08:00:00,283.85,99838
2020-05-15 09:00:00,282.91,122795
2020-05-15 10:00:00,283.14,81364
2020-05-15 11:00:00,284.13,69037
2020-05-15 12:00:00,285.0,63177
2020-05-15 13:00:00,284.61,81252
2020-05-15 14:00:00,286.26,188077
2020-05-18 08:00:00,293.28,129079
2020-05-18 09:00:00,294.53,102895
2020-05-18 10:00:00,295.04,113696
2020-05-18 11:00:00,294.81,68521
2020-05-18 12:00:00,295.59,60784
2020-05-18 13:00:00,295.68,74282
2020-05-18 14:00:00,295.0,241809
2020-05-19 08:00:00,294.65,74789
2020-05-19 09:00:00,295.28,98495
2020-05-19 10:00:00,295.46,64765
2020-05-19 11:00:00,295.22,40262
2020-05-19 12:00:00,295.5,32170
2020-05-19 13:00:00,294.04,83938
2020-05-19 14:00:00,292.01,267302
2020-05-20 08:00:00,296.61,70645
2020-05-20 09:00:00,297.09,93506
2020-05-20 10:00:00,297.58,62602
2020-05-20 11:00:00,296.89,73381
2020-05-20 12:00:00,296.5,57926
2020-05-20 13:00:00,297.11,69324
2020-05-20 14:00:00,296.96,145520
2020-05-21 08:00:00,297.13,63288
2020-05-21 09:00:00,295.83,92829
2020-05-21 10:00:00,294.87,108492
2020-05-21 11:00:00,294.93,66129
2020-05-21 12:00:00,295.19,61998
2020-05-21 13:00:00,294.72,60130
2020-05-21 14:00:00,294.78,147679
2020-05-22 08:00:00,294.28,60561
2020-05-22 09:00:00,293.46,79982
2020-05-22 10:00:00,293.98,43157
2020-05-22 11:00:00,294.43,32054
2020-05-22 12:00:00,294.75,44645
2020-05-22 13:00:00,295.04,44271
2020-05-22 14:00:00,295.42,124544
2020-05-26 08:00:00,300.84,87001
2020-05-26 09:00:00,301.3,88434
2020-05-26 10:00:00,300.41,91141
2020-05-26 11:00:00,301.03,53581
2020-05-26 12:00:00,301.11,38266
2020-05-26 13:00:00,301.04,47296
2020-05-26 14:00:00,299.16,193124
2020-05-27 08:00:00,299.89,100337
2020-05-27 09:00:00,298.04,143767
2020-05-27 10:00:00,299.55,111302
2020-05-27 11:00:00,300.17,71948
2020-05-27 12:00:00,300.36,56415
2020-05-27 13:00:00,301.74,79259
2020-05-27 14:00:00,303.48,196813
2020-05-28 08:00:00,304.16,78900
2020-05-28 09:00:00,305.09,82926
2020-05-28 10:00:00,305.55,77156
2020-05-28 11:00:00,306.25,67763
2020-05-28 12:00:00,306.47,49858
2020-05-28 13:00:00,305.97,66157
2020-05-28 14:00:00,302.96,255473
2020-05-29 08:00:00,302.23,73343
2020-05-29 09:00:00,301.03,98417
2020-05-29 10:00:00,301.67,85386
2020-05-29 11:00:00,301.63,82390
2020-05-29 12:00:00,301.13,50814
2020-05-29 13:00:00,303.57,159003
2020-05-29 14:00:00,304.05,278549
2020-06-01 08:00:00,304.21,69666
2020-06-01 09:00:00,305.07,68060
2020-06-01 10:00:00,305.0,46276
2020-06-01 11:00:00,305.5,32513
2020-06-01 12:00:00,305.91,35915
2020-06-01 13:00:00,305.98,37383
2020-06-01 14:00:00,305.58,96172
2020-06-02 08:00:00,306.27,58384
2020-06-02 09:00:00,306.39,88235
2020-06-02 10:00:00,305.86,75225
2020-06-02 11:00:00,306.41,35214
2020-06-02 12:00:00,307.06,45727
2020-06-02 13:00:00,306.79,54704
2020-06-02 14:00:00,308.12,179896
2020-06-03 08:00:00,310.57,86820
2020-06-03 09:00:00,311.01,86972
2020-06-03 10:00:00,311.72,76205
2020-06-03 11:00:00,311.22,61413
2020-06-03 12:00:00,311.36,36569
2020-06-03 13:00:00,312.13,72437
2020-06-03 14:00:00,312.21,189956
2020-06-04 08:00:00,312.09,63797
2020-06-04 09:00:00,312.77,90281
2020-06-04 10:00:00,311.53,90187
2020-06-04 11:00:00,310.5,63323
2020-06-04 12:00:00,311.51,60089
2020-06-04 13:00:00,310.15,65631
2020-06-04 14:00:00,311.31,151158
2020-06-05 08:00:00,317.65,126386
2020-06-05 09:00:00,319.15,124138
2020-06-05 10:00:00,320.32,159799
2020-06-05 11:00:00,320.13,93494
2020-06-05 12:00:00,320.07,70882
2020-06-05 13:00:00,319.7,117258
2020-06-05 14:00:00,319.28,239754
2020-06-08 08:00:00,320.79,95478
2020-06-08 09:00:00,320.73,94350
2020-06-08 10:00:00,320.85,62427
2020-06-08 11:00:00,320.84,33565
2020-06-08 12:00:00,321.76,50058
2020-06-08 13:00:00,322.07,52271
2020-06-08 14:00:00,323.25,163687
2020-06-09 08:00:00,319.76,66035
2020-06-09 09:00:00,321.37,109414
2020-06-09 10:00:00,320.62,70598
2020-06-09 11:00:00,321.42,41621
2020-06-09 12:00:00,321.97,48714
2020-06-09 13:00:00,321.71,66828
2020-06-09 14:00:00,320.81,153534
2020-06-10 08:00:00,320.29,70745
2020-06-10 09:00:00,318.7,103686
2020-06-10 10:00:00,319.71,87261
2020-06-10 11:00:00,320.23,47437
2020-06-10 12:00:00,319.95,38063
2020-06-10 13:00:00,319.93,192828
2020-06-10 14:00:00,319.01,169837
2020-06-11 08:00:00,311.65,168661
2020-06-11 09:00:00,309.1,151603
2020-06-11 10:00:00,308.01,160364
2020-06-11 11:00:00,304.23,223216
2020-06-11 12:00:00,304.72,157079
2020-06-11 13:00:00,301.77,230079
2020-06-11 14:00:00,300.59,509827
2020-06-12 08:00:00,307.63,133605
2020-06-12 09:00:00,302.68,206686
2020-06-12 10:00:00,305.22,257008
2020-06-12 11:00:00,303.79,127036
2020-06-12 12:00:00,298.88,165530
2020-06-12 13:00:00,302.1,202098
2020-06-12 14:00:00,304.27,324637
2020-06-15 08:00:00,299.96,121210
2020-06-15 09:00:00,300.93,150107
2020-06-15 10:00:00,301.92,113922
2020-06-15 11:00:00,304.37,87556
2020-06-15 12:00:00,304.06,87868
2020-06-15 13:00:00,306.73,217276
2020-06-15 14:00:00,307.03,226658
2020-06-16 08:00:00,314.54,116537
2020-06-16 09:00:00,309.44,219936
2020-06-16 10:00:00,312.26,255749
2020-06-16 11:00:00,313.48,115655
2020-06-16 12:00:00,312.69,64668
2020-06-16 13:00:00,313.07,105502
2020-06-16 14:00:00,312.93,208736
2020-06-17 08:00:00,312.66,62295
2020-06-17 09:00:00,312.82,127779
2020-06-17 10:00:00,313.1,59696
2020-06-17 11:00:00,313.54,45875
2020-06-17 12:00:00,313.68,44865
2020-06-17 13:00:00,313.06,56701
2020-06-17 14:00:00,311.56,170440
2020-06-18 08:00:00,310.78,64459
2020-06-18 09:00:00,312.21,93227
2020-06-18 10:00:00,310.92,55198
2020-06-18 11:00:00,311.39,41020
2020-06-18 12:00:00,311.85,28944
2020-06-18 13:00:00,310.53,80717
2020-06-18 14:00:00,311.74,177162
2020-06-19 08:00:00,312.96,91575
2020-06-19 09:00:00,312.28,77165
2020-06-19 10:00:00,311.69,62337
2020-06-19 11:00:00,310.42,187009
2020-06-19 12:00:00,307.89,93298
2020-06-19 13:00:00,309.42,124180
2020-06-19 14:00:00,308.58,196422
2020-06-22 08:00:00,308.51,78580
2020-06-22 09:00:00,308.16,87324
2020-06-22 10:00:00,309.1,57602
2020-06-22 11:00:00,310.5,58884
2020-06-22 12:00:00,310.45,37271
2020-06-22 13:00:00,310.96,55192
2020-06-22 14:00:00,310.66,155555
2020-06-23 08:00:00,312.98,56390
2020-06-23 09:00:00,312.78,76079
2020-06-23 10:00:00,313.82,59487
2020-06-23 11:00:00,313.67,38776
2020-06-23 12:00:00,314.18,49232
2020-06-23 13:00:00,313.36,50717
2020-06-23 14:00:00,312.03,164451
2020-06-24 08:00:00,307.75,78313
2020-06-24 09:00:00,306.48,141147
2020-06-24 10:00:00,303.46,215228
2020-06-24 11:00:00,305.24,124971
2020-06-24 12:00:00,303.86,86598
2020-06-24 13:00:00,303.7,98942
2020-06-24 14:00:00,304.11,264564
2020-06-25 08:00:00,302.98,91384
2020-06-25 09:00:00,303.96,120873
2020-06-25 10:00:00,303.84,91632
2020-06-25 11:00:00,304.66,67018
2020-06-25 12:00:00,304.57,46404
2020-06-25 13:00:00,304.27,58108
2020-06-25 14:00:00,307.27,196924
2020-06-26 08:00:00,305.23,69092
2020-06-26 09:00:00,301.51,191444
2020-06-26 10:00:00,302.6,106594
2020-06-26 11:00:00,301.83,80431
2020-06-26 12:00:00,301.79,61764
2020-06-26 13:00:00,300.47,125893
2020-06-26 14:00:00,300.01,280464
2020-06-29 08:00:00,300.59,90771
2020-06-29 09:00:00,302.58,114841
2020-06-29 10:00:00,302.69,67207
2020-06-29 11:00:00,303.35,47815
2020-06-29 12:00:00,303.63,39552
2020-06-29 13:00:00,302.93,52550
2020-06-29 14:00:00,304.43,149265
2020-06-30 08:00:00,304.79,64920
2020-06-30 09:00:00,306.56,101948
2020-06-30 10:00:00,306.79,65325
2020-06-30 11:00:00,306.31,68738
2020-06-30 12:00:00,306.52,46351
2020-06-30 13:00:00,307.42,63428
2020-06-30 14:00:00,308.72,326576
2020-07-01 08:00:00,309.81,75130
2020-07-01 09:00:00,310.6,92639
2020-07-01 10:00:00,310.26,62858
2020-07-01 11:00:00,310.78,62496
2020-07-01 12:00:00,310.74,37215
2020-07-01 13:00:00,310.91,51236
2020-07-01 14:00:00,310.58,129093
2020-07-02 08:00:00,315.37,67982
2020-07-02 09:00:00,312.91,100670
2020-07-02 10:00:00,313.61,61968
2020-07-02 11:00:00,313.71,40755
2020-07-02 12:00:00,313.76,39267
2020-07-02 13:00:00,314.09,50049
2020-07-02 14:00:00,312.18,153625
2020-07-06 08:00:00,316.72,51829
2020-07-06 09:00:00,316.9,83138
2020-07-06 10:00:00,316.44,44605
2020-07-06 11:00:00,316.48,33289
2020-07-06 12:00:00,316.63,30344
2020-07-06 13:00:00,315.99,44347
2020-07-06 14:00:00,316.99,127236
2020-07-07 08:00:00,315.99,78209
2020-07-07 09:00:00,316.83,72393
2020-07-07 10:00:00,316.73,46397
2020-07-07 11:00:00,316.37,40999
2020-07-07 12:00:00,316.2,50813
2020-07-07 13:00:00,315.53,97107
2020-07-07 14:00:00,313.71,213059
2020-07-08 08:00:00,316.1,50676
2020-07-08 09:00:00,315.39,55156
2020-07-08 10:00:00,314.14,82673
2020-07-08 11:00:00,314.92,40122
2020-07-08 12:00:00,313.86,40630
2020-07-08 13:00:00,314.57,43079
2020-07-08 14:00:00,316.13,111604
2020-07-09 08:00:00,316.1,53589
2020-07-09 09:00:00,311.94,125165
2020-07-09 10:00:00,312.24,147396
2020-07-09 11:00:00,313.51,73584
2020-07-09 12:00:00,313.39,51871
2020-07-09 13:00:00,314.88,43800
2020-07-09 14:00:00,314.42,152096
2020-07-10 08:00:00,314.01,58291
2020-07-10 09:00:00,315.1,85633
2020-07-10 10:00:00,315.85,47821
2020-07-10 11:00:00,315.83,47063
2020-07-10 12:00:00,316.51,38592
2020-07-10 13:00:00,316.92,42922
2020-07-10 14:00:00,317.64,116252
2020-07-13 08:00:00,319.59,55194
2020-07-13 09:00:00,321.65,81743
2020-07-13 10:00:00,321.72,66774
2020-07-13 11:00:00,321.65,44969
2020-07-13 12:00:00,321.92,49265
2020-07-13 13:00:00,320.41,125976
2020-07-13 14:00:00,314.8,307465
2020-07-14 08:00:00,313.89,99906
2020-07-14 09:00:00,314.82,123973
2020-07-14 10:00:00,316.0,80612
2020-07-14 11:00:00,315.31,47435
2020-07-14 12:00:00,316.34,66595
2020-07-14 13:00:00,317.4,85745
2020-07-14 14:00:00,318.9,200617
2020-07-15 08:00:00,321.88,91514
2020-07-15 09:00:00,322.24,94221
2020-07-15 10:00:00,319.75,103869
2020-07-15 11:00:00,321.07,77811
2020-07-15 12:00:00,321.1,46027
2020-07-15 13:00:00,320.92,72764
2020-07-15 14:00:00,321.87,141241
2020-07-16 08:00:00,319.73,64095
2020-07-16 09:00:00,319.88,76275
2020-07-16 10:00:00,319.8,54230
2020-07-16 11:00:00,319.7,32408
2020-07-16 12:00:00,319.93,34075
2020-07-16 13:00:00,319.38,42660
2020-07-16 14:00:00,320.81,116874
2020-07-17 08:00:00,321.31,39708
2020-07-17 09:00:00,321.01,66700
2020-07-17 10:00:00,321.39,35922
2020-07-17 11:00:00,321.21,27247
2020-07-17 12:00:00,321.24,33587
2020-07-17 13:00:00,322.01,52660
2020-07-17 14:00:00,321.67,129399
2020-07-20 08:00:00,321.13,58159
2020-07-20 09:00:00,322.49,68088
2020-07-20 10:00:00,322.86,32383
2020-07-20 11:00:00,323.02,32722
2020-07-20 12:00:00,323.71,34345
2020-07-20 13:00:00,323.78,36302
2020-07-20 14:00:00,324.34,123654
2020-07-21 08:00:00,326.71,64528
2020-07-21 09:00:00,326.4,76354
2020-07-21 10:00:00,326.01,45208
2020-07-21 11:00:00,326.29,33012
2020-07-21 12:00:00,326.52,27215
2020-07-21 13:00:00,326.42,29889
2020-07-21 14:00:00,324.96,146798
2020-07-22 08:00:00,325.71,50728
2020-07-22 09:00:00,325.2,49460
2020-07-22 10:00:00,325.6,36711
2020-07-22 11:00:00,325.87,30889
2020-07-22 12:00:00,324.77,31341
2020-07-22 13:00:00,325.76,47434
2020-07-22 14:00:00,326.82,135005
2020-07-23 08:00:00,326.99,43544
2020-07-23 09:00:00,326.26,62755
2020-07-23 10:00:00,326.64,43654
2020-07-23 11:00:00,325.27,61804
2020-07-23 12:00:00,323.57,72358
2020-07-23 13:00:00,322.95,118516
2020-07-23 14:00:00,322.93,171901
2020-07-24 08:00:00,320.6,76888
2020-07-24 09:00:00,321.78,86742
2020-07-24 10:00:00,321.33,50868
2020-07-24 11:00:00,320.25,50732
2020-07-24 12:00:00,320.54,54665
2020-07-24 13:00:00,320.79,48018
2020-07-24 14:00:00,320.85,113335
2020-07-27 08:00:00,322.62,50208
2020-07-27 09:00:00,322.6,57337
2020-07-27 10:00:00,321.9,39494
2020-07-27 11:00:00,322.37,21685
2020-07-27 12:00:00,322.49,21919
2020-07-27 13:00:00,322.38,33155
2020-07-27 14:00:00,323.19,93872
2020-07-28 08:00:00,321.89,38880
2020-07-28 09:00:00,322.81,48653
2020-07-28 10:00:00,322.93,42365
2020-07-28 11:00:00,323.02,30810
2020-07-28 12:00:00,323.52,29355
2020-07-28 13:00:00,323.0,39451
2020-07-28 14:00:00,321.19,127891
2020-07-29 08:00:00,322.81,30293
2020-07-29 09:00:00,323.75,34809
2020-07-29 10:00:00,323.67,35958
2020-07-29 11:00:00,323.96,31238
2020-07-29 12:00:00,324.03,22938
2020-07-29 13:00:00,324.54,58813
2020-07-29 14:00:00,325.09,125840
2020-07-30 08:00:00,320.13,60308
2020-07-30 09:00:00,321.4,96161
2020-07-30 10:00:00,322.73,59348
2020-07-30 11:00:00,323.57,47525
2020-07-30 12:00:00,323.72,44514
2020-07-30 13:00:00,323.92,46461
2020-07-30 14:00:00,323.98,86655
2020-07-31 08:00:00,324.74,61273
2020-07-31 09:00:00,323.3,86345
2020-07-31 10:00:00,323.24,63437
2020-07-31 11:00:00,321.71,62529
2020-07-31 12:00:00,322.58,39095
2020-07-31 13:00:00,323.88,57071
2020-07-31 14:00:00,326.53,193530
2020-08-03 08:00:00,328.35,43968
2020-08-03 09:00:00,328.22,62951
2020-08-03 10:00:00,329.06,38712
2020-08-03 11:00:00,328.9,27734
2020-08-03 12:00:00,329.08,22637
2020-08-03 13:00:00,329.47,41346
2020-08-03 14:00:00,328.76,106061
2020-08-04 08:00:00,328.65,37642
2020-08-04 09:00:00,329.37,51708
2020-08-04 10:00:00,329.43,34083
2020-08-04 11:00:00,328.93,29010
2020-08-04 12:00:00,329.34,22849
2020-08-04 13:00:00,328.99,44767
2020-08-04 14:00:00,330.02,75537
2020-08-05 08:00:00,331.88,34493
2020-08-05 09:00:00,331.85,47963
2020-08-05 10:00:00,331.64,36520
2020-08-05 11:00:00,331.82,23669
2020-08-05 12:00:00,331.88,19997
2020-08-05 13:00:00,331.88,26464
2020-08-05 14:00:00,332.08,89757
2020-08-06 08:00:00,332.28,36237
2020-08-06 09:00:00,331.75,45174
2020-08-06 10:00:00,331.66,34175
2020-08-06 11:00:00,332.42,28761
2020-08-06 12:00:00,332.81,21660
2020-08-06 13:00:00,334.0,46616
2020-08-06 14:00:00,334.31,112787
2020-08-07 08:00:00,333.92,40529
2020-08-07 09:00:00,334.38,49529
2020-08-07 10:00:00,333.55,37717
2020-08-07 11:00:00,333.86,33433
2020-08-07 12:00:00,333.02,53545
2020-08-07 13:00:00,333.29,64121
2020-08-07 14:00:00,334.55,139692
2020-08-10 08:00:00,335.11,34741
2020-08-10 09:00:00,333.2,58478
2020-08-10 10:00:00,334.92,43914
2020-08-10 11:00:00,335.14,27792
2020-08-10 12:00:00,335.09,27307
2020-08-10 13:00:00,335.48,33475
2020-08-10 14:00:00,335.55,82880
2020-08-11 08:00:00,336.4,51525
2020-08-11 09:00:00,336.65,58653
2020-08-11 10:00:00,336.62,43086
2020-08-11 11:00:00,337.0,35041
2020-08-11 12:00:00,337.22,33690
2020-08-11 13:00:00,336.32,56323
2020-08-11 14:00:00,332.82,212694
2020-08-12 08:00:00,336.39,49879
2020-08-12 09:00:00,337.27,52163
2020-08-12 10:00:00,337.23,39295
2020-08-12 11:00:00,337.07,36062
2020-08-12 12:00:00,337.89,39065
2020-08-12 13:00:00,337.87,40078
2020-08-12 14:00:00,337.42,118561
2020-08-13 08:00:00,337.91,36038
2020-08-13 09:00:00,337.82,33178
2020-08-13 10:00:00,337.68,26116
2020-08-13 11:00:00,338.11,19679
2020-08-13 12:00:00,337.6,39081
2020-08-13 13:00:00,336.25,67375
2020-08-13 14:00:00,336.85,82018
2020-08-14 08:00:00,336.66,30516
2020-08-14 09:00:00,336.55,38275
2020-08-14 10:00:00,337.1,27119
2020-08-14 11:00:00,336.98,22708
2020-08-14 12:00:00,337.42,16789
2020-08-14 13:00:00,336.57,31554
2020-08-14 14:00:00,336.86,108015
2020-08-17 08:00:00,337.89,31916
2020-08-17 09:00:00,338.02,36468
2020-08-17 10:00:00,338.01,24523
2020-08-17 11:00:00,338.13,16621
2020-08-17 12:00:00,338.06,14531
2020-08-17 13:00:00,337.92,32958
2020-08-17 14:00:00,337.87,72167
2020-08-18 08:00:00,338.4,33955
2020-08-18 09:00:00,337.77,52377
2020-08-18 10:00:00,338.38,29381
2020-08-18 11:00:00,338.72,20844
2020-08-18 12:00:00,338.73,17144
2020-08-18 13:00:00,338.87,21903
2020-08-18 14:00:00,338.61,79973
2020-08-19 08:00:00,338.78,26851
2020-08-19 09:00:00,339.24,37370
2020-08-19 10:00:00,339.5,39585
2020-08-19 11:00:00,339.18,16699
2020-08-19 12:00:00,339.37,15831
2020-08-19 13:00:00,338.63,110102
2020-08-19 14:00:00,337.22,201830
2020-08-20 08:00:00,336.74,50864
2020-08-20 09:00:00,337.16,51907
2020-08-20 10:00:00,337.69,30227
2020-08-20 11:00:00,337.32,25890
2020-08-20 12:00:00,337.58,18968
2020-08-20 13:00:00,338.22,32993
2020-08-20 14:00:00,338.25,102033
2020-08-21 08:00:00,338.62,47349
2020-08-21 09:00:00,338.63,50695
2020-08-21 10:00:00,337.97,36068
2020-08-21 11:00:00,338.57,21872
2020-08-21 12:00:00,338.85,21818
2020-08-21 13:00:00,339.35,35946
2020-08-21 14:00:00,339.44,104029
2020-08-24 08:00:00,341.88,52604
2020-08-24 09:00:00,341.31,61258
2020-08-24 10:00:00,341.77,25277
2020-08-24 11:00:00,341.69,17808
2020-08-24 12:00:00,341.77,22838
2020-08-24 13:00:00,341.51,25221
2020-08-24 14:00:00,342.94,91428
2020-08-25 08:00:00,343.35,39463
2020-08-25 09:00:00,342.75,57062
2020-08-25 10:00:00,342.71,34095
2020-08-25 11:00:00,343.06,20434
2020-08-25 12:00:00,343.19,16698
2020-08-25 13:00:00,343.74,29967
2020-08-25 14:00:00,344.1,78161
2020-08-26 08:00:00,344.66,34158
2020-08-26 09:00:00,345.24,43728
2020-08-26 10:00:00,346.0,35965
2020-08-26 11:00:00,346.61,52309
2020-08-26 12:00:00,347.02,41454
2020-08-26 13:00:00,346.53,58770
2020-08-26 14:00:00,347.56,93273
2020-08-27 08:00:00,349.26,55560
2020-08-27 09:00:00,349.54,68507
2020-08-27 10:00:00,349.54,50683
2020-08-27 11:00:00,347.02,73827
2020-08-27 12:00:00,348.66,49716
2020-08-27 13:00:00,349.12,41435
2020-08-27 14:00:00,348.29,93827
2020-08-28 08:00:00,349.29,36538
2020-08-28 09:00:00,348.4,53822
2020-08-28 10:00:00,349.3,29887
2020-08-28 11:00:00,349.67,22286
2020-08-28 12:00:00,349.25,30306
2020-08-28 13:00:00,349.78,38058
2020-08-28 14:00:00,350.56,108458
2020-08-31 08:00:00,350.03,48474
2020-08-31 09:00:00,350.63,48392
2020-08-31 10:00:00,350.14,57915
2020-08-31 11:00:00,350.51,29992
2020-08-31 12:00:00,350.62,30884
2020-08-31 13:00:00,350.78,41836
2020-08-31 14:00:00,349.63,129671
2020-09-01 08:00:00,350.47,58031
2020-09-01 09:00:00,350.66,74402
2020-09-01 10:00:00,350.76,45493
2020-09-01 11:00:00,351.21,19674
2020-09-01 12:00:00,351.32,25440
2020-09-01 13:00:00,351.84,37560
2020-09-01 14:00:00,352.57,98105
2020-09-02 08:00:00,353.75,69289
2020-09-02 09:00:00,354.89,75710
2020-09-02 10:00:00,354.79,58127
2020-09-02 11:00:00,355.58,46141
2020-09-02 12:00:00,356.43,42231
2020-09-02 13:00:00,356.75,51850
2020-09-02 14:00:00,357.7,192076
2020-09-03 08:00:00,355.8,65431
2020-09-03 09:00:00,351.32,166575
2020-09-03 10:00:00,348.05,256033
2020-09-03 11:00:00,345.66,121234
2020-09-03 12:00:00,345.58,119463
2020-09-03 13:00:00,344.0,113607
2020-09-03 14:00:00,345.42,270388
2020-09-04 08:00:00,343.56,110028
2020-09-04 09:00:00,338.42,233099
2020-09-04 10:00:00,339.21,123856
2020-09-04 11:00:00,340.91,103832
2020-09-04 12:00:00,340.36,77568
2020-09-04 13:00:00,344.55,84527
2020-09-04 14:00:00,342.59,224410
2020-09-08 08:00:00,336.7,122503
2020-09-08 09:00:00,335.85,131670
2020-09-08 10:00:00,335.49,80888
2020-09-08 11:00:00,336.77,59389
2020-09-08 12:00:00,337.17,51849
2020-09-08 13:00:00,334.5,97047
2020-09-08 14:00:00,333.25,237891
2020-09-09 08:00:00,338.16,92742
2020-09-09 09:00:00,339.37,136785
2020-09-09 10:00:00,340.25,57879
2020-09-09 11:00:00,341.15,37111
2020-09-09 12:00:00,341.14,58766
2020-09-09 13:00:00,341.68,55086
2020-09-09 14:00:00,339.77,189860
2020-09-10 08:00:00,341.61,46027
2020-09-10 09:00:00,338.8,106155
2020-09-10 10:00:00,339.43,94192
2020-09-10 11:00:00,338.51,60598
2020-09-10 12:00:00,337.78,46645
2020-09-10 13:00:00,336.02,126587
2020-09-10 14:00:00,333.91,203133
2020-09-11 08:00:00,334.18,60312
2020-09-11 09:00:00,335.62,96856
2020-09-11 10:00:00,334.8,61198
2020-09-11 11:00:00,333.14,57238
2020-09-11 12:00:00,331.48,95832
2020-09-11 13:00:00,333.62,78761
2020-09-11 14:00:00,334.07,138141
2020-09-14 08:00:00,338.94,51083
2020-09-14 09:00:00,339.69,68425
2020-09-14 10:00:00,339.81,36096
2020-09-14 11:00:00,339.58,32606
2020-09-14 12:00:00,338.9,46789
2020-09-14 13:00:00,338.68,46310
2020-09-14 14:00:00,338.42,150302
2020-09-15 08:00:00,341.61,42414
2020-09-15 09:00:00,341.52,57026
2020-09-15 10:00:00,341.31,51054
2020-09-15 11:00:00,341.69,25695
2020-09-15 12:00:00,341.17,30400
2020-09-15 13:00:00,340.85,40983
2020-09-15 14:00:00,340.16,125181
2020-09-16 08:00:00,341.42,34410
2020-09-16 09:00:00,341.06,55903
2020-09-16 10:00:00,341.67,50982
2020-09-16 11:00:00,341.19,35241
2020-09-16 12:00:00,341.15,38840
2020-09-16 13:00:00,341.56,113956
2020-09-16 14:00:00,338.81,210669
2020-09-17 08:00:00,335.16,78196
2020-09-17 09:00:00,336.32,102343
2020-09-17 10:00:00,335.19,79961
2020-09-17 11:00:00,334.52,101186
2020-09-17 12:00:00,334.38,62591
2020-09-17 13:00:00,334.02,54768
2020-09-17 14:00:00,335.86,149233
2020-09-18 08:00:00,333.91,71602
2020-09-18 09:00:00,332.78,80546
2020-09-18 10:00:00,333.0,80363
2020-09-18 11:00:00,330.91,69650
2020-09-18 12:00:00,329.96,109773
2020-09-18 13:00:00,330.53,76848
2020-09-18 14:00:00,330.67,138675
2020-09-21 08:00:00,325.24,91779
2020-09-21 09:00:00,322.7,125405
2020-09-21 10:00:00,323.62,89289
2020-09-21 11:00:00,323.27,61728
2020-09-21 12:00:00,323.64,69087
2020-09-21 13:00:00,323.41,83450
2020-09-21 14:00:00,327.01,180694
2020-09-22 08:00:00,327.47,59392
2020-09-22 09:00:00,326.32,74472
2020-09-22 10:00:00,327.62,52539
2020-09-22 11:00:00,327.31,30705
2020-09-22 12:00:00,329.08,39687
2020-09-22 13:00:00,329.18,55433
2020-09-22 14:00:00,330.33,126415
2020-09-23 08:00:00,329.83,44366
2020-09-23 09:00:00,329.08,63955
2020-09-23 10:00:00,327.51,56426
2020-09-23 11:00:00,328.66,49900
2020-09-23 12:00:00,326.99,45691
2020-09-23 13:00:00,323.64,119495
2020-09-23 14:00:00,322.66,250179
2020-09-24 08:00:00,322.19,93784
2020-09-24 09:00:00,323.15,118097
2020-09-24 10:00:00,324.52,61245
2020-09-24 11:00:00,325.09,64565
2020-09-24 12:00:00,325.78,63498
2020-09-24 13:00:00,322.96,75594
2020-09-24 14:00:00,323.51,139410
2020-09-25 08:00:00,323.52,59920
2020-09-25 09:00:00,324.82,93114
2020-09-25 10:00:00,324.33,53694
2020-09-25 11:00:00,325.68,38563
2020-09-25 12:00:00,326.92,52274
2020-09-25 13:00:00,328.09,51405
2020-09-25 14:00:00,328.71,156184
2020-09-28 08:00:00,332.76,56206
2020-09-28 09:00:00,333.1,79259
2020-09-28 10:00:00,333.7,47788
2020-09-28 11:00:00,334.19,37473
2020-09-28 12:00:00,334.63,32009
2020-09-28 13:00:00,334.73,41046
2020-09-28 14:00:00,334.18,132558
2020-09-29 08:00:00,333.88,31861
2020-09-29 09:00:00,332.95,72938
2020-09-29 10:00:00,332.15,54724
2020-09-29 11:00:00,332.69,36481
2020-09-29 12:00:00,333.26,38436
2020-09-29 13:00:00,333.33,39944
2020-09-29 14:00:00,332.38,92671
2020-09-30 08:00:00,335.07,43607
2020-09-30 09:00:00,335.88,79349
2020-09-30 10:00:00,336.86,65397
2020-09-30 11:00:00,337.07,43146
2020-09-30 12:00:00,337.5,40133
2020-09-30 13:00:00,335.88,143825
2020-09-30 14:00:00,334.89,232744
2020-10-01 08:00:00,336.76,70706
2020-10-01 09:00:00,336.68,80142
2020-10-01 10:00:00,337.2,58967
2020-10-01 11:00:00,337.17,52169
2020-10-01 12:00:00,336.25,45114
2020-10-01 13:00:00,336.95,99789
2020-10-01 14:00:00,337.02,106028
2020-10-02 08:00:00,334.03,99444
2020-10-02 09:00:00,334.52,80784
2020-10-02 10:00:00,332.79,71251
2020-10-02 11:00:00,335.42,126504
2020-10-02 12:00:00,334.5,71776
2020-10-02 13:00:00,335.21,62551
2020-10-02 14:00:00,333.86,134001
2020-10-05 08:00:00,336.58,37539
2020-10-05 09:00:00,338.25,54151
2020-10-05 10:00:00,338.43,34667
2020-10-05 11:00:00,338.62,18391
2020-10-05 12:00:00,337.85,30034
2020-10-05 13:00:00,339.17,49299
2020-10-05 14:00:00,339.73,122505
2020-10-06 08:00:00,339.41,40628
2020-10-06 09:00:00,339.92,65453
2020-10-06 10:00:00,338.91,51028
2020-10-06 11:00:00,340.31,29987
2020-10-06 12:00:00,340.45,35236
2020-10-06 13:00:00,337.03,182732
2020-10-06 14:00:00,334.94,291681
2020-10-07 08:00:00,339.0,44994
2020-10-07 09:00:00,339.48,46733
2020-10-07 10:00:00,339.39,29789
2020-10-07 11:00:00,339.58,28897
2020-10-07 12:00:00,340.38,43515
2020-10-07 13:00:00,341.24,56958
2020-10-07 14:00:00,340.73,107490
2020-10-08 08:00:00,343.15,39301
2020-10-08 09:00:00,343.0,57461
2020-10-08 10:00:00,342.43,51614
2020-10-08 11:00:00,343.32,28872
2020-10-08 12:00:00,342.91,19617
2020-10-08 13:00:00,343.5,37423
2020-10-08 14:00:00,343.74,83531
2020-10-09 08:00:00,345.55,45195
2020-10-09 09:00:00,345.56,50412
2020-10-09 10:00:00,346.97,74063
2020-10-09 11:00:00,346.67,57595
2020-10-09 12:00:00,346.91,26088
2020-10-09 13:00:00,346.36,46912
2020-10-09 14:00:00,346.83,91862
2020-10-12 08:00:00,349.41,37818
2020-10-12 09:00:00,350.71,52093
2020-10-12 10:00:00,351.72,53336
2020-10-12 11:00:00,352.83,51309
2020-10-12 12:00:00,353.31,50259
2020-10-12 13:00:00,353.51,52852
2020-10-12 14:00:00,352.43,165112
2020-10-13 08:00:00,351.84,51981
2020-10-13 09:00:00,351.37,83676
2020-10-13 10:00:00,351.45,79268
2020-10-13 11:00:00,351.33,35252
2020-10-13 12:00:00,349.95,47424
2020-10-13 13:00:00,350.03,68578
2020-10-13 14:00:00,350.15,79748
2020-10-14 08:00:00,351.73,31865
2020-10-14 09:00:00,350.67,55138
2020-10-14 10:00:00,348.18,71345
2020-10-14 11:00:00,347.99,66738
2020-10-14 12:00:00,348.11,43073
2020-10-14 13:00:00,348.14,52438
2020-10-14 14:00:00,347.97,97476
2020-10-15 08:00:00,345.65,66094
2020-10-15 09:00:00,344.75,78410
2020-10-15 10:00:00,345.57,56986
2020-10-15 11:00:00,345.87,45202
2020-10-15 12:00:00,346.51,33454
2020-10-15 13:00:00,346.92,48240
2020-10-15 14:00:00,347.5,132242
2020-10-16 08:00:00,349.13,40159
2020-10-16 09:00:00,349.89,72184
2020-10-16 10:00:00,349.44,53523
2020-10-16 11:00:00,349.0,40714
2020-10-16 12:00:00,349.25,21947
2020-10-16 13:00:00,349.89,46310
2020-10-16 14:00:00,347.26,131513
2020-10-19 08:00:00,348.49,32022
2020-10-19 09:00:00,347.13,65735
2020-10-19 10:00:00,346.25,42546
2020-10-19 11:00:00,346.16,32010
2020-10-19 12:00:00,344.84,35457
2020-10-19 13:00:00,342.25,91557
2020-10-19 14:00:00,342.01,194355
2020-10-20 08:00:00,344.84,47388
2020-10-20 09:00:00,343.58,48367
2020-10-20 10:00:00,344.16,42922
2020-10-20 11:00:00,345.08,59351
2020-10-20 12:00:00,345.74,59574
2020-10-20 13:00:00,345.05,51231
2020-10-20 14:00:00,343.37,152013
2020-10-21 08:00:00,345.39,38494
2020-10-21 09:00:00,344.05,45441
2020-10-21 10:00:00,343.13,77564
2020-10-21 11:00:00,342.78,88510
2020-10-21 12:00:00,343.53,47179
2020-10-21 13:00:00,344.91,50587
2020-10-21 14:00:00,342.67,135373
2020-10-22 08:00:00,343.43,31586
2020-10-22 09:00:00,342.24,89388
2020-10-22 10:00:00,342.3,60646
2020-10-22 11:00:00,343.12,33953
2020-10-22 12:00:00,344.33,58188
2020-10-22 13:00:00,344.45,40432
2020-10-22 14:00:00,344.62,92016
2020-10-23 08:00:00,345.35,39819
2020-10-23 09:00:00,344.71,44491
2020-10-23 10:00:00,344.15,46111
2020-10-23 11:00:00,343.41,49330
2020-10-23 12:00:00,344.48,31960
2020-10-23 13:00:00,344.72,34683
2020-10-23 14:00:00,345.74,87532
2020-10-26 08:00:00,342.53,51459
2020-10-26 09:00:00,339.65,99905
2020-10-26 10:00:00,338.63,120120
2020-10-26 11:00:00,337.5,74317
2020-10-26 12:00:00,337.39,96572
2020-10-26 13:00:00,338.18,84185
2020-10-26 14:00:00,339.42,156243
2020-10-27 08:00:00,339.69,46714
2020-10-27 09:00:00,338.78,74349
2020-10-27 10:00:00,339.76,52869
2020-10-27 11:00:00,339.01,42163
2020-10-27 12:00:00,339.66,42403
2020-10-27 13:00:00,338.56,45900
2020-10-27 14:00:00,338.25,136094
2020-10-28 08:00:00,331.3,96128
2020-10-28 09:00:00,328.57,175236
2020-10-28 10:00:00,329.69,128812
2020-10-28 11:00:00,328.41,81435
2020-10-28 12:00:00,328.75,82300
2020-10-28 13:00:00,328.78,104376
2020-10-28 14:00:00,326.71,246082
2020-10-29 08:00:00,327.83,102933
2020-10-29 09:00:00,329.22,109403
2020-10-29 10:00:00,328.43,73392
2020-10-29 11:00:00,329.2,42640
2020-10-29 12:00:00,331.49,60296
2020-10-29 13:00:00,332.09,107957
2020-10-29 14:00:00,329.99,130221
2020-10-30 08:00:00,327.98,69758
2020-10-30 09:00:00,323.24,149173
2020-10-30 10:00:00,324.84,110203
2020-10-30 11:00:00,324.95,70343
2020-10-30 12:00:00,324.5,68390
2020-10-30 13:00:00,323.66,107565
2020-10-30 14:00:00,326.78,240486
2020-11-02 08:00:00,330.76,70450
2020-11-02 09:00:00,330.22,90077
2020-11-02 10:00:00,330.51,66728
2020-11-02 11:00:00,329.31,55096
2020-11-02 12:00:00,327.41,69534
2020-11-02 13:00:00,329.44,83583
2020-11-02 14:00:00,330.2,161827
2020-11-03 08:00:00,335.38,56945
2020-11-03 09:00:00,337.88,120187
2020-11-03 10:00:00,336.91,72123
2020-11-03 11:00:00,336.27,52693
2020-11-03 12:00:00,335.03,56680
2020-11-03 13:00:00,336.35,73101
2020-11-03 14:00:00,335.98,211068
2020-11-04 08:00:00,342.5,132308
2020-11-04 09:00:00,345.85,166731
2020-11-04 10:00:00,346.67,87279
2020-11-04 11:00:00,346.76,79058
2020-11-04 12:00:00,345.85,77491
2020-11-04 13:00:00,345.32,92899
2020-11-04 14:00:00,343.5,230859
2020-11-05 08:00:00,349.85,102348
2020-11-05 09:00:00,351.66,105671
2020-11-05 10:00:00,350.27,60366
2020-11-05 11:00:00,350.5,58520
2020-11-05 12:00:00,351.15,47074
2020-11-05 13:00:00,351.72,69548
2020-11-05 14:00:00,350.21,155084
2020-11-06 08:00:00,348.26,53844
2020-11-06 09:00:00,348.89,62404
2020-11-06 10:00:00,350.37,60886
2020-11-06 11:00:00,350.11,41870
2020-11-06 12:00:00,350.47,27544
2020-11-06 13:00:00,349.99,39779
2020-11-06 14:00:00,350.19,142589
2020-11-09 08:00:00,360.54,214308
2020-11-09 09:00:00,360.35,180769
2020-11-09 10:00:00,359.67,99992
2020-11-09 11:00:00,361.48,114540
2020-11-09 12:00:00,361.15,65879
2020-11-09 13:00:00,359.65,90507
2020-11-09 14:00:00,354.54,247794
2020-11-10 08:00:00,353.56,74147
2020-11-10 09:00:00,351.67,99867
2020-11-10 10:00:00,353.58,73362
2020-11-10 11:00:00,354.27,58555
2020-11-10 12:00:00,354.08,59512
2020-11-10 13:00:00,353.99,89336
2020-11-10 14:00:00,354.06,138092
2020-11-11 08:00:00,355.3,53900
2020-11-11 09:00:00,356.0,51511
2020-11-11 10:00:00,356.9,36260
2020-11-11 11:00:00,357.1,27121
2020-11-11 12:00:00,356.7,36023
2020-11-11 13:00:00,355.71,60816
2020-11-11 14:00:00,356.63,104481
2020-11-12 08:00:00,355.34,48683
2020-11-12 09:00:00,356.0,51405
2020-11-12 10:00:00,355.25,41775
2020-11-12 11:00:00,353.28,60207
2020-11-12 12:00:00,353.46,75267
2020-11-12 13:00:00,352.03,71648
2020-11-12 14:00:00,353.26,163440
2020-11-13 08:00:00,356.03,43363
2020-11-13 09:00:00,355.19,70091
2020-11-13 10:00:00,356.27,47888
2020-11-13 11:00:00,356.74,25574
2020-11-13 12:00:00,356.6,36048
2020-11-13 13:00:00,357.66,57157
2020-11-13 14:00:00,358.06,148891
2020-11-16 08:00:00,360.4,73815
2020-11-16 09:00:00,361.93,63426
2020-11-16 10:00:00,361.77,36972
2020-11-16 11:00:00,361.1,40060
2020-11-16 12:00:00,360.57,50724
2020-11-16 13:00:00,360.92,54823
2020-11-16 14:00:00,362.44,196329
2020-11-17 08:00:00,358.41,75522
2020-11-17 09:00:00,360.57,66197
2020-11-17 10:00:00,360.81,52615
2020-11-17 11:00:00,361.35,32130
2020-11-17 12:00:00,360.98,22495
2020-11-17 13:00:00,361.52,37217
2020-11-17 14:00:00,360.64,133979
2020-11-18 08:00:00,360.61,44352
2020-11-18 09:00:00,361.12,48680
2020-11-18 10:00:00,361.21,33590
2020-11-18 11:00:00,360.77,28008
2020-11-18 12:00:00,359.84,54392
2020-11-18 13:00:00,359.46,61906
2020-11-18 14:00:00,356.3,178097
2020-11-19 08:00:00,356.12,64339
2020-11-19 09:00:00,355.93,72989
2020-11-19 10:00:00,355.92,33210
2020-11-19 11:00:00,355.5,34347
2020-11-19 12:00:00,356.53,29696
2020-11-19 13:00:00,357.68,50806
2020-11-19 14:00:00,357.76,95194
2020-11-20 08:00:00,357.04,42072
2020-11-20 09:00:00,356.86,48718
2020-11-20 10:00:00,356.88,48807
2020-11-20 11:00:00,356.91,24006
2020-11-20 12:00:00,357.16,23132
2020-11-20 13:00:00,356.84,32989
2020-11-20 14:00:00,355.34,115109
2020-11-23 08:00:00,358.15,40649
2020-11-23 09:00:00,357.09,67832
2020-11-23 10:00:00,355.78,68443
2020-11-23 11:00:00,356.65,31031
2020-11-23 12:00:00,356.76,24641
2020-11-23 13:00:00,357.62,32871
2020-11-23 14:00:00,357.47,121622
2020-11-24 08:00:00,360.32,44670
2020-11-24 09:00:00,361.51,88354
2020-11-24 10:00:00,362.97,58956
2020-11-24 11:00:00,362.98,32950
2020-11-24 12:00:00,363.08,47262
2020-11-24 13:00:00,363.07,57551
2020-11-24 14:00:00,363.19,125650
2020-11-25 08:00:00,362.16,45513
2020-11-25 09:00:00,362.05,51350
2020-11-25 10:00:00,362.15,29070
2020-11-25 11:00:00,362.69,24273
2020-11-25 12:00:00,362.7,21043
2020-11-25 13:00:00,362.46,35919
2020-11-25 14:00:00,362.65,74627
2020-11-27 08:00:00,363.68,33280
2020-11-27 09:00:00,364.0,31758
2020-11-27 10:00:00,363.41,35602
2020-11-27 11:00:00,363.61,60905
2020-11-30 08:00:00,362.27,33660
2020-11-30 09:00:00,360.9,96672
2020-11-30 10:00:00,360.34,58640
2020-11-30 11:00:00,361.31,32398
2020-11-30 12:00:00,361.03,28692
2020-11-30 13:00:00,362.15,56424
2020-11-30 14:00:00,362.01,185045
2020-12-01 08:00:00,366.16,56424
2020-12-01 09:00:00,366.29,90342
2020-12-01 10:00:00,366.27,49726
2020-12-01 11:00:00,366.4,40111
2020-12-01 12:00:00,367.12,28566
2020-12-01 13:00:00,366.78,47426
2020-12-01 14:00:00,365.97,137001
2020-12-02 08:00:00,365.41,45659
2020-12-02 09:00:00,365.68,45968
2020-12-02 10:00:00,366.23,30746
2020-12-02 11:00:00,366.07,25571
2020-12-02 12:00:00,365.69,22091
2020-12-02 13:00:00,366.77,45972
2020-12-02 14:00:00,366.75,73314
2020-12-03 08:00:00,367.02,31202
2020-12-03 09:00:00,367.5,45095
2020-12-03 10:00:00,367.62,29538
2020-12-03 11:00:00,367.45,31129
2020-12-03 12:00:00,366.52,26841
2020-12-03 13:00:00,367.59,34380
2020-12-03 14:00:00,366.66,223226
2020-12-04 08:00:00,368.24,32232
2020-12-04 09:00:00,369.05,59268
2020-12-04 10:00:00,369.05,29362
2020-12-04 11:00:00,369.0,21405
2020-12-04 12:00:00,368.74,19888
2020-12-04 13:00:00,369.2,31525
2020-12-04 14:00:00,369.84,125510
2020-12-07 08:00:00,369.37,33639
2020-12-07 09:00:00,369.35,33205
2020-12-07 10:00:00,369.42,28358
2020-12-07 11:00:00,368.87,31343
2020-12-07 12:00:00,368.42,36479
2020-12-07 13:00:00,368.39,38703
2020-12-07 14:00:00,369.13,108366
2020-12-08 08:00:00,368.48,42281
2020-12-08 09:00:00,369.03,46333
2020-12-08 10:00:00,369.64,26461
2020-12-08 11:00:00,370.02,25775
2020-12-08 12:00:00,370.06,19277
2020-12-08 13:00:00,370.24,31380
2020-12-08 14:00:00,370.16,77982
2020-12-09 08:00:00,370.83,40181
2020-12-09 09:00:00,369.94,59950
2020-12-09 10:00:00,369.72,46061
2020-12-09 11:00:00,368.53,44959
2020-12-09 12:00:00,366.05,79906
2020-12-09 13:00:00,366.83,78010
2020-12-09 14:00:00,366.88,149549
2020-12-10 08:00:00,367.18,52960
2020-12-10 09:00:00,367.45,46685
2020-12-10 10:00:00,366.37,39695
2020-12-10 11:00:00,366.48,28843
2020-12-10 12:00:00,366.58,27455
2020-12-10 13:00:00,366.02,48422
2020-12-10 14:00:00,366.72,100341
2020-12-11 08:00:00,365.07,52514
2020-12-11 09:00:00,364.99,43837
2020-12-11 10:00:00,364.33,44522
2020-12-11 11:00:00,364.24,48204
2020-12-11 12:00:00,365.68,39549
2020-12-11 13:00:00,365.68,38332
2020-12-11 14:00:00,366.28,98300
2020-12-14 08:00:00,369.52,44652
2020-12-14 09:00:00,368.03,67022
2020-12-14 10:00:00,367.76,57599
2020-12-14 11:00:00,366.86,31859
2020-12-14 12:00:00,366.84,35392
2020-12-14 13:00:00,366.65,42727
2020-12-14 14:00:00,364.61,157916
2020-12-15 08:00:00,366.86,40721
2020-12-15 09:00:00,366.72,48403
2020-12-15 10:00:00,367.16,46659
2020-12-15 11:00:00,368.49,32035
2020-12-15 12:00:00,369.18,44118
2020-12-15 13:00:00,369.21,44107
2020-12-15 14:00:00,369.57,92573
2020-12-16 08:00:00,369.54,33168
2020-12-16 09:00:00,369.77,44101
2020-12-16 10:00:00,370.22,29107
2020-12-16 11:00:00,370.02,30956
2020-12-16 12:00:00,369.83,18688
2020-12-16 13:00:00,370.72,66593
2020-12-16 14:00:00,370.15,108130
2020-12-17 08:00:00,371.71,37869
2020-12-17 09:00:00,371.58,47095
2020-12-17 10:00:00,371.64,36412
2020-12-17 11:00:00,371.69,22191
2020-12-17 12:00:00,372.13,23320
2020-12-17 13:00:00,372.1,32855
2020-12-17 14:00:00,372.21,87921
2020-12-18 08:00:00,369.62,82318
2020-12-18 09:00:00,369.05,74154
2020-12-18 10:00:00,368.59,55440
2020-12-18 11:00:00,368.93,37133
2020-12-18 12:00:00,368.35,36908
2020-12-18 13:00:00,367.59,66227
2020-12-18 14:00:00,369.29,187999
2020-12-21 08:00:00,364.86,75870
2020-12-21 09:00:00,363.4,151643
2020-12-21 10:00:00,365.31,69810
2020-12-21 11:00:00,367.29,53590
2020-12-21 12:00:00,368.07,77790
2020-12-21 13:00:00,368.04,53616
2020-12-21 14:00:00,367.93,146131
2020-12-22 08:00:00,367.82,40360
2020-12-22 09:00:00,367.74,53422
2020-12-22 10:00:00,367.05,46382
2020-12-22 11:00:00,367.47,25680
2020-12-22 12:00:00,368.0,22416
2020-12-22 13:00:00,367.56,29673
2020-12-22 14:00:00,367.22,99347
2020-12-23 08:00:00,368.98,44089
2020-12-23 09:00:00,368.78,38358
2020-12-23 10:00:00,369.1,22720
2020-12-23 11:00:00,369.3,18534
2020-12-23 12:00:00,369.38,24004
2020-12-23 13:00:00,368.91,27799
2020-12-23 14:00:00,367.53,106276
2020-12-24 08:00:00,368.4,22854
2020-12-24 09:00:00,368.19,27170
2020-12-24 10:00:00,367.87,28544
2020-12-24 11:00:00,368.98,73274
2020-12-28 08:00:00,371.38,31290
2020-12-28 09:00:00,372.1,42695
2020-12-28 10:00:00,371.85,25695
2020-12-28 11:00:00,372.02,21802
2020-12-28 12:00:00,372.24,18188
2020-12-28 13:00:00,372.46,20799
2020-12-28 14:00:00,372.13,71921
2020-12-29 08:00:00,372.53,42495
2020-12-29 09:00:00,372.74,54154
2020-12-29 10:00:00,372.59,34321
2020-12-29 11:00:00,371.55,62149
2020-12-29 12:00:00,371.72,27789
2020-12-29 13:00:00,371.28,46988
2020-12-29 14:00:00,371.49,84571
2020-12-30 08:00:00,372.79,28731
2020-12-30 09:00:00,372.66,35935
2020-12-30 10:00:00,372.48,26447
2020-12-30 11:00:00,372.28,19886
2020-12-30 12:00:00,372.24,21982
2020-12-30 13:00:00,371.78,30090
2020-12-30 14:00:00,371.93,122997
2020-12-31 08:00:00,371.65,28407
2020-12-31 09:00:00,371.81,31020
2020-12-31 10:00:00,371.37,31836
2020-12-31 11:00:00,371.91,26355
2020-12-31 12:00:00,371.75,15286
2020-12-31 13:00:00,372.79,55088
2020-12-31 14:00:00,373.87,224847
2021-01-04 08:00:00,373.51,57311
2021-01-04 09:00:00,369.98,100077
2021-01-04 10:00:00,366.96,114323
2021-01-04 11:00:00,366.27,109650
2021-01-04 12:00:00,368.6,68479
2021-01-04 13:00:00,367.98,78206
2021-01-04 14:00:00,368.85,228946
2021-01-05 08:00:00,370.13,50428
2021-01-05 09:00:00,368.81,62734
2021-01-05 10:00:00,369.75,44758
2021-01-05 11:00:00,370.5,30011
2021-01-05 12:00:00,370.87,23474
2021-01-05 13:00:00,371.44,62489
2021-01-05 14:00:00,371.29,129679
2021-01-06 08:00:00,372.23,77742
2021-01-06 09:00:00,375.1,106815
2021-01-06 10:00:00,375.4,68904
2021-01-06 11:00:00,376.44,39265
2021-01-06 12:00:00,376.49,44258
2021-01-06 13:00:00,374.48,167406
2021-01-06 14:00:00,373.54,238740
2021-01-07 08:00:00,377.86,74647
2021-01-07 09:00:00,379.48,103659
2021-01-07 10:00:00,378.79,52662
2021-01-07 11:00:00,378.91,26683
2021-01-07 12:00:00,378.97,27415
2021-01-07 13:00:00,379.3,37305
2021-01-07 14:00:00,379.06,125691
2021-01-08 08:00:00,380.51,46667
2021-01-08 09:00:00,380.55,60814
2021-01-08 10:00:00,380.24,38465
2021-01-08 11:00:00,379.77,22801
2021-01-08 12:00:00,378.24,77000
2021-01-08 13:00:00,379.99,72400
2021-01-08 14:00:00,381.24,159790
2021-01-11 08:00:00,379.09,66563
2021-01-11 09:00:00,379.52,48833
2021-01-11 10:00:00,379.82,34499
2021-01-11 11:00:00,380.24,24427
2021-01-11 12:00:00,379.24,35945
2021-01-11 13:00:00,379.52,42498
2021-01-11 14:00:00,378.74,108194
2021-01-12 08:00:00,378.8,38850
2021-01-12 09:00:00,379.14,42842
2021-01-12 10:00:00,378.29,36271
2021-01-12 11:00:00,378.01,62972
2021-01-12 12:00:00,378.88,40683
2021-01-12 13:00:00,378.74,47840
2021-01-12 14:00:00,378.82,93940
2021-01-13 08:00:00,378.85,36409
2021-01-13 09:00:00,379.75,51449
2021-01-13 10:00:00,379.59,27569
2021-01-13 11:00:00,380.11,30786
2021-01-13 12:00:00,380.24,21871
2021-01-13 13:00:00,380.38,48565
2021-01-13 14:00:00,379.75,93242
2021-01-14 08:00:00,380.84,31283
2021-01-14 09:00:00,380.77,37417
2021-01-14 10:00:00,380.38,30058
2021-01-14 11:00:00,380.63,32865
2021-01-14 12:00:00,380.24,24431
2021-01-14 13:00:00,379.9,28115
2021-01-14 14:00:00,378.45,134185
2021-01-15 08:00:00,377.1,48486
2021-01-15 09:00:00,375.31,127596
2021-01-15 10:00:00,376.17,73225
2021-01-15 11:00:00,376.64,35725
2021-01-15 12:00:00,376.76,36137
2021-01-15 13:00:00,376.48,45412
2021-01-15 14:00:00,375.68,120290
2021-01-19 08:00:00,377.71,45743
2021-01-19 09:00:00,377.7,43301
2021-01-19 10:00:00,377.65,36676
2021-01-19 11:00:00,378.73,28932
2021-01-19 12:00:00,379.11,29010
2021-01-19 13:00:00,378.84,46320
2021-01-19 14:00:00,378.64,84821
2021-01-20 08:00:00,381.33,41129
2021-01-20 09:00:00,382.77,72465
2021-01-20 10:00:00,382.92,40252
2021-01-20 11:00:00,383.64,30768
2021-01-20 12:00:00,383.84,35888
2021-01-20 13:00:00,384.15,36340
2021-01-20 14:00:00,383.86,102818
2021-01-21 08:00:00,383.84,45009
2021-01-21 09:00:00,384.76,43312
2021-01-21 10:00:00,384.13,33035
2021-01-21 11:00:00,383.93,31585
2021-01-21 12:00:00,384.18,21468
2021-01-21 13:00:00,384.84,31531
2021-01-21 14:00:00,384.19,77318
2021-01-22 08:00:00,382.94,44284
2021-01-22 09:00:00,382.75,53555
2021-01-22 10:00:00,383.61,37065
2021-01-22 11:00:00,383.48,22460
2021-01-22 12:00:00,383.22,23788
2021-01-22 13:00:00,383.73,33613
2021-01-22 14:00:00,382.85,78214
2021-01-25 08:00:00,383.73,42770
2021-01-25 09:00:00,381.24,69859
2021-01-25 10:00:00,382.34,148801
2021-01-25 11:00:00,383.03,58878
2021-01-25 12:00:00,383.46,47504
2021-01-25 13:00:00,383.34,37558
2021-01-25 14:00:00,384.4,99779
2021-01-26 08:00:00,384.73,40818
2021-01-26 09:00:00,384.43,57509
2021-01-26 10:00:00,383.64,36327
2021-01-26 11:00:00,384.01,25578
2021-01-26 12:00:00,384.55,19993
2021-01-26 13:00:00,384.65,33263
2021-01-26 14:00:00,383.82,88140
2021-01-27 08:00:00,377.57,127016
2021-01-27 09:00:00,379.75,97667
2021-01-27 10:00:00,376.28,73091
2021-01-27 11:00:00,378.65,67092
2021-01-27 12:00:00,377.39,45767
2021-01-27 13:00:00,374.07,131651
2021-01-27 14:00:00,374.45,282747
2021-01-28 08:00:00,377.58,86722
2021-01-28 09:00:00,379.78,107302
2021-01-28 10:00:00,380.6,71930
2021-01-28 11:00:00,381.48,51839
2021-01-28 12:00:00,381.63,43800
2021-01-28 13:00:00,380.65,61914
2021-01-28 14:00:00,377.6,139446
2021-01-29 08:00:00,375.18,86285
2021-01-29 09:00:00,375.55,83574
2021-01-29 10:00:00,373.02,102301
2021-01-29 11:00:00,369.26,145045
2021-01-29 12:00:00,369.79,114704
2021-01-29 13:00:00,370.79,102156
2021-01-29 14:00:00,370.08,256100
2021-02-01 08:00:00,372.61,75138
2021-02-01 09:00:00,372.84,77213
2021-02-01 10:00:00,375.13,74573
2021-02-01 11:00:00,376.46,44194
2021-02-01 12:00:00,376.43,32111
2021-02-01 13:00:00,376.89,42130
2021-02-01 14:00:00,376.2,130337
2021-02-02 08:00:00,380.87,60552
2021-02-02 09:00:00,382.08,79702
2021-02-02 10:00:00,383.03,46726
2021-02-02 11:00:00,382.99,31128
2021-02-02 12:00:00,382.63,29761
2021-02-02 13:00:00,383.12,36773
2021-02-02 14:00:00,381.54,143450
2021-02-03 08:00:00,382.89,53918
2021-02-03 09:00:00,381.65,69230
2021-02-03 10:00:00,382.69,31747
2021-02-03 11:00:00,382.88,25400
2021-02-03 12:00:00,383.31,25412
2021-02-03 13:00:00,383.02,45507
2021-02-03 14:00:00,381.86,91492
2021-02-04 08:00:00,383.9,43208
2021-02-04 09:00:00,384.28,62222
2021-02-04 10:00:00,384.58,28017
2021-02-04 11:00:00,384.75,22645
2021-02-04 12:00:00,385.19,21761
2021-02-04 13:00:00,385.34,30714
2021-02-04 14:00:00,386.18,83912
2021-02-05 08:00:00,387.14,43456
2021-02-05 09:00:00,387.69,56217
2021-02-05 10:00:00,387.32,30790
2021-02-05 11:00:00,388.44,24748
2021-02-05 12:00:00,387.59,24953
2021-02-05 13:00:00,387.51,25677
2021-02-05 14:00:00,387.69,77796
2021-02-08 08:00:00,389.63,37198
2021-02-08 09:00:00,389.55,38965
2021-02-08 10:00:00,388.89,39322
2021-02-08 11:00:00,389.03,22696
2021-02-08 12:00:00,388.8,29164
2021-02-08 13:00:00,389.33,21826
2021-02-08 14:00:00,390.53,63519
